Player,Class,Pos,School,weight,FT,IN,Height_IN,fty_dash,fty_pct_given_mass,Vertical,vrt_pct_given_mass,Bench,bch_pct_given_mass,broad_jump,bj_pct_given_mass,three_cone,three_pct_given_mass,Shuttle,shud_pct_given_mass,RAS
Marcus McKethan,2022,OG,North Carolina,340,6,7,79,5.31,1.362671256,27.5,1.27305039,27,2.06453811,110,1.436061808,7.81,1.631656694,4.99,1.714526971,9.48250523
Nick Zakelj,2022,OT,Fordham,316,6,6,78,5.13,1.294326754,28.5,1.210691344,27,1.894517325,110,1.317797895,7.75,1.485782137,4.71,1.48504755,8.688163005
Cole Strange,2022,OG,Tennessee-Chattanooga,307,6,5,77,5.03,1.266020458,28,1.140759316,31,2.086142285,120,1.378747651,7.44,1.367961205,4.5,1.360753254,8.60038417
Bernhard Raimann,2022,OT,Central Michigan,303,6,6,78,5.05,1.260739794,30.5,1.242349995,30,2.018420357,117,1.343994625,7.46,1.371348398,4.49,1.357442178,8.594295347
Zion Johnson,2022,OG,Boston Col.,312,6,3,75,5.18,1.216930303,32,1.290543738,32,2.131665063,112,1.27382075,7.38,1.343210148,4.46,1.335022187,8.591192188
William Dunkle,2022,OG,San Diego St.,328,6,5,77,5.44,1.250677328,26,1.131735161,25,1.797453687,95,1.166172009,7.97,1.56564983,4.91,1.586294536,8.497982551
Cordell Volson,2022,OG,North Dakota St.,315,6,6,78,5.27,1.255955203,25,1.05864916,25,1.748631497,104,1.241975231,8.31,1.588100291,4.93,1.549493801,8.442805182
Obinna Eze,2022,OT,TCU,321,6,7,79,5.17,1.3213601,27.5,1.201909339,18,1.299444575,104,1.281857952,8.2,1.617401051,5.08,1.647910433,8.36988345
Abraham Lucas,2022,OT,Washington St.,315,6,6,78,4.92,1.345301609,27,1.143341093,24,1.678686237,107,1.277801439,7.25,1.385526728,4.4,1.38291536,8.213572466
Dawson Deaton,2022,C,Texas Tech,306,6,6,78,5.12,1.255815029,29,1.192946368,24,1.630723773,108,1.252893694,7.52,1.396064921,4.49,1.3708822,8.099325986
Lecitus Smith,2022,OG,Virginia Tech,314,6,3,75,5.18,1.224731138,26.35,1.069494174,23,1.541955638,99,1.13318429,7.88,1.443407222,4.78,1.439980382,7.852752843
Alec Lindstrom,2022,C,Boston Col.,296,6,3,75,5.18,1.154523621,29,1.10957807,25,1.579960083,111,1.19770646,7.5,1.29504835,4.66,1.323355901,7.660172484
Zach Thomas,2022,OG,San Diego St.,308,6,5,77,4.96,1.288069727,22.5,0.919667527,21,1.417796396,107,1.233387828,7.4,1.365038518,4.65,1.410691865,7.634651861
Matthew Butler,2022,DT,Tennessee,297,6,4,76,5,1.216129001,32,1.244878344,17,1.092375861,112,1.228747092,7.89,1.385220116,4.81,1.38884214,7.556192554
Trevor Penning,2022,OT,Northern Iowa,325,6,7,79,4.89,1.41442916,28,1.23901161,,0,111,1.385185287,7.25,1.447838776,4.62,1.517365464,7.003830296
Sean Rhyan,2022,OG,UCLA,321,6,5,77,5.25,1.268282681,33.5,1.427077164,,0,110,1.321486959,7.55,1.451491357,4.81,1.520822752,6.989160914
Daniel Bellinger,2022,TE,San Diego St.,253,6,5,77,4.63,1.133469565,34.5,1.158343147,22,1.220076491,125,1.183574768,7.05,1.068248049,4.47,1.113926502,6.877638522
Chris Paul,2022,OG,Tulsa,323,6,4,76,4.89,1.352343019,27,1.142317344,,0,109,1.300520048,7.74,1.477844774,4.83,1.51670463,6.789729816
Tyler Smith,2022,OT,Tulsa,324,6,5,77,5.02,1.33878743,27.5,1.182429677,,0,105,1.273208336,7.78,1.509687563,4.65,1.483974559,6.788087565
DJ Davidson,2022,DT,Arizona St.,327,6,3,75,,1,28,1.183515471,23,1.605794565,,0,7.85,1.497443406,4.72,1.480774006,6.767527448
Chad Muma,2022,LB,Wyoming,239,6,3,75,4.63,1.042936294,40,1.235736993,27,1.377767894,129,1.123888723,7.06,0.984318415,4.28,0.981387904,6.746036223
Travis Jones,2022,DT,Connecticut,325,6,4,76,4.92,1.352419607,28.5,1.213245545,,0,110,1.320578059,7.33,1.40822702,4.58,1.447105515,6.741575745
Kellen Diesch,2022,OT,Arizona St.,301,6,7,79,4.89,1.309979006,32.5,1.33193748,,0,110,1.271337071,7.77,1.437097886,4.43,1.347519568,6.697871012
Blaise Andries,2022,OG,Minnesota,308,6,6,78,5.1,1.268979923,30.5,1.26285082,,0,106,1.237729162,7.84,1.464984827,4.68,1.438231974,6.672776707
Darian Kinnard,2022,OG,Kentucky,322,6,5,77,5.31,1.257858196,25,1.068300662,,0,99,1.193043367,8.11,1.564008813,4.96,1.57313517,6.656346208
Kenyon Green,2022,OG,Texas A&M,323,6,4,76,5.24,1.262014764,26,1.100009294,20,1.397652617,102,1.217000412,,0,5.12,1.607769712,6.584446799
Ikem Ekwonu,2022,OT,North Carolina St.,310,6,4,76,4.93,1.287383607,29,1.177552222,,0,108,1.23672597,7.82,1.433025056,4.73,1.425522886,6.560209741
Logan Bruss,2022,OG,Wisconsin,309,6,5,77,5.32,1.204806163,31,1.271211434,,0,112,1.295214406,7.57,1.400931269,4.55,1.384836075,6.556999347
Andrew Stueber,2022,OT,Michigan,325,6,7,79,,1,24.5,1.084135158,,0,101,1.26039382,7.94,1.585633087,4.9,1.609327007,6.539489073
Ja'Tyre Carter,2022,OG,Southern,311,6,3,75,5.13,1.224852789,30,1.206006919,,0,108,1.224390205,7.84,1.422359769,4.9,1.462027359,6.539637041
Zach Tom,2022,C,Wake Forest,304,6,4,76,4.94,1.259910905,33,1.314038252,,0,118,1.325084647,7.32,1.315436844,4.47,1.321090186,6.535560834
Myron Cunningham,2022,OT,Arkansas,320,6,5,77,5.38,1.23378088,20,0.849332204,,0,98,1.173657067,8.5,1.629038597,5.16,1.626403021,6.512211769
Charles Cross,2022,OT,Mississippi St.,307,6,5,77,4.95,1.286481395,26,1.059276508,,0,112,1.286831141,7.88,1.448862137,4.61,1.394016112,6.475467292
Max Mitchell,2022,OT,Louisiana,307,6,6,78,5.32,1.212553624,25,1.031762832,,0,106,1.233710561,8.09,1.506791788,4.65,1.424372887,6.409191692
Vederian Lowe,2022,OT,Illinois,314,6,5,77,5.22,1.247755458,25.5,1.062594212,,0,99,1.163402538,7.83,1.472495175,4.71,1.456729944,6.402977326
Dylan Parham,2022,OG,Memphis,311,6,3,75,4.93,1.274542557,26.5,1.065306111,,0,108,1.224390205,7.78,1.411474363,4.7,1.402352773,6.37806601
Joshua Ezeudu,2022,OG,North Carolina,308,6,4,76,5.19,1.215000786,28.5,1.149783471,,0,105,1.194615229,7.83,1.425600424,4.56,1.365422071,6.35042198
Cade Mays,2022,OG,Tennessee,311,6,5,77,5.24,1.231117303,26,1.073078156,,0,102,1.187205021,7.57,1.409998786,4.71,1.442812142,6.344211408
Tyrese Robinson,2022,OG,Oklahoma,317,6,3,75,5.25,1.219946626,22.5,0.92195545,,0,100,1.155566557,8.35,1.544111815,4.94,1.502398848,6.343979295
Luke Wattenberg,2022,C,Washington,299,6,4,76,5.2,1.177229252,29.5,1.155350319,,0,113,1.248066318,7.45,1.316778717,4.57,1.328430224,6.22585483
Luke Fortner,2022,C,Kentucky,307,6,4,76,5.21,1.206407011,24,0.96509508,,0,102,1.156715562,7.75,1.40645362,4.95,1.477389248,6.212060521
Jake Ferguson,2022,TE,Wisconsin,250,6,5,77,4.81,1.078115439,31.5,1.045076735,15,0.822006259,118,1.104046029,7.03,1.05258652,4.48,1.103180344,6.205011326
Cole Turner,2022,TE,Nevada,246,6,6,78,4.76,1.085931335,27,0.892894949,17,0.928606593,120,1.119142516,7.06,1.053673738,4.41,1.082445568,6.162694699
Greg Dulcich,2022,TE,UCLA,243,6,4,76,4.69,1.060783195,34,1.082195379,16,0.841187829,122,1.095100899,7.05,1.012699808,4.37,1.032378782,6.124345892
Travon Walker,2022,DE,Georgia,272,6,5,77,4.51,1.251015514,35.5,1.281429962,,0,123,1.252100473,6.89,1.122407593,4.32,1.157393778,6.064347319
Thomas Booker,2022,DT,Stanford,301,6,3,75,4.94,1.231063395,26.35,1.025215753,,0,110,1.206965574,7.33,1.287073885,4.41,1.27351515,6.023833757
Ed Ingram,2022,OG,LSU,307,6,3,75,5.02,1.235593257,20.5,0.81350531,,0,102,1.14149562,7.81,1.398693053,4.76,1.401988202,5.991275442
George Karlaftis,2022,EDGE,Purdue,266,6,4,76,,1,38,1.323993087,21,1.208558439,121,1.188926585,,0,4.36,1.127507619,5.848985731
Jeremiah Moon,2022,LB,Florida,249,6,5,77,4.76,1.085082421,40.5,1.338295407,,0,133,1.2394133,7.09,1.057323908,4.55,1.115935867,5.836050902
Jeremiah Hall,2022,TE,Oklahoma,239,6,2,74,4.96,0.960566756,29,0.883963862,19,0.956613165,111,0.954172813,7.43,1.022092448,4.62,1.045223976,5.822633021
Curtis Hodges,2022,TE,Arizona St.,257,6,8,80,4.85,1.141986526,34.5,1.222500647,,0,117,1.169185474,7.14,1.141807962,4.28,1.125653294,5.801133902
Terrel Bernard,2022,LB,Baylor,224,6,1,73,,1,35.5,1.00047473,22,1.024110198,123,0.97757577,7.03,0.894124404,4.25,0.888991433,5.785276535
Aidan Hutchinson,2022,DE,Michigan,260,6,7,79,4.74,1.167351661,36,1.274411941,,0,117,1.168048134,6.73,1.075195031,4.15,1.090401156,5.775407922
Austin Allen,2022,TE,Nebraska,253,6,8,80,4.83,1.12886754,34,1.186031756,,0,121,1.190338053,7,1.101996698,4.26,1.102955205,5.710189252
Jeffrey Gunter,2022,EDGE,Coastal Carolina,258,6,4,76,4.7,1.123867334,35.5,1.199688632,,0,122,1.16269972,7.21,1.09961412,4.35,1.091089364,5.67695917
Cal Adomitis,2022,LS,Pittsburgh,235,6,2,74,4.97,0.942589942,29.5,0.884155169,18,0.891097487,107,0.904394263,7.53,1.018512359,4.62,1.027730688,5.668479907
Chase Allen,2022,TE,Iowa St.,251,6,6,78,,1,33.5,1.13036844,,0,117,1.113342082,7.03,1.0705215,4.43,1.109455322,5.423687344
Austin Deculus,2022,OT,LSU,321,6,5,77,5.08,1.310725212,28.5,1.214080573,,0,109,1.309473441,,0,4.99,1.577735038,5.412014264
Nik Bonitto,2022,EDGE,Oklahoma,248,6,3,75,4.54,1.103663549,35.5,1.138015532,,0,120,1.084847342,7.07,1.02283152,4.23,1.006447392,5.355805335
Luke Tenuta,2022,OT,Virginia Tech,319,6,8,80,5.41,1.270758469,26,1.143565146,,0,104,1.289996251,,0,4.77,1.557172826,5.261492692
John Ridgeway,2022,DT,Arkansas,321,6,5,77,5.3,1.25631775,26.35,1.122492038,,0,101,1.213365298,,0,4.73,1.495528403,5.08770349
Braxton Jones,2022,OT,Southern Utah St.,310,6,5,77,4.97,1.293825297,25.5,1.04905798,,0,108,1.25299868,,0,4.84,1.477867668,5.073749624
Dominique Robinson,2022,EDGE,Miami (Ohio),253,6,5,77,4.72,1.111856798,41,1.376581711,25,1.386450557,121,1.145700376,,0,,0,5.020589442
Tre Williams,2022,EDGE,Arkansas,253,6,4,76,5.08,1.019647384,26.5,0.878186749,,0,104,0.971945451,7.2,1.076808202,4.24,1.042888161,4.989475946
Kyle Hamilton,2022,S,Notre Dame,220,6,4,76,4.59,0.981303156,38,1.095031877,,0,131,1.064589081,6.9,0.897340168,4.32,0.923969823,4.962234105
Spencer Burford,2022,OG,Texas-San Antonio,304,6,4,76,5.19,1.199221555,27.5,1.095031877,,0,105,1.179100745,,0,4.73,1.397932121,4.871286298
Logan Hall,2022,DE,Houston,283,6,6,78,4.88,1.218542902,30,1.141324618,,0,,0,7.25,1.244774806,4.44,1.253723526,4.858365853
Alec Pierce,2022,WR,Cincinnati,211,6,3,75,4.41,0.96668446,40.5,1.104601514,,0,129,0.992219751,7.13,0.877616932,4.28,0.866413588,4.807536245
Phidarian Mathis,2022,DT,Alabama,310,6,4,76,,1,23.5,0.954223352,,0,109,1.248177136,,0,4.91,1.479771114,4.682171602
Amar√© Barno,2022,EDGE,Virginia Tech,246,6,5,77,4.36,1.170358601,37,1.207909643,,0,131,1.206067367,,0,4.45,1.078260288,4.662595899
Desmond Ridder,2022,QB,Cincinnati,211,6,3,75,4.52,0.943158953,36,0.981868012,,0,127,0.976836499,7.15,0.88007869,4.29,0.868437919,4.650380074
Nephi Sewell,2022,LB,Utah,226,6,1,73,4.67,0.951686758,32,0.909888487,,0,120,0.962247927,7.01,0.899541206,4.33,0.913812223,4.637176601
Jordan Davis,2022,DT,Georgia,341,6,6,78,4.78,1.498996756,32,1.466918049,,0,123,1.590114991,,0,,0,4.556029796
Jack Coan,2022,QB,Notre Dame,218,6,3,75,4.9,0.898879105,33,0.929905013,,0,115,0.913881816,6.95,0.883841331,4.39,0.918163543,4.544670808
DeMarvin Leal,2022,DT,Texas A&M,283,6,4,76,5,1.158803055,27.5,1.019388227,,0,106,1.108103514,,0,4.49,1.235333264,4.52162806
David Ojabo,2022,EDGE,Michigan,250,6,4,76,4.55,1.124920451,35,1.1461159,,0,122,1.126647015,,0,4.45,1.081561898,4.479245264
Zachary Carter,2022,DE,Florida,282,6,4,76,4.99,1.157022389,27.5,1.015786149,19,1.159229523,110,1.145855423,,0,,0,4.477893485
Arnold Ebiketie,2022,EDGE,Penn St.,250,6,2,74,,1,38,1.211608237,21,1.105972058,128,1.150949151,,0,,0,4.468529446
Tycen Anderson,2022,S,Toledo,209,6,2,74,4.36,0.955588962,35.5,0.946266033,,0,123,0.924607807,6.64,0.798762799,4.28,0.846758456,4.471984057
Dai'Jean Dixon,2022,WR,Nicholls St.,205,6,3,75,4.62,0.896505084,34,0.900950506,,0,125,0.934113344,7.28,0.87059917,4.42,0.869310972,4.471479077
Devin Lloyd,2022,LB,Utah,237,6,3,75,4.66,1.027550798,35,1.072221585,25,1.265035607,126,1.088565568,,0,,0,4.453373558
EJ Perry,2022,QB,Brown,211,6,2,74,4.65,0.904567188,34.5,0.928410754,,0,123,0.933455729,6.85,0.831910281,4.18,0.83488801,4.433231961
David Bell,2022,WR,Purdue,212,6,1,73,4.65,0.896572422,33,0.880196329,,0,118,0.887595654,7.14,0.859465954,4.57,0.90471687,4.428547229
Kevin Austin Jr.,2022,WR,Notre Dame,200,6,2,74,4.43,0.89998982,39,0.994794131,,0,132,0.94953305,6.71,0.772424393,4.15,0.785683404,4.402424798
Dane Belton,2022,S,Iowa,205,6,1,73,4.43,0.91002349,36.5,0.94140495,,0,123,0.894656397,7.01,0.815955519,4.24,0.81167159,4.373711946
Skylar Thompson,2022,QB,Kansas St.,217,6,2,74,4.91,0.881027713,31,0.857946169,,0,112,0.87414588,7,0.87430153,4.28,0.879170262,4.366591555
Zyon McCollum,2022,CB,Sam Houston St.,199,6,2,74,4.33,0.91617093,39.5,1.002510163,,0,132,0.944785384,6.48,0.74221811,3.94,0.7421963,4.347880888
Damone Clark,2022,LB,LSU,239,6,3,75,4.57,1.056629112,36.5,1.127610006,,0,127,1.106464091,7.12,0.992683728,,0,4.283386937
Bailey Zappe,2022,QB,Western Kentucky,215,6,1,73,4.88,0.866405311,30,0.811501762,,0,109,0.831500006,7.19,0.877732047,4.4,0.883388546,4.270527672
Peyton Hendershot,2022,TE,Indiana,250,6,4,76,4.8,1.066330844,32.5,1.064250478,,0,117,1.080472957,,0,4.25,1.032952374,4.244006654
Leon O'Neal,2022,S,Texas A&M,204,6,1,73,,1,35,0.898313578,15,0.635912583,125,0.904768515,6.89,0.798075529,,0,4.237070205
Darrian Beavers,2022,LB,Cincinnati,237,6,4,76,,1,36.5,1.133082925,,0,125,1.094325175,6.91,0.968081076,,0,4.195489175
Khalil Shakir,2022,WR,Boise St.,196,6,1,73,4.43,0.87007124,34.5,0.8507558,,0,124,0.862333098,7.28,0.810181003,4.21,0.770546398,4.163887539
Johnny Johnson III,2022,WR,Oregon,197,6,1,73,4.6,0.842191517,32,0.793132884,,0,121,0.845763416,7.21,0.806484632,4.54,0.83518504,4.122757489
Isaiah Weston,2022,WR,Northern Iowa,214,6,4,76,4.42,0.991253433,40,1.121228812,20,0.925998947,135,1.067174829,,0,,0,4.10565602
Trey McBride,2022,TE,Colorado St.,246,6,4,76,,1,33,1.063333586,18,0.958019472,117,1.06318539,,0,,0,4.084538447
Myjai Sanders,2022,EDGE,Cincinnati,228,6,5,77,4.67,1.012717465,33,0.998496172,,0,120,1.02395591,,0,4.37,0.981397114,4.01656666
Matt Waletzko,2022,OT,North Dakota,312,6,8,80,5.03,1.336768502,30,1.290543738,,0,113,1.370873759,,0,,0,3.998185999
Skyy Moore,2022,WR,Western Michigan,195,5,10,70,4.41,0.833822615,34.5,0.811631023,,0,125,0.829310384,7.13,0.756996595,4.32,0.754317469,3.986078086
Jalen Pitre,2022,S,Baylor,198,5,11,71,,1,35,0.848005122,16,0.64031939,,0,6.74,0.736979115,4.18,0.751687949,3.976991576
Jack Sanborn,2022,LB,Wisconsin,234,6,2,74,4.73,0.986202376,34.5,1.029611926,20,0.985895092,114,0.959459986,,0,,0,3.961169379
Jalen Nailor,2022,WR,Michigan St.,186,5,11,71,4.5,0.790566463,38,0.864891804,,0,128,0.821591053,7.03,0.722101692,4.28,0.723024193,3.922175206
Daxton Hill,2022,S,Michigan,191,6,1,73,4.38,0.857554489,33.5,0.805022329,,0,121,0.820004124,6.57,0.712513901,4.06,0.724135816,3.919230659
Kevin Harris,2022,RB,South Carolina,221,5,10,70,,1,38.5,1.026497593,21,0.92483177,126,0.947404183,,0,,0,3.898733545
Treylon Burks,2022,WR,Arkansas,225,6,2,74,4.55,0.985785553,33,0.94696749,,0,122,0.987298569,7.28,0.942795199,,0,3.862846811
Chasen Hines,2022,C,LSU,327,6,3,75,5.22,1.265663107,30.5,1.289186495,,0,108,1.287381341,,0,,0,3.842230944
Neil Farrell,2022,DT,LSU,330,6,4,76,5.41,1.248848841,21.5,0.929336264,,0,,0,8.41,1.640571916,,0,3.818757021
Erik Ezukanma,2022,WR,Texas Tech,209,6,2,74,,1,36.5,0.972921414,,0,126,0.947159217,,0,4.38,0.866542532,3.786623163
Markquese Bell,2022,S,Florida A&M,212,6,2,74,4.41,0.958315691,36.5,0.986886793,,0,123,0.937879689,,0,4.46,0.895035388,3.778117561
Andrew Rupcich,2022,OT,Culver-Stockton College,318,6,6,78,5.31,1.258365519,27.5,1.175604686,,0,108,1.30202678,,0,,0,3.735996986
Tr√© Turner,2022,WR,Virginia Tech,184,6,1,73,4.51,0.802312852,27,0.625045078,,0,113,0.737723411,7.45,0.778338836,4.53,0.778353087,3.721773265
Kenny Pickett,2022,QB,Pittsburgh,217,6,3,75,4.73,0.926914049,33.5,0.939664233,,0,121,0.957151769,,0,4.29,0.893132836,3.716862887
Snoop Conner,2022,RB,Mississippi,222,5,10,70,4.59,0.912048507,29.5,0.790096108,25,1.105972058,118,0.891266249,,0,,0,3.699382922
Eyioma Uwazurike,2022,DT,Iowa St.,316,6,6,78,,1,33,1.401853135,,0,107,1.281857952,,0,,0,3.683711087
Boye Mafe,2022,EDGE,Minnesota,261,6,4,76,4.53,1.179602015,38,1.299105999,,0,125,1.205142914,,0,,0,3.683850928
Devonte Wyatt,2022,DT,Georgia,304,6,3,75,4.77,1.287644793,29,1.139566666,,0,111,1.230076905,,0,,0,3.657288364
Joshua Paschal,2022,DE,Kentucky,268,6,3,75,4.77,1.135160541,37.5,1.299074977,,0,123,1.201643406,,0,,0,3.635878924
Christopher Hinton,2022,DT,Michigan,305,6,4,76,5.28,1.182657845,31.5,1.258435258,,0,106,1.194245836,,0,,0,3.635338939
Kerby Joseph,2022,S,Illinois,203,6,1,73,,1,38.5,0.983301088,18,0.759354437,123,0.885928042,,0,,0,3.628583566
Dameon Pierce,2022,RB,Florida,218,5,10,70,4.59,0.895615201,34.5,0.907361861,21,0.912277492,119,0.882624409,,0,,0,3.597878964
Leo Chenal,2022,LB,Wisconsin,250,6,3,75,4.53,1.115020053,40.5,1.308769566,,0,128,1.166502518,,0,,0,3.590292137
Jonathan Ford,2022,DT,Miami,333,6,5,77,,1,29,1.28156267,,0,102,1.27118737,,0,,0,3.552750041
Brandon Smith,2022,LB,Penn St.,250,6,4,76,4.52,1.132386737,37.5,1.227981321,,0,128,1.182055885,,0,,0,3.542423943
Thayer Munford,2022,OT,Ohio St.,328,6,6,78,5.39,1.278672394,22,0.97005871,,0,104,1.293231352,,0,,0,3.541962456
Justin Shaffer,2022,OG,Georgia,314,6,4,76,5.14,1.250718948,25.5,1.048794287,,0,107,1.241084801,,0,,0,3.540598035
Micheal Clemons,2022,DE,Texas A&M,263,6,5,77,,1,,0,24,1.383600936,116,1.14177072,,0,,0,3.525371656
Nicholas Petit-Frere,2022,OT,Ohio St.,316,6,5,77,5.14,1.27524696,24.5,1.02742655,,0,103,1.21811831,,0,,0,3.52079182
Jaquan Brisker,2022,S,Penn St.,199,6,1,73,4.49,0.871583908,34.5,0.863777573,22,0.909812185,124,0.875532074,,0,,0,3.52070574
Sam Williams,2022,EDGE,Mississippi,261,6,4,76,4.46,1.198115948,32.5,1.111077499,,0,123,1.185860627,,0,,0,3.495054074
Juanyeh Thomas,2022,S,Georgia Tech,212,6,1,73,4.55,0.91627731,34,0.906868945,17,0.748963708,122,0.917683643,,0,,0,3.489793607
Dustin Crum,2022,QB,Kent St.,210,6,1,73,4.75,0.869417051,32.5,0.858682096,,0,120,0.89412418,,0,4.36,0.855000584,3.477223911
Jayden Peevy,2022,DT,Texas A&M,308,6,5,77,5.3,1.205438838,27,1.103601032,,0,100,1.152698905,,0,,0,3.461738775
Calvin Austin,2022,WR,Memphis,170,5,8,68,4.32,0.720864594,39,0.777014876,,0,135,0.758518262,6.65,0.597931212,4.07,0.601852419,3.456181363
Isaiah Thomas,2022,EDGE,Oklahoma,266,6,5,77,4.7,1.173962196,31.5,1.111961646,,0,117,1.164749848,,0,,0,3.45067369
Marquis Hayes,2022,OG,Oklahoma,318,6,5,77,5.3,1.244576463,23.5,0.991728056,,0,102,1.213926678,,0,,0,3.450231197
Kingsley Enagbare,2022,DE,South Carolina,258,6,4,76,4.87,1.084635825,36.5,1.233482678,,0,117,1.115048092,,0,,0,3.433166595
Troy Andersen,2022,LB,Montana St.,243,6,4,76,4.42,1.125582169,36,1.14585393,,0,128,1.14895832,,0,,0,3.420394419
Jermaine Johnson II,2022,DE,Florida St.,254,6,5,77,4.58,1.150372713,32,1.078651899,,0,125,1.188252929,,0,,0,3.417277541
Dohnovan West,2022,C,Arizona St.,296,6,3,75,5.27,1.134806899,28,1.071316757,,0,112,1.208496609,,0,,0,3.414620264
Kaleb Eleby,2022,QB,Western Michigan,208,6,1,73,,1,25.5,0.667318658,,0,111,0.819188058,7.57,0.894033556,,0,3.380540272
Drake Jackson,2022,EDGE,USC,254,6,3,75,,1,36.5,1.198380508,,0,127,1.175907445,,0,,0,3.374287953
Jalen Tolbert,2022,WR,South Alabama,194,6,1,73,4.49,0.849684815,36,0.878686559,,0,123,0.846650444,7.08,0.77988325,,0,3.354905067
Brock Purdy,2022,QB,Iowa St.,212,6,1,73,4.84,0.861376397,27,0.720160633,,0,,0,7.21,0.867892091,4.45,0.880960628,3.330389749
Channing Tindall,2022,LB,Georgia,230,6,2,74,4.47,1.025726653,42,1.23201427,,0,129,1.067145666,,0,,0,3.324886589
Jesse Luketa,2022,LB,Penn St.,253,6,3,75,4.89,1.045327879,37.5,1.226365556,,0,114,1.051383301,,0,,0,3.323076736
Makai Polk,2022,WR,Mississippi St.,195,6,3,75,4.59,0.858346809,31,0.781383904,,0,119,0.845896592,,0,4.36,0.815680596,3.301307901
Greg Bell,2022,RB,San Diego St.,201,5,11,71,,1,31,0.762470406,17,0.690647524,120,0.832357872,,0,,0,3.285475802
Verone McKinley III,2022,S,Oregon,198,5,10,70,,1,35,0.836061388,16,0.631300807,120,0.808386245,,0,,0,3.27574844
Isaiah Likely,2022,TE,Coastal Carolina,245,6,5,77,,1,36,1.170485943,,0,,0,,0,4.57,1.1028356,3.273321543
Tyreke Smith,2022,EDGE,Ohio St.,254,6,3,75,4.86,1.055937756,34,1.116299652,,0,117,1.083316307,,0,,0,3.255553715
Chance Campbell,2022,LB,Mississippi,232,6,2,74,4.57,1.012006059,39.5,1.168755567,,0,127,1.059736431,,0,,0,3.240498056
Myron Tagovailoa-Amosa,2022,DE,Notre Dame,270,6,2,74,4.81,1.118999817,29,0.998620263,,0,115,1.116780348,,0,,0,3.234400428
Bo Melton,2022,WR,Rutgers,189,5,11,71,4.34,0.832932928,38,0.878841672,,0,121,0.789187072,6.98,0.728529799,,0,3.229491471
Garrett Wilson,2022,WR,Ohio St.,183,6,1,73,4.38,0.821635977,36,0.828864125,,0,123,0.798644491,,0,4.36,0.745071937,3.19421653
Mike Rose,2022,LB,Iowa St.,245,6,4,76,,1,34,1.091102337,,0,121,1.09506396,,0,,0,3.186166296
Quay Walker,2022,LB,Georgia,241,6,4,76,4.52,1.091620815,32,1.010153808,,0,122,1.086087723,,0,,0,3.187862345
Nate Landman,2022,LB,Colorado,238,6,3,75,4.86,0.989421992,36.5,1.122891972,,0,119,1.032427635,,0,,0,3.144741599
Jamaree Salyer,2022,OG,Georgia,321,6,3,75,,1,,0,31,2.124619295,,0,,0,,0,3.124619295
Damarion Williams,2022,CB,Houston,182,5,10,70,,1,34.5,0.757522288,17,0.616554513,118,0.730677736,,0,,0,3.104754536
Daniel Faalele,2022,OT,Minnesota,384,6,8,80,,1,,0,24,2.098870216,,0,,0,,0,3.098870216
Christian Watson,2022,WR,North Dakota St.,208,6,4,76,4.36,0.976719922,38.5,1.048925271,,0,136,1.044937402,,0,,0,3.070582595
Malcolm Rodriguez,2022,LB,Oklahoma St.,232,5,11,71,4.52,0.981719702,39.5,1.121373584,,0,120,0.960731474,,0,,0,3.06382476
Baylon Spector,2022,LB,Clemson,233,6,1,73,4.6,0.996094535,36,1.055329733,,0,122,1.008586268,,0,,0,3.060010535
Christian Harris,2022,LB,Alabama,226,6,1,73,4.44,1.000985847,34.5,0.980973525,,0,132,1.05847272,,0,,0,3.040432092
Otito Ogbonnia,2022,DT,UCLA,324,6,4,76,,1,,0,29,2.032870586,,0,,0,,0,3.032870586
Jahan Dotson,2022,WR,Penn St.,178,5,11,71,4.43,0.768518334,36,0.784129412,,0,121,0.743255549,7.28,0.715618362,,0,3.011521656
D'Marco Jackson,2022,LB,Appalachian St.,233,6,1,73,4.55,1.007040629,33,0.967385588,,0,125,1.033387569,,0,,0,3.007813786
Brian Asamoah,2022,LB,Oklahoma,226,6,1,73,4.56,0.974644114,36.5,1.037841555,,0,124,0.994322858,,0,,0,3.006808528
Isaiah Graham-Mobley,2022,LB,Boston Col.,230,6,1,73,4.63,0.976898208,34.5,0.998335888,,0,124,1.011921493,,0,,0,2.987155589
Breece Hall,2022,RB,Iowa St.,217,5,11,71,4.39,0.945438253,40,1.06214783,,0,126,0.943545975,,0,,0,2.951132058
Nick Cross,2022,S,Maryland,212,6,1,73,4.34,0.960613309,37,0.986886793,,0,130,0.977859619,,0,,0,2.925359722
JoJo Domann,2022,LB,Nebraska,228,6,1,73,4.62,0.970499553,34.5,0.989654706,,0,119,0.9626737,,0,,0,2.92282796
Rachaad White,2022,RB,Arizona St.,214,6,1,73,4.48,0.939373333,38,1.023121291,,0,125,0.949119913,,0,,0,2.911614537
Devon Williams,2022,WR,Oregon,210,6,5,77,4.65,0.936777983,33,0.919667527,,0,133,1.045288325,,0,,0,2.901733835
Keaontay Ingram,2022,RB,USC,221,6,1,73,4.53,0.959392988,34.5,0.959270571,,0,122,0.95664191,,0,,0,2.875305469
Cameron Jurgens,2022,C,Nebraska,303,6,3,75,4.92,1.244280792,,0,25,1.617324004,,0,,0,,0,2.861604796
Zamir White,2022,RB,Georgia,214,6,1,73,4.4,0.956452849,33.5,0.90196219,,0,128,0.971898791,,0,,0,2.83031383
Brian Robinson,2022,RB,Alabama,225,6,2,74,4.53,0.990137807,30,0.860879537,,0,119,0.963020735,,0,,0,2.814038079
Ty Fryfogle,2022,WR,Indiana,204,6,1,73,4.53,0.885593527,39,1.000977987,,0,127,0.919244812,,0,,0,2.805816325
Lewis Cine,2022,S,Georgia,199,6,2,74,4.37,0.907784927,36.5,0.92637015,,0,133,0.951942849,,0,,0,2.786097926
Luke Goedeke,2022,OG,Central Michigan,312,6,5,77,,1,,0,26,1.77816394,,0,,0,,0,2.77816394
JT Woods,2022,S,Baylor,195,6,2,74,4.36,0.891578218,39.5,0.982359205,,0,128,0.897740338,,0,,0,2.771677761
Zakoby McClain,2022,LB,Auburn,228,5,11,71,4.69,0.929822307,33,0.920691275,,0,117,0.92056296,,0,,0,2.771076542
Tyler Allgeier,2022,RB,BYU,224,5,11,71,4.6,0.93138265,33,0.904538797,,0,120,0.927602802,,0,,0,2.763524249
Dontario Drummond,2022,WR,Mississippi,215,6,1,73,4.65,0.909259768,34,0.919701996,,0,122,0.930669732,,0,,0,2.759631496
D'vonte Price,2022,RB,Florida International,210,6,1,73,4.38,0.942860957,34,0.898313578,,0,119,0.886673145,,0,,0,2.72784768
Pierre Strong,2022,RB,South Dakota St.,207,5,11,71,4.37,0.90599722,36,0.911880833,,0,124,0.885777855,,0,,0,2.703655907
Isaiah Spiller,2022,RB,Texas A&M,217,6,1,73,,1,30,0.819050615,,0,114,0.877731903,,0,,0,2.696782518
Akayleb Evans,2022,CB,Missouri,197,6,2,74,4.46,0.880527036,36,0.904497433,,0,129,0.914033462,,0,,0,2.699057931
Josh Ross,2022,LB,Michigan,227,6,1,73,4.79,0.931950427,31,0.885354713,,0,109,0.877909309,,0,,0,2.695214449
Mike Woods,2022,WR,Oklahoma,204,6,1,73,4.55,0.881700808,34.5,0.885480527,,0,125,0.904768515,,0,,0,2.67194985
Smoke Monday,2022,S,Auburn,207,6,2,74,4.52,0.912942107,,0,,0,124,0.923205088,7,0.834011137,,0,2.670158332
Alontae Taylor,2022,CB,Tennessee,199,6,1,73,4.36,0.897571502,34.5,0.863777573,,0,128,0.903775044,,0,,0,2.665124119
Isiah Pacheco,2022,RB,Rutgers,216,5,10,70,4.37,0.932073074,33,0.859948856,,0,118,0.867177972,,0,,0,2.659199902
Joshua Williams,2022,CB,Fayetteville St. University,195,6,3,75,4.53,0.869715641,36,0.907413566,,0,124,0.881438465,,0,,0,2.658567672
Velus Jones,2022,WR,Tennessee,204,6,1,73,4.31,0.930797837,33,0.846981373,,0,121,0.875815923,,0,,0,2.653595133
Kayvon Thibodeaux,2022,EDGE,Oregon,254,6,4,76,4.58,1.135432808,,0,27,1.483761865,,0,,0,,0,2.619194673
Kenneth Walker,2022,RB,Michigan St.,211,5,9,69,4.38,0.89544114,34,0.853134206,,0,122,0.8633081,,0,,0,2.611883446
George Pickens,2022,WR,Georgia,195,6,3,75,4.47,0.881389677,33,0.831795769,,0,125,0.88854684,,0,,0,2.601732285
Tyrion Davis-Price,2022,RB,LSU,211,6,1,73,4.48,0.926204548,30,0.796404054,,0,117,0.875922366,,0,,0,2.598530969
Leddie Brown,2022,RB,West Virginia,213,6,1,73,4.64,0.90274292,30,0.803952908,,0,118,0.891782426,,0,,0,2.598478254
Jelani Woods,2022,TE,Virginia,259,6,7,79,4.61,1.195654046,,0,24,1.397948681,,0,,0,,0,2.593602728
Jerome Ford,2022,RB,Cincinnati,210,5,11,71,4.46,0.900580196,31,0.796610872,,0,118,0.855133833,,0,,0,2.552324902
Chris Steele,2022,CB,USC,187,6,1,73,4.48,0.820854268,37.5,0.882272264,,0,126,0.836006108,,0,,0,2.53913264
Tyquan Thornton,2022,WR,Baylor,181,6,2,74,4.28,0.843036025,36.5,0.842577875,,0,130,0.846307298,,0,,0,2.531921198
Kennedy Brooks,2022,RB,Oklahoma,209,5,11,71,4.59,0.870906551,31,0.792817487,,0,120,0.865486543,,0,,0,2.529210581
Braylon Sanders,2022,WR,Mississippi,194,6,1,73,4.48,0.851581433,34.5,0.842074619,,0,121,0.83288377,,0,,0,2.526539822
Tykevious Chandler,2022,RB,North Carolina,204,5,11,71,4.38,0.890828317,31,0.773850562,,0,121,0.851820966,,0,,0,2.516499845
James Cook,2022,RB,Georgia,199,5,11,71,4.42,0.861130088,33,0.803585806,,0,124,0.851544894,,0,,0,2.516260788
Matt Araiza,2022,P,San Diego St.,200,6,1,73,4.68,0.840401097,32,0.80521105,,0,121,0.858643062,,0,,0,2.504255209
Tyler Goodson,2022,RB,Iowa,197,5,9,69,4.42,0.828462119,36.5,0.855096391,,0,123,0.812633772,,0,,0,2.496192283
Percy Butler,2022,S,Louisiana,194,6,1,73,4.36,0.875019454,31.5,0.768850739,,0,123,0.846650444,,0,,0,2.490520637
Zonovan Knight,2022,RB,North Carolina St.,209,5,11,71,4.58,0.872808094,31,0.792817487,,0,114,0.822212216,,0,,0,2.487837797
Danny Gray,2022,WR,SMU,186,6,1,73,4.33,0.844748669,34,0.795649169,,0,126,0.831535487,,0,,0,2.471933325
Sincere McCormick,2022,RB,Texas-San Antonio,205,5,9,69,4.6,0.828370698,33.5,0.816685135,,0,116,0.797508609,,0,,0,2.442564442
Reggie Roberson Jr.,2022,WR,SMU,192,5,11,71,,1,29,0.681340912,,0,114,0.75533371,,0,,0,2.436674622
CJ Verdell,2022,RB,Oregon,194,5,8,68,,1,29.5,0.670717365,,0,118,0.75660131,,0,,0,2.427318675
Chase Lucas,2022,CB,Arizona St.,180,5,11,71,4.48,0.768479785,39,0.859018176,,0,128,0.795088116,,0,,0,2.422586077
Chris Olave,2022,WR,Ohio St.,187,6,1,73,4.39,0.837682715,32,0.752872332,,0,124,0.82273617,,0,,0,2.413291217
Cameron Thomas,2022,DE,San Diego St.,267,6,4,76,,1,,0,24,1.386402162,,0,,0,,0,2.386402162
Ronnie Rivers,2022,RB,Fresno St.,195,5,8,68,4.6,0.776542627,36.5,0.834148322,,0,119,0.766946243,,0,,0,2.377637192
Jaylen Warren,2022,RB,Oklahoma St.,204,5,8,68,4.55,0.821310342,31.5,0.753106726,,0,119,0.802343762,,0,,0,2.376760829
Kyle Philips,2022,WR,UCLA,189,5,11,71,4.58,0.789285788,33.5,0.774768316,,0,124,0.808753693,,0,,0,2.372807797
Tyler Badie,2022,RB,Missouri,197,5,8,68,4.45,0.810951228,33.5,0.773440373,,0,121,0.787834415,,0,,0,2.372226016
Jerrion Ealy,2022,RB,Mississippi,189,5,8,68,4.52,0.765970229,34.5,0.764181824,,0,128,0.799567486,,0,,0,2.329719539
Slade Bolden,2022,WR,Alabama,193,5,11,71,4.66,0.792153507,32,0.755740207,,0,116,0.772588227,,0,,0,2.32048194
Jalyn Armour-Davis,2022,CB,Alabama,197,6,1,73,4.39,0.882478583,34.5,0.855096391,14,0.573152583,,0,,0,,0,2.310727556
Hassan Haskins,2022,RB,Michigan,228,6,2,74,,1,,0,27,1.296831236,,0,,0,,0,2.296831236
Kyren Williams,2022,RB,Notre Dame,194,5,9,69,4.65,0.775492275,32,0.7382572,,0,116,0.754715464,,0,,0,2.268464939
Teagan Quitoriano,2022,TE,Oregon St.,258,6,6,78,,1,,0,22,1.260346969,,0,,0,,0,2.260346969
Charleston Rambo,2022,WR,Miami,177,6,1,73,4.57,0.761657169,33.5,0.746015457,,0,118,0.741058636,,0,,0,2.248731262
Aaron Hansford,2022,LB,Texas A&M,239,6,2,74,,1,,0,24,1.208353471,,0,,0,,0,2.208353471
DeAngelo Malone,2022,EDGE,Western Kentucky,243,6,3,75,,1,,0,23,1.193296879,,0,,0,,0,2.193296879
Chigoziem Okonkwo,2022,TE,Maryland,238,6,3,75,4.52,1.06384754,35.5,1.092127809,,0,,0,,0,,0,2.155975349
Wan'Dale Robinson,2022,WR,Kentucky,178,5,8,68,4.44,0.734387968,34.5,0.719705634,,0,118,0.694201202,,0,,0,2.148294803
Tyree Johnson,2022,EDGE,Texas A&M,248,6,3,75,,1,,0,21,1.111950285,,0,,0,,0,2.111950285
Tariq Woolen,2022,CB,Texas-San Antonio,205,6,4,76,4.26,0.985229625,42,1.127778045,,0,,0,,0,,0,2.11300767
Grant Calcaterra,2022,TE,SMU,241,6,4,76,4.62,1.067992658,,0,20,1.04283059,,0,,0,,0,2.110823249
Haskell Garrett,2022,DT,Ohio St.,300,6,2,74,5.07,1.179572457,24,0.918271506,,0,,0,,0,,0,2.097843962
Micah McFadden,2022,LB,Indiana,240,6,1,73,,1,,0,21,1.04738543,,0,,0,,0,2.04738543
Jeremy Ruckert,2022,TE,Ohio St.,250,6,5,77,,1,,0,19,1.041207929,,0,,0,,0,2.041207929
Jake Hansen,2022,LB,Illinois,238,6,1,73,,1,,0,21,1.038657218,,0,,0,,0,2.038657218
Yusuf Corker,2022,S,Kentucky,203,6,1,73,,1,,0,23,0.970286225,,0,,0,,0,1.970286225
Kolby Harvell-Peel,2022,S,Oklahoma St.,213,6,1,73,,1,,0,21,0.929554569,,0,,0,,0,1.929554569
Darien Butler,2022,LB,Arizona St.,221,5,10,70,,1,,0,,0,,0,7.47,0.898840558,,0,1.898840558
Alex Wright,2022,DE,Alabama-Birmingham,271,6,5,77,,1,,0,15,0.891054785,,0,,0,,0,1.891054785
Connor Heyward,2022,TE,Michigan St.,233,5,11,71,4.72,0.944173657,32.5,0.926626088,,0,,0,,0,,0,1.870799744
Max Borghi,2022,RB,Washington St.,210,5,9,69,,1,,0,20,0.824995373,,0,,0,,0,1.824995373
Bubba Bolden,2022,S,Miami,209,6,2,74,4.47,0.93207335,,0,,0,116,0.871987851,,0,,0,1.8040612
Isaac Taylor-Stuart,2022,CB,USC,201,6,2,74,4.42,0.906536126,,0,,0,123,0.889216121,,0,,0,1.795752247
Qwynnterrio Cole,2022,S,Louisville,206,6,1,73,,1,,0,16,0.684956821,,0,,0,,0,1.684956821
DaMarcus Fields,2022,CB,Texas Tech,193,6,1,73,4.48,0.847191838,34.5,0.837734028,,0,,0,,0,,0,1.684925866
Delarrin Turner-Yell,2022,S,Oklahoma,197,5,10,70,4.47,0.8310676,,0,,0,122,0.817708544,,0,,0,1.648776144
Trestan Ebner,2022,RB,Baylor,206,5,11,71,4.43,0.889408859,30,0.756229676,,0,,0,,0,,0,1.645638535
Jaylen Watson,2022,CB,Washington St.,197,6,2,74,4.51,0.870765095,,0,18,0.747005127,,0,,0,,0,1.617770223
Josh Johnson,2022,WR,Tulsa,183,5,11,71,,1,,0,14,0.517834052,,0,,0,,0,1.517834052
Cade York,2022,K,LSU,206,6,1,73,,1,,0,12,0.513717616,,0,,0,,0,1.513717616
Coby Bryant,2022,CB,Cincinnati,193,6,1,73,4.54,0.83599547,,0,17,0.681839602,,0,,0,,0,1.517835073
Justyn Ross,2022,WR,Clemson,205,6,4,76,,1,,0,11,0.487880286,,0,,0,,0,1.487880286
Sam Webb,2022,CB,Missouri Western,202,6,1,73,4.48,0.886698193,,0,14,0.587699602,,0,,0,,0,1.474397796
Dare Rosenthal,2022,OT,Kentucky,290,6,7,79,4.88,1.264692302,,0,,0,,0,,0,,0,1.264692302
Noah Elliss,2022,DT,Idaho,346,6,4,76,5.66,1.251563439,,0,,0,,0,,0,,0,1.251563439
Perrion Winfrey,2022,DT,Oklahoma,290,6,4,76,4.89,1.214177943,,0,,0,,0,,0,,0,1.214177943
Christopher Allen,2022,EDGE,Alabama,241,6,4,76,,1,,0,,0,,0,,0,,0,1
Andrew Booth,2022,CB,Clemson,194,6,1,73,,1,,0,,0,,0,,0,,0,1
Gabe Brkic,2022,K,Oklahoma,197,6,2,74,,1,,0,,0,,0,,0,,0,1
Ben Brown,2022,C,Mississippi,312,6,5,77,,1,,0,,0,,0,,0,,0,1
Bryan Cook,2022,S,Cincinnati,206,6,1,73,,1,,0,,0,,0,,0,,0,1
Jashaun Corbin,2022,RB,Florida St.,202,5,11,71,,1,,0,,0,,0,,0,,0,1
Matt Corral,2022,QB,Mississippi,212,6,2,74,,1,,0,,0,,0,,0,,0,1
Kalia Davis,2022,DT,Central Florida,302,6,1,73,,1,,0,,0,,0,,0,,0,1
Nakobe Dean,2022,LB,Georgia,229,5,11,71,,1,,0,,0,,0,,0,,0,1
Cameron Dicker,2022,K,Texas,220,6,1,73,,1,,0,,0,,0,,0,,0,1
Romeo Doubs,2022,WR,Nevada,201,6,2,74,,1,,0,,0,,0,,0,,0,1
Cordale Flott,2022,CB,LSU,175,6,1,73,,1,,0,,0,,0,,0,,0,1
Jeremiah Gemmel,2022,LB,North Carolina,226,6,1,73,,1,,0,,0,,0,,0,,0,1
Trenton Gill,2022,P,North Carolina St.,220,6,4,76,,1,,0,,0,,0,,0,,0,1
Blake Hayes,2022,P,Illinois,226,6,4,76,,1,,0,,0,,0,,0,,0,1
Sam Howell,2022,QB,North Carolina,218,6,1,73,,1,,0,,0,,0,,0,,0,1
Jordan Jackson,2022,DT,Air Force,294,6,5,77,,1,,0,,0,,0,,0,,0,1
Joshua Jobe,2022,CB,Alabama,182,6,1,73,,1,,0,,0,,0,,0,,0,1
Marcus Jones,2022,CB,Houston,174,5,8,68,,1,,0,,0,,0,,0,,0,1
Cole Kelley,2022,QB,Southeastern Louisiana,249,6,7,79,,1,,0,,0,,0,,0,,0,1
Derion Kendrick,2022,CB,Georgia,194,6,1,73,,1,,0,,0,,0,,0,,0,1
D'Eriq King,2022,QB,Miami,196,5,9,69,,1,,0,,0,,0,,0,,0,1
Charlie Kolar,2022,TE,Iowa St.,252,6,7,79,,1,,0,,0,,0,,0,,0,1
Tyler Linderbaum,2022,C,Iowa,296,6,2,74,,1,,0,,0,,0,,0,,0,1
Drake London,2022,WR,USC,219,6,4,76,,1,,0,,0,,0,,0,,0,1
Marquan McCall,2022,DT,Kentucky,342,6,3,75,,1,,0,,0,,0,,0,,0,1
John Metchie,2022,WR,Alabama,187,5,11,71,,1,,0,,0,,0,,0,,0,1
James Mitchell,2022,TE,Virginia Tech,249,6,4,76,,1,,0,,0,,0,,0,,0,1
Evan Neal,2022,OT,Alabama,337,6,8,80,,1,,0,,0,,0,,0,,0,1
Esezi Otomewo,2022,DE,Minnesota,282,6,5,77,,1,,0,,0,,0,,0,,0,1
Cade Otton,2022,TE,Washington,247,6,5,77,,1,,0,,0,,0,,0,,0,1
LaBryan Ray,2022,DT,Alabama,283,6,4,76,,1,,0,,0,,0,,0,,0,1
Abram Smith,2022,RB,Baylor,213,6,1,73,,1,,0,,0,,0,,0,,0,1
Derek Stingley,2022,CB,LSU,190,6,1,73,,1,,0,,0,,0,,0,,0,1
Carson Strong,2022,QB,Nevada,226,6,3,75,,1,,0,,0,,0,,0,,0,1
Rasheed Walker,2022,OT,Penn St.,313,6,6,78,,1,,0,,0,,0,,0,,0,1
ZaQuandre White,2022,RB,South Carolina,206,6,1,73,,1,,0,,0,,0,,0,,0,1
Jameson Williams,2022,WR,Alabama,179,6,2,74,,1,,0,,0,,0,,0,,0,1
Malik Willis,2022,QB,Liberty,219,6,1,73,,1,,0,,0,,0,,0,,0,1
Jalen Wydermyer,2022,TE,Texas A&M,255,6,4,76,,1,,0,,0,,0,,0,,0,1
Jordan Stout,2022,P,Penn St.,209,6,3,75,4.65,0.908101106,,0,,0,,0,,0,,0,0.908101106
Martin Emerson,2022,CB,Mississippi St.,201,6,2,74,4.53,0.884523108,,0,,0,,0,,0,,0,0.884523108
Tariq Castro-Fields,2022,CB,Penn St.,197,6,1,73,4.38,0.884493374,,0,,0,,0,,0,,0,0.884493374
Ahmad Gardner,2022,CB,Cincinnati,190,6,3,75,4.41,0.870474158,,0,,0,,0,,0,,0,0.870474158
Kaiir Elam,2022,CB,Florida,191,6,2,74,4.39,0.867321625,,0,,0,,0,,0,,0,0.867321625
Josh Thompson,2022,CB,Texas,194,6,1,73,4.4,0.867064732,,0,,0,,0,,0,,0,0.867064732
Quentin Lake,2022,S,UCLA,201,6,1,73,4.59,0.861163948,,0,,0,,0,,0,,0,0.861163948
Cam Taylor-Britt,2022,CB,Nebraska,196,5,11,71,4.38,0.855893873,,0,,0,,0,,0,,0,0.855893873
Damarri Mathis,2022,CB,Pittsburgh,196,5,11,71,4.39,0.853944229,,0,,0,,0,,0,,0,0.853944229
Kalon Barnes,2022,CB,Baylor,183,6,1,73,4.23,0.850772004,,0,,0,,0,,0,,0,0.850772004
Montaric Brown,2022,CB,Arkansas,196,6,1,73,4.55,0.847124306,,0,,0,,0,,0,,0,0.847124306
Kyler Gordon,2022,CB,Washington,194,6,1,73,4.52,0.844045314,,0,,0,,0,,0,,0,0.844045314
Vincent Gray,2022,CB,Michigan,192,6,2,74,4.54,0.843056543,,0,,0,,0,,0,,0,0.843056543
Jake Camarda,2022,P,Georgia,193,6,1,73,4.56,0.832328823,,0,,0,,0,,0,,0,0.832328823
Trent McDuffie,2022,CB,Washington,193,5,11,71,4.44,0.831404356,,0,,0,,0,,0,,0,0.831404356
Roger McCreary,2022,CB,Auburn,190,5,11,71,4.5,0.807567893,,0,,0,,0,,0,,0,0.807567893
Cobie Durant,2022,CB,South Carolina St.,180,5,10,70,4.38,0.774954211,,0,,0,,0,,0,,0,0.774954211
Mario Goodrich,2022,CB,Clemson,176,6,1,73,4.52,0.765731831,,0,,0,,0,,0,,0,0.765731831
Jermaine Waller,2022,CB,Virginia Tech,180,6,1,73,4.68,0.756360987,,0,,0,,0,,0,,0,0.756360987
Jack Jones,2022,CB,Arizona St.,171,5,11,71,4.51,0.725199549,,0,,0,,0,,0,,0,0.725199549
Mykael Wright,2022,CB,Oregon,173,5,11,71,4.57,0.724048836,,0,,0,,0,,0,,0,0.724048836
Teven Jenkins,2021,OL,Oklahoma St.,317,6,5,77,5.01,1.312477508,32.5,1.367225786,36,2.501529448,106,1.257564565,7.72,1.465679565,4.66,1.455035775,9.359512646
Samuel Cosmi,2021,OL,Texas,314,6,5,77,4.87,1.337429875,30,1.250110837,36,2.477855668,117,1.374930272,7.35,1.382227271,4.39,1.357758908,9.180312831
Landon Young,2021,OT,Kentucky,310,6,6,78,5,1.302764454,30.5,1.27105115,34,2.340390601,108,1.26927139,7.7,1.4481674,4.89,1.512526258,9.144171252
Penei Sewell,2021,OL,Oregon,331,6,4,76,5.13,1.321003076,28,1.213965961,30,2.1484041,109,1.332731071,7.76,1.518361042,4.68,1.506000813,9.040466064
Alijah Vera-Tucker,2021,OL,USC,308,6,4,76,5.05,1.248683976,32,1.29098495,36,2.398943067,106,1.205992517,7.67,1.396469381,4.7,1.407342924,8.948416814
Tedarrell Slaton,2021,DL,Florida,330,6,4,76,5.09,1.327361931,29,1.253523333,27,1.927722108,109,1.328704693,7.91,1.543034941,4.81,1.543157933,8.923504939
Syrus Tuitele,2021,OL,Fresno St.,311,6,5,77,5.21,1.23820627,26,1.073078156,36,2.454181888,94,1.094090902,8.25,1.536656537,4.89,1.49795146,8.894165213
Forrest Merrill,2021,DL,Arkansas St.,322,6,1,73,5.27,1.201566259,26.5,1.073572796,36,2.408986489,101,1.153916928,8.24,1.506529667,4.81,1.446310621,8.79088276
Rashawn Slater,2021,OL,Northwestern,304,6,4,76,4.91,1.267608935,33,1.314038252,33,2.170472299,112,1.257707461,7.48,1.344189562,4.45,1.315179268,8.669195778
Aaron Banks,2021,OL,Notre Dame,325,6,5,77,5.32,1.267190948,31,1.33703468,24,1.709773019,100,1.216321896,7.69,1.496828939,4.89,1.565383358,8.59253284
Josh Ball,2021,OL,Marshall,308,6,7,79,5.2,1.260532572,27.5,1.153233883,28,1.939496369,106,1.253597484,7.77,1.470518767,4.7,1.462895935,8.540275009
Matt Farniok,2021,OL,Nebraska,311,6,5,77,5.2,1.240587436,33,1.361983813,28,1.908808135,105,1.222122816,7.14,1.329906384,4.8,1.470381801,8.533790386
Jack Anderson,2021,OL,Texas Tech,314,6,4,76,5.28,1.217555946,29.5,1.213311038,27,1.834256793,105,1.217886954,7.9,1.466364968,4.83,1.474443511,8.423819209
Walker Little,2021,OT,Stanford,313,6,7,79,5.3,1.256826031,29.5,1.257188318,24,1.689412885,111,1.334039984,7.44,1.430922489,4.59,1.451850444,8.420240152
Tommy Togiai,2021,DT,Ohio St.,296,6,1,73,4.97,1.171218141,32,1.191712354,40,2.460524502,105,1.102753155,7.2,1.210093178,4.49,1.241076863,8.377378194
Liam Eichenberg,2021,OL,Notre Dame,306,6,6,78,,1,26.5,1.090106164,33,2.242245188,105,1.218091092,7.53,1.39792139,4.58,1.398360908,8.346724742
Robert Hainsey,2021,OL,Notre Dame,306,6,4,76,5.2,1.204789803,27.5,1.102236034,32,2.118547124,104,1.175554578,7.58,1.37112159,4.63,1.377380014,8.349629143
Will Fries,2021,OL,Penn St.,309,6,6,78,5.37,1.209089374,31,1.287720674,24,1.646711261,115,1.347179177,7.77,1.456618582,4.53,1.396654713,8.343973781
Drew Dalman,2021,C,Stanford,299,6,3,75,5.11,1.182200557,33,1.275420179,33,2.106684613,109,1.188046361,7.33,1.278521899,4.52,1.296607871,8.327481481
Foster Sarell,2021,OL,Stanford,318,6,6,78,5.54,1.206122907,27,1.154230056,26,1.835896536,97,1.169412942,7.63,1.472034557,4.69,1.48810074,8.325797738
Creed Humphrey,2021,OL,Oklahoma,302,6,4,76,5.11,1.209982929,33,1.305393264,29,1.894836164,112,1.24943307,7.5,1.338916654,4.49,1.318270833,8.316832914
Stone Forsythe,2021,OL,Florida,307,6,8,80,5.14,1.287196504,27.5,1.164040118,25,1.747919803,103,1.229532537,7.47,1.426989276,4.65,1.460895269,8.316573507
Jaylon Moore,2021,OT,West. Michigan,311,6,4,76,5.25,1.212814235,30,1.222087011,27,1.816732047,106,1.217739197,7.77,1.428455597,4.67,1.411980273,8.30980836
Roy Lopez,2021,DL,Arizona,304,6,1,73,5.19,1.151883862,31,1.185673271,36,2.274322648,105,1.132557295,7.39,1.275594468,4.51,1.280297074,8.300328618
Milton Williams,2021,DL,Louisiana Tech,284,6,3,75,4.67,1.22869002,38.5,1.41334187,34,2.0616344,121,1.252677891,6.96,1.15308305,4.33,1.179791511,8.289218743
Kayode Awosika,2021,OL,Buffalo,307,6,3,75,5.19,1.195121031,30,1.190495576,28,1.835315794,100,1.119113353,8.15,1.459583659,4.91,1.446168502,8.245797915
Jay Tufele,2021,DL,USC,305,6,2,74,5,1.216021246,30,1.166970039,30,1.927551301,105,1.15184833,7.8,1.369297788,4.88,1.40892913,8.240617834
Chase Behrndt,2021,OL,West Virginia,324,6,3,75,5.55,1.179486294,24.5,1.02607534,25,1.729415766,101,1.192894637,8.21,1.551747933,4.93,1.532466396,8.212086367
Ta'Quon Graham,2021,DL,Texas,292,6,3,75,4.89,1.206465379,32.5,1.226688709,32,1.995019867,113,1.202809909,7.31,1.245183155,4.68,1.311075601,8.187242619
Grant Hermanns,2021,OL,Purdue,300,6,7,79,,1,27,1.102856488,29,1.956588405,107,1.232555723,7.76,1.430480073,4.81,1.458247329,8.180728018
D'Ante Smith,2021,OL,East Carolina,305,6,5,77,5.29,1.195954068,29,1.173803647,24,1.604556218,113,1.289862589,7.96,1.45403673,4.81,1.445018503,8.163231756
DAnte Smith,2021,LB,Arizona,305,6,5,77,5.29,1.195954068,29,1.173803647,24,1.604556218,113,1.289862589,7.96,1.45403673,4.81,1.445018503,8.163231756
Jovan Swann,2021,DL,Indiana,291,6,2,74,4.9,1.183881507,30.5,1.131960938,34,2.084283341,109,1.140842379,7.74,1.2963952,4.75,1.308446849,8.145810213
Kendrick Green,2021,OL,Illinois,305,6,1,73,4.89,1.226573135,35.5,1.362253538,25,1.584586092,119,1.287787187,7.79,1.349061977,4.67,1.330078726,8.140340656
Adrian Ealy,2021,OL,Oklahoma,321,6,6,78,5.42,1.244457177,24.5,1.057237628,18,1.28299591,104,1.265631902,8.82,1.717670928,4.87,1.559790833,8.127784377
Royce Newman,2021,OL,Mississippi,310,6,5,77,5.14,1.25103341,28,1.151906801,23,1.562907901,104,1.206591321,7.91,1.468590273,4.75,1.450386657,8.091416364
Harry Crider,2021,OL,Indiana,307,6,2,74,5.25,1.165709672,27,1.057160071,31,2.004864015,102,1.126275679,7.63,1.348237424,4.68,1.36004637,8.06229323
Bryce Hargrove,2021,OL,Pittsburgh,310,6,3,75,5.46,1.147122828,27,1.081916175,26,1.720875442,97,1.096147835,8.06,1.457571084,5.03,1.495990066,7.999623429
Ben Cleveland,2021,OL,Georgia,343,6,6,78,5.05,1.42717409,28,1.291081465,30,2.28487849,102,1.326365856,,0,4.88,1.670114751,7.999614651
Dillon Radunz,2021,OT,North Dakota St.,301,6,5,77,5.16,1.210004895,32,1.278244966,24,1.583512858,112,1.261681347,7.27,1.310579518,4.57,1.354912309,7.998935893
Parker Ferguson,2021,OT,Air Force,306,6,3,75,5.19,1.191228129,31,1.226171665,24,1.568003628,105,1.171241434,7.75,1.383426649,4.9,1.438522096,7.978593601
Dan Archibong,2021,DT,Temple,295,6,5,77,5.35,1.143769647,28.5,1.115743828,28,1.810605787,100,1.104046029,8.16,1.441699158,4.68,1.35986677,7.97573122
James Hudson,2021,OL,Cincinnati,313,6,4,76,5.27,1.215981374,28.5,1.168448787,22,1.489819802,98,1.133074444,8.05,1.489448719,4.79,1.457576006,7.954349131
Phil Hoskins,2021,DT,Kentucky,313,6,4,76,5.23,1.225281423,30.5,1.250445193,20,1.354381638,103,1.190884365,7.87,1.456144275,4.85,1.475833743,7.952970636
Gunnar Vogel,2021,OL,Northwestern,306,6,6,78,5.47,1.175461234,26,1.069538123,23,1.562776949,105,1.218091092,7.67,1.423911961,4.92,1.502169359,7.951948718
Josiah Bronson,2021,DL,Washington,304,6,2,74,5.08,1.192947136,30,1.163143907,27,1.729108315,101,1.10433571,7.63,1.335062466,4.72,1.358266749,7.882864284
Ryan Neuzil,2021,OL,Appalachian St.,301,6,2,74,5.09,1.178854053,29,1.113276663,30,1.90227194,102,1.104263776,7.41,1.283772795,4.53,1.290726375,7.873165602
Michael Boykin,2021,DL,Louisville,291,6,5,77,4.88,1.236925378,32,1.235778356,24,1.530904457,110,1.197983505,7.69,1.340237603,4.58,1.31276491,7.85459421
Jimmy Morrissey,2021,OL,Pittsburgh,303,6,3,75,5.31,1.152892938,31,1.214150374,26,1.682016964,105,1.159758675,7.39,1.306231267,4.47,1.299418909,7.814469127
Ry Schneider,2021,OL,Oklahoma St.,312,6,2,74,5.67,1.096939973,23.5,0.935106483,26,1.708884826,85,0.953849109,8.51,1.528226122,5.37,1.585982412,7.808988925
Jordan Meredith,2021,OL,Western Kentucky,302,6,2,74,5.11,1.178141273,32,1.232524421,25,1.59049315,109,1.183967005,7.41,1.288037821,4.62,1.320743267,7.793906938
Cole Van Lanen,2021,OL,Wisconsin,305,6,4,76,5.11,1.222002627,30,1.198509769,22,1.45174134,107,1.205512306,7.34,1.323369851,4.64,1.375843953,7.776979848
Jake Burton,2021,OL,Baylor,303,6,5,77,5.49,1.144828987,26,1.045474859,22,1.461198327,100,1.13398626,8.22,1.491684291,4.97,1.483294921,7.760467645
Brenden Jaimes,2021,OL,Nebraska,298,6,5,77,,1,30.5,1.206184437,25,1.633052435,112,1.24910645,7.5,1.338566641,4.51,1.323796713,7.750706676
Drew Wiley,2021,DT,Kansas St.,294,6,4,76,5.24,1.148706937,34,1.309322804,24,1.526600134,112,1.216335506,7.34,1.275641758,4.45,1.271916792,7.74852393
Teton Saltes,2021,OL,New Mexico,300,6,4,76,5.04,1.218663822,30.5,1.198509769,22,1.427942302,105,1.163586262,7.76,1.376158045,4.64,1.353289134,7.738149334
Jon Dietzen,2021,OL,Wisconsin,312,6,4,76,5.32,1.200704566,27,1.103414896,19,1.282551813,106,1.221654757,7.64,1.40907234,4.85,1.471118619,7.688516991
Jacob Shoemaker,2021,OL,South Alabama,319,6,3,75,5.49,1.173975977,24,0.989623684,20,1.362181801,93,1.081457194,8.2,1.525940303,5.02,1.536361554,7.669540513
William Sherman,2021,OL,Colorado,304,6,3,75,5.19,1.183442324,26,1.021680459,23,1.49284877,108,1.196831583,7.71,1.367291047,4.82,1.40578742,7.667881603
Calvin Ashley,2021,OL,Florida A&M,314,6,6,78,5.49,1.201798103,29,1.224134508,15,1.045848172,105,1.249936611,7,1.333503119,5.1,1.597835972,7.653056484
Marvin Wilson,2021,DT,Florida St.,303,6,3,75,5.12,1.195676074,25.5,0.998736598,23,1.487938083,107,1.181849317,7.64,1.350420417,4.91,1.427325916,7.641946404
Brett Heggie,2021,OL,Florida,310,6,4,76,5.5,1.153963852,26,1.055736475,21,1.408470361,105,1.20237247,7.66,1.403704851,4.69,1.413467724,7.637715733
Darius Harper,2021,OL,Cincinnati,300,6,6,78,5.05,1.248257222,30.5,1.2300495,16,1.065832532,105,1.194206953,7.7,1.401452322,4.54,1.358968773,7.498767302
Tim Tanner-Blair,2021,OL,Bowling Green,288,6,3,75,5.59,1.040930062,21,0.781771687,32,1.967690828,93,0.976362608,8.06,1.354130555,4.95,1.367718488,7.488604228
Jake Curhan,2021,OL,California,316,6,5,77,5.45,1.202709977,24,1.006458661,15,1.039015912,102,1.206291919,8.07,1.527295554,4.84,1.506471558,7.48824358
Sterling Johnson,2021,DL,Coastal Carolina,288,6,3,75,5.22,1.114712461,28,1.04236225,25,1.537258459,103,1.081347834,7.56,1.270127419,4.81,1.32903554,7.374843964
Jerome Johnson,2021,DL,Indiana,296,6,2,74,5.12,1.152479152,27.5,1.038156952,21,1.309470917,113,1.2030296,7.7,1.311855199,4.66,1.305711156,7.320702976
Jaylen Twyman,2021,DL,Pittsburgh,301,6,1,73,5.4,1.096163164,32.5,1.230777672,40,2.502087416,104,1.110700926,8,1.367259935,,0,7.306989113
Cole Banwart,2021,OL,Iowa,298,6,1,73,5.12,1.1445869,27.5,1.031047587,22,1.362432317,103,1.089057444,7.5,1.269030712,4.7,1.307900631,7.204055591
Jayson Oweh,2021,DE,Penn St.,257,6,5,77,4.36,1.222691709,39.5,1.347186854,21,1.183031408,134,1.288852107,6.83,1.051274904,4.21,1.065721461,7.158758443
Earnest Brown,2021,DE,Northwestern,270,6,4,76,5.01,1.103365089,31,1.096341724,25,1.460395536,115,1.146963601,7.19,1.147566844,4.5,1.181211421,7.135844214
Isaiahh Loudermilk,2021,DE,Wisconsin,274,6,6,78,5.08,1.133342203,28.5,1.049776672,21,1.277666747,112,1.163422951,7.52,1.250071204,4.55,1.243925382,7.118205159
Ben Knutson,2021,OL,Tulane,301,6,7,79,5.27,1.215521317,24,0.983584601,12,0.812321531,99,1.144203364,8.01,1.48148701,4.85,1.475275373,7.112393196
Tyler Shelvin,2021,DT,LSU,350,6,2,74,5.4,1.292068719,28.5,1.272188649,,0,97,1.221085115,8.15,1.641833519,5.05,1.673127007,7.100303008
Dillon Faamatau,2021,DL,Oklahoma,280,6,3,75,5.35,1.057414157,24.5,0.886731775,22,1.315210015,100,1.020689703,8.58,1.401452322,5.15,1.383452623,7.064950595
Cameron Sample,2021,DE,Tulane,267,6,2,74,4.72,1.12766627,37,1.259945029,23,1.293671316,116,1.11397491,7.39,1.135688333,4.48,1.132292843,7.063238701
Carlos Basham,2021,DL,Wake Forest,274,6,3,75,4.64,1.193090681,34,1.204197262,20,1.170024494,122,1.218557693,7.13,1.139654215,4.25,1.117219542,7.042743886
Joe Tryon,2021,OLB,Washington,259,6,5,77,4.69,1.1455057,35,1.202999442,22,1.249011111,116,1.124405386,7.18,1.113747336,4.36,1.112281582,6.947950557
Darius Stills,2021,DL,West Virginia,278,6,1,73,4.98,1.09778659,32.5,1.136731537,23,1.328766357,110,1.085012596,7.18,1.133349468,4.49,1.165605973,6.947252522
Mustafa Johnson,2021,DE,Colorado,280,6,1,73,,1,29,1.02161152,27,1.571078145,103,1.02327545,7.18,1.141503062,4.51,1.179220989,6.936689166
Victor Dimukeje,2021,DE,Duke,262,6,1,73,4.87,1.057973521,34.5,1.137234794,28,1.524527682,115,1.069046093,7.25,1.078534155,4.35,1.06426842,6.931584665
Brock Wright,2021,TE,Notre Dame,257,6,4,76,4.62,1.138896735,31.5,1.06038643,26,1.445683403,118,1.120219586,7.27,1.104467323,4.25,1.061875041,6.93152852
Quinton Bohanna,2021,DL,Kentucky,327,6,4,76,5.46,1.226163291,29,1.242127666,,0,99,1.195834224,8.21,1.586997516,5.15,1.637217361,6.888340058
Adetokunbo Ogundeji,2021,DL,Notre Dame,260,6,4,76,4.75,1.120657594,32,1.08979249,22,1.237549995,120,1.152504488,7.17,1.101990475,4.64,1.172850583,6.875345625
Hamilcar Rashed,2021,OLB,Oregon St.,251,6,2,74,4.58,1.092495285,35.5,1.136424757,25,1.321899936,128,1.155552948,7.51,1.084968484,4.44,1.054936159,6.846277569
Elijah Ponder,2021,DT,Cincinnati,268,6,1,73,5.06,1.041565881,30,1.011546382,27,1.503746225,101,0.960402909,7.45,1.133667436,4.53,1.133688192,6.784617025
Darius Hodge,2021,DL,Marshall,248,6,1,73,4.73,1.031081532,38.5,1.201274236,26,1.339988344,127,1.117513301,7.16,1.008229286,4.67,1.081506637,6.779593334
Luke Farrell,2021,TE,Ohio St.,251,6,5,77,4.79,1.086947433,36.5,1.215805779,22,1.210431617,118,1.108462213,7.14,1.073332805,4.36,1.077925394,6.772905241
Ben Mason,2021,TE,Michigan,246,6,2,74,4.73,1.036776856,37.5,1.176535367,29,1.502858031,117,1.035206827,6.96,0.985479992,4.42,1.029264191,6.766121264
Daelin Hayes,2021,DL,Notre Dame,253,6,3,75,4.71,1.085276716,32.5,1.062850149,26,1.404456409,119,1.097496603,7.17,1.058212008,4.29,1.041302339,6.749594223
Briley Moore,2021,TE,Kansas St.,240,6,4,76,4.66,1.054431873,37.5,1.178862068,26,1.35005454,123,1.090446554,7.24,1.027153015,4.37,1.019633365,6.720581415
Donavaughn Campbell,2021,OL,Louisiana Tech,336,6,4,76,5.62,1.224041555,22,0.968238712,,0,93,1.154277572,8.34,1.656497044,5.15,1.682278389,6.685333272
Kyle Pitts,2021,TE,Florida,245,6,5,77,4.44,1.144599225,33.5,1.089202197,22,1.181496997,129,1.182826263,7.12,1.044740782,4.3,1.037679011,6.680544474
Jonathon Cooper,2021,DE,Ohio St.,253,6,2,74,4.69,1.075372698,33,1.064812334,28,1.492324964,108,0.982766706,6.99,1.017890736,4.31,1.032208137,6.665375574
Quinn Meinerz,2021,OL,Wisconsin‚ÄìWhitewater,320,6,2,74,4.99,1.278382334,32,1.305986142,,0,111,1.277553558,7.54,1.388752292,4.58,1.387346501,6.638020827
Tarron Jackson,2021,DE,Coastal Carolina,254,6,2,74,4.68,1.08193007,29,0.939442766,25,1.337699537,118,1.078007749,7.45,1.089164441,4.51,1.084375622,6.610620184
Azeez Ojulari,2021,OLB,Georgia,249,6,2,74,4.63,1.072086146,30,0.952706687,26,1.363821544,127,1.137389531,7.27,1.041926833,4.34,1.022959791,6.590890532
Baron Browning,2021,LB,Ohio St.,245,6,2,74,4.58,1.06637986,40,1.24986955,23,1.187076676,130,1.145554077,6.78,0.956091028,4.23,0.981015657,6.585986847
Shaka Toney,2021,DE,Penn St.,242,6,2,74,4.51,1.069670828,39,1.203700899,24,1.223521088,128,1.114118778,6.95,0.968063031,4.28,0.980457159,6.559531783
Rashad Weaver,2021,DL,Pittsburgh,259,6,4,76,4.88,1.086608611,32,1.08560098,20,1.120718352,114,1.090668189,6.97,1.067131352,4.26,1.072656633,6.523384117
Bruno Labelle,2021,TE,Cincinnati,247,6,4,76,4.73,1.069126299,36,1.164715724,19,1.015353519,123,1.122251245,7.36,1.074632832,4.43,1.063780534,6.509860152
Nolan Laufenberg,2021,OL,Air Force,312,6,4,76,5.34,1.196207545,29.5,1.205582942,,0,105,1.210129712,7.7,1.420138353,4.77,1.446852745,6.478911297
Daviyon Nixon,2021,DT,Iowa,313,6,3,75,4.9,1.290592476,28.5,1.153074461,,0,106,1.209444392,7.68,1.402292354,4.7,1.411371119,6.466774801
Jeremiah Littles,2021,DL,South Alabama,278,6,1,73,5.15,1.061548974,26,0.90938523,17,0.982131655,98,0.966647586,7.9,1.247000111,4.87,1.26425414,6.430967696
Zach Davidson,2021,TE,Central Missouri St.,245,6,6,78,4.58,1.124022014,37.5,1.235090687,17,0.92483177,117,1.086728327,6.95,1.033040234,4.19,1.024265341,6.427978373
John Bates,2021,TE,Boise St.,250,6,5,77,4.84,1.071432906,31.5,1.045076735,19,1.041207929,120,1.122758674,6.85,1.025635514,4.35,1.071168414,6.37728017
Micah Parsons,2021,LB,Penn St.,246,6,3,75,4.39,1.132169519,34,1.081140607,19,0.99793695,126,1.129903501,6.89,0.988751914,4.4,1.038452926,6.368355417
Quintin Morris,2021,TE,Bowling Green,243,6,2,74,4.6,1.053076132,34,1.053716553,22,1.126195547,119,1.040062394,7.12,0.995840379,4.55,1.046615488,6.315506493
Hunter Kampmoyer,2021,TE,Oregon,243,6,4,76,4.83,1.030035856,31,0.986707551,21,1.104059025,113,1.014314767,7.28,1.045738242,4.54,1.07253997,6.253395412
Jalen Camp,2021,WR,Georgia Tech,226,6,1,73,4.48,0.992048474,39.5,1.123143601,29,1.362016688,125,1.002341591,7,0.89825798,4.14,0.873714227,6.251522561
Jonathan Marshall,2021,DL,Arkansas,310,6,3,75,4.88,1.283461197,32,1.282271022,36,2.382750612,114,1.288256218,,0,,0,6.236739049
Patrick Johnson,2021,DE,Tulane,240,6,6,78,4.59,1.098683916,35,1.129225771,16,0.852666025,119,1.082747637,6.97,1.014869889,4.41,1.056044456,6.234237695
Curtis Robinson,2021,LB,Stanford,236,6,3,75,4.6,1.036561425,37.5,1.143961547,22,1.108534155,117,1.00654586,7,0.963702646,4.26,0.964540866,6.223846499
Pete Werner,2021,LB,Ohio St.,238,6,2,74,4.58,1.035911864,39.5,1.198982004,20,1.002747999,122,1.044342486,6.95,0.952061989,4.38,0.986780491,6.220826832
Naquan Jones,2021,DT,Michigan St.,313,6,3,75,5.42,1.166771796,25,1.011468825,20,1.336560827,100,1.140985275,,0,4.9,1.471429464,6.127216187
Josh Imatorbhebhe,2021,WR,Illinois,218,6,1,73,4.53,0.946369553,46.5,1.275378815,24,1.087285827,134,1.036474426,7.1,0.878839255,4.38,0.891643466,6.115991344
K.J. Britt,2021,LB,Auburn,235,6,1,73,4.76,0.970875133,32.5,0.960906156,24,1.172074172,118,0.983891409,7.38,0.984733764,4.4,0.965564224,6.038044858
Jack Stoll,2021,TE,Nebraska,247,6,3,75,4.6,1.084875728,31.5,1.005716702,16,0.843784088,119,1.071469016,6.86,0.98844857,4.32,1.023716565,6.018010668
Chauncey Golston,2021,DL,Iowa,269,6,4,76,4.79,1.149767337,36,1.268455586,,0,119,1.182462217,7.52,1.195791488,4.65,1.216064449,6.012541077
Mason Stokke,2021,FB,Wisconsin,242,6,2,74,4.96,0.972624079,30.5,0.941355831,22,1.121560998,112,0.974853931,7.2,1.002885442,4.34,0.994201886,6.007482167
Justin Hilliard,2021,LB,Ohio St.,229,6,1,73,4.81,0.936252249,34.5,0.993995297,27,1.284917483,114,0.926270073,7.2,0.936186952,4.34,0.928080909,6.005702964
George Silvanic,2021,DT,Air Force,286,6,5,77,5.21,1.138672004,29.5,1.119658719,,0,105,1.123881432,7.5,1.284664629,4.6,1.295842911,5.962719695
Paddy Fisher,2021,LB,Northwestern,240,6,3,75,4.91,0.987576213,31.5,0.977214609,20,1.024838973,110,0.962364577,7,0.980036589,4.47,1.0292427,5.961273662
Jake Hausmann,2021,TE,Ohio St.,242,6,4,76,4.98,0.994899525,29.5,0.93509959,16,0.83772615,112,1.001201334,7.65,1.094364857,4.44,1.044599216,5.907890673
Shaq Smith,2021,LB,Maryland,237,6,2,74,4.79,0.986334355,30,0.906793112,22,1.09838825,110,0.937663887,7.34,1.001262315,4.3,0.964686695,5.895128613
Noah Gray,2021,TE,Duke,240,6,3,75,4.55,1.065714111,35,1.08579401,15,0.76862923,115,1.006108422,6.83,0.9562357,4.37,1.006217136,5.88869861
Payton Turner,2021,DL,Houston,268,6,5,77,,1,35.5,1.262585404,23,1.351159089,,0,6.98,1.120347338,4.33,1.143013034,5.877104865
Tory Carter,2021,FB,LSU,229,6,1,73,4.86,0.926620024,35.5,1.022806755,24,1.142148874,112,0.910019721,7.21,0.937487212,4.38,0.93663465,5.875717236
Divine Deablo,2021,DB,Virginia Tech,226,6,3,75,4.42,1.033063557,34,0.993242997,19,0.916803864,126,1.038041428,7.12,0.938688379,4.4,0.954025859,5.873866083
Jon Rhattigan,2021,LB,Army,236,6,1,73,4.77,0.972962478,32,0.950149039,22,1.078973245,111,0.929463374,7.41,0.992944138,4.3,0.947634985,5.872127258
Amen Ogbongbemiga,2021,LB,Oklahoma St.,231,6,1,73,4.66,0.974829204,32,0.930018763,24,1.152123973,112,0.917967491,7.32,0.960102645,4.28,0.92324375,5.858285826
J.C. Chalk,2021,TE,Clemson,250,6,2,74,5.18,0.962103017,28.5,0.908706178,15,0.789980041,106,0.953129766,7.83,1.126692064,4.72,1.116995682,5.857606748
Jacob Harris,2021,WR,Central Florida,219,6,5,77,4.39,1.034784531,40.5,1.177054997,15,0.720077483,133,1.090086396,6.54,0.857796625,4.31,0.929715085,5.809515117
Josh Pederson,2021,TE,La-Monroe,234,6,4,76,4.81,0.996010648,28.5,0.873536793,19,0.96191386,110,0.950816202,7.31,1.011156951,4.43,1.007792085,5.801226538
Daniel Crawford,2021,TE,Northern Illinois,245,6,1,73,4.7,1.02511053,32.5,1.001795779,14,0.712803973,113,0.982294759,7.19,1.000206286,4.45,1.018091292,5.740302619
Ethan Tucky,2021,LB,Cincinnati,231,6,1,73,4.62,0.983269284,31.5,0.91548722,21,1.008108476,115,0.942555906,7.08,0.928623869,4.3,0.927557973,5.705602729
Blake Gallagher,2021,LB,Northwestern,228,5,11,71,4.83,0.902870936,31.5,0.878841672,27,1.244256997,107,0.841882365,7.23,0.910339187,4.4,0.911136908,5.689328065
Milo Eifler,2021,LB,Illinois,228,6,2,74,4.58,0.992386155,37.5,1.090447413,14,0.672431011,126,1.0332646,7.15,0.938305698,4.35,0.938844337,5.665679214
Gerrid Doaks,2021,RB,Cincinnati,228,5,11,71,4.58,0.952154284,39.5,1.102039557,19,0.875588257,120,0.944167138,7.2,0.906561846,4.27,0.884216954,5.664728036
Asim Rose,2021,RB,Kentucky,215,6,1,73,4.51,0.937485126,34,0.919701996,24,1.072323178,120,0.915412851,7.25,0.885056654,4.62,0.927557973,5.657537779
Kyree Campbell,2021,DL,Florida,287,6,2,74,5.46,1.047853532,25,0.915083063,,0,98,1.011612369,7.96,1.314917269,5.02,1.363813864,5.653280098
Zaven Collins,2021,LB,Tulsa,259,6,4,76,4.67,1.135471097,35,1.187376072,19,1.064682435,122,1.167206308,,0,4.36,1.097836366,5.652572278
Justin Hughes,2021,LB,Kansas St.,227,6,1,73,5.02,0.889251504,28.5,0.813955139,24,1.132173774,104,0.83763824,7.37,0.949922009,4.84,1.025963348,5.648904014
Tyler Coyle,2021,LB,Purdue,209,6,1,73,4.38,0.938371143,39,1.025511761,24,1.04239788,133,0.986268644,7.14,0.8473037,4,0.780668947,5.620522076
Tyree Thompson,2021,LB,Buffalo,229,6,1,73,5,0.900674664,31,0.893155195,18,0.856611655,109,0.885644193,7.87,1.023304349,4.96,1.060663896,5.620053951
Ronnie Perkins,2021,DE,Oklahoma,253,6,2,74,4.71,1.070806359,32,1.032545293,25,1.332433003,115,1.046464548,,0,4.69,1.123214887,5.605464091
Kawaan Baker,2021,WR,South Alabama,210,6,1,73,4.44,0.930119593,39.5,1.04362901,21,0.916462251,129,0.961183494,7.42,0.884744365,4.41,0.864805637,5.600944348
Trystan Slinker,2021,LB,Baylor,234,5,10,70,4.84,0.911692,30.5,0.86103465,20,0.932603465,119,0.947404183,7.59,0.967002102,4.63,0.970136078,5.589872478
Derrick Barnes,2021,DE,Purdue,238,6,1,73,4.57,1.024149188,37,1.107920079,29,1.434336158,119,1.004896231,,0,4.27,0.948998355,5.520300012
Simi Fehoko,2021,WR,Stanford,222,6,3,75,4.44,1.010208168,34.5,0.990011467,16,0.75838084,120,0.971113346,6.78,0.878042781,4.26,0.90732234,5.515078942
Trevon Grimes,2021,WR,Florida,220,6,4,76,4.49,1.00315846,35,1.008581992,15,0.713971151,118,0.958942837,6.98,0.907744112,4.28,0.915414547,5.507813098
Stevie Scott,2021,RB,Indiana,225,6,1,73,4.66,0.949508965,31,0.87755423,18,0.841649006,119,0.950006941,7.14,0.912169055,4.57,0.960194791,5.491082989
Noah Hannon,2021,OL,Appalachian St.,238,6,1,73,5.15,0.908808115,29.5,0.883341685,15,0.741898013,108,0.912006664,7.37,0.995953472,4.68,1.040119977,5.482127925
Romeo McKnight,2021,DE,Charlotte,252,6,4,76,4.98,1.036011076,38,1.254309241,,0,118,1.098425431,7.06,1.051696864,4.2,1.028966393,5.469409005
Nico Collins,2021,WR,Michigan,215,6,4,76,4.43,0.99363741,37.5,1.056063936,14,0.651228232,125,0.992742247,6.78,0.861694837,4.29,0.89669988,5.452066542
Kyle Poland,2021,LS,West Virginia,237,6,1,73,4.97,0.937765876,32.5,0.96908408,12,0.591024636,111,0.933401778,7.47,1.005225629,4.5,0.995913197,5.432415196
Kwity Paye,2021,DL,Michigan,261,6,2,74,4.52,1.151100918,35.3,1.175043176,36,1.979373992,118,1.107716624,,0,,0,5.413234709
Tarik Black,2021,WR,Texas,213,6,2,74,4.54,0.935265853,40,1.086621282,15,0.673062995,132,1.011252698,6.91,0.847151561,4.26,0.858931815,5.412286204
Tony Fields,2021,LB,West Virginia,222,6,1,73,4.64,0.940886987,34,0.949645782,17,0.784292185,114,0.897956141,7.15,0.901267315,4.48,0.928734579,5.402782989
William Bradley-King,2021,OLB,Baylor,252,6,3,75,4.74,1.074145394,34.5,1.123796801,,0,119,1.093158672,7.14,1.049619187,4.26,1.029933467,5.370653521
Deon Jackson,2021,RB,Duke,218,5,11,71,4.41,0.945487651,36,0.960338268,18,0.793122881,123,0.925325206,7.15,0.860780914,4.37,0.865234935,5.350289856
Ifeatu Melifonwu,2021,DB,Syracuse,205,6,2,74,4.48,0.912193923,41.5,1.085027061,16,0.69096921,134,0.988017912,7.01,0.827132992,4.34,0.842195812,5.345536909
Chuba Hubbard,2021,RB,Oklahoma St.,210,6,1,73,4.48,0.921814953,36,0.951155553,20,0.872821192,120,0.89412418,7.24,0.863281563,4.26,0.835390479,5.33858792
John Raine,2021,TE,Northwestern,231,6,1,73,5.05,0.899545364,31,0.900955677,15,0.720077483,107,0.8769868,7.32,0.960102645,4.54,0.979328651,5.336996619
DeVontres Dukes,2021,WR,South Florida,216,6,3,75,4.81,0.907297149,33,0.921373774,16,0.73788406,122,0.960614824,7.07,0.890853259,4.41,0.913884626,5.331907692
Kylin Hill,2021,RB,Mississippi St.,214,5,10,70,4.51,0.894777139,36,0.929439673,22,0.938183144,122,0.888272226,7.13,0.830755238,4.35,0.833563784,5.314991203
Chris Evans,2021,RB,Michigan,211,5,11,71,4.5,0.896825397,40.5,1.045689433,20,0.852950703,127,0.924738553,6.83,0.795853724,4.12,0.789543,5.305600808
Justin Henderson,2021,RB,Louisiana Tech,220,5,7,67,4.65,0.853933672,32,0.812932252,26,1.090998022,118,0.845383816,7.22,0.827763793,4.59,0.865461865,5.29647342
Tuf Borland,2021,LB,Ohio St.,229,6,1,73,4.98,0.904291831,32.5,0.936372381,15,0.713843046,109,0.885644193,7.17,0.932286173,4.29,0.917388733,5.289826357
Trey Ragas,2021,RB,Louisiana,214,5,10,70,4.6,0.877270629,33.5,0.864895251,23,0.980827832,117,0.851867626,7.19,0.837746166,4.5,0.862307363,5.274914868
Brenden Knox,2021,RB,Marshall,215,5,10,70,4.67,0.868158911,35,0.907844436,23,0.98541114,112,0.819273602,7.19,0.841660867,4.39,0.845159714,5.26750867
Darrick Forrest,2021,S,Cincinnati,206,5,11,71,4.42,0.891421096,39,0.983098579,21,0.874375531,132,0.938369621,6.91,0.786095593,4.23,0.791413955,5.264774374
Giles Amos,2021,TE,Arkansas St.,250,6,3,75,5.14,0.982692771,28.5,0.920985991,,0,111,1.011576402,7.65,1.115666653,5.13,1.230428564,5.26135038
Brendon White,2021,DB,Rutgers,215,6,1,73,4.66,0.907308566,34.5,0.933227026,19,0.848922516,112,0.854385328,6.82,0.832563639,4.33,0.869334637,5.245741712
Jamien Sherwood,2021,DB,Auburn,216,6,1,73,4.76,0.892378846,36,0.978331426,15,0.673319205,123,0.94266235,7.15,0.876908739,4.36,0.879429172,5.243029737
Seth Williams,2021,WR,Auburn,211,6,3,75,4.49,0.949460684,37,1.009142124,12,0.540602558,124,0.953761621,7.2,0.886233087,4.43,0.896778551,5.235978624
Wyatt Hubert,2021,DE,Kansas St.,258,6,2,74,4.93,1.043239721,32.5,1.069403691,,0,110,1.020748028,7.03,1.043947108,4.28,1.045280773,5.222619322
Rhamondre Stevenson,2021,RB,Oklahoma,231,5,11,71,4.64,0.952208285,31.5,0.890405378,15,0.700349333,112,0.892817697,7.09,0.904457801,4.15,0.870675237,5.210913731
Xavier Kelly,2021,DL,Arkansas,306,6,4,76,5.17,1.211780846,27,1.082195379,27,1.787524136,99,1.119037531,,0,,0,5.200537892
Levi Onwuzurike,2021,DL,Washington,290,6,2,74,4.89,1.182225892,30,1.10957807,29,1.771661906,109,1.136921958,,0,,0,5.200387826
Khalil McClain,2021,WR,Troy,214,6,2,74,4.7,0.907668457,32,0.873378232,15,0.676222915,114,0.877454859,7.72,0.950899323,4.5,0.911582069,5.197205856
Marco Wilson,2021,CB,Florida,191,5,11,71,4.37,0.83596845,43.5,1.016688392,26,1.003732983,136,0.896406637,6.8,0.717253,4.13,0.716439521,5.186488983
Gary Brightwell,2021,RB,Arizona,218,5,10,70,4.62,0.889799518,34.5,0.907361861,17,0.738510351,118,0.875207398,7.51,0.891386835,4.48,0.874521145,5.176787107
Branden Mack,2021,WR,Temple,217,6,5,77,4.66,0.965926654,31,0.892727771,11,0.523234384,115,0.93394809,7.13,0.926641473,4.37,0.934049007,5.17652738
Devon Key,2021,DB,Western Kentucky,208,5,11,71,4.56,0.872441768,38,0.967190835,20,0.840823442,123,0.882879096,7.13,0.818998221,4.15,0.783984629,5.166317989
Calvin Bundage,2021,LB,Oklahoma St.,221,6,1,73,4.81,0.903544747,31.5,0.875855738,14,0.642978278,116,0.909593948,7.31,0.917284924,4.43,0.91423244,5.163490075
Adam Bay,2021,LS,Wisconsin,240,5,11,71,5.27,0.871040971,26,0.763571712,14,0.679126626,100,0.828216788,7.65,1.013917854,4.56,0.993967537,5.149841486
Jamar Johnson,2021,DB,Indiana,205,6,2,74,4.58,0.892277025,35,0.915083063,17,0.734154785,122,0.899538696,7.22,0.851911583,4.41,0.855779616,5.148744768
Alaric Jackson,2021,OL,Iowa,321,6,6,78,5.2,1.297107288,25,1.078813906,,0,103,1.253462364,7.7,1.499553985,,0,5.128937543
Feleipe Franks,2021,QB,Arkansas,234,6,6,78,4.61,1.066569457,32.5,1.022352617,,0,117,1.037936443,7.16,1.016471549,4.22,0.985282294,5.12861236
Javonte Williams,2021,RB,North Carolina,212,5,9,69,4.55,0.866070335,36,0.907599702,22,0.916137719,123,0.87450944,6.97,0.793029741,4.09,0.765325223,5.122672159
Tamorrion Terry,2021,WR,Florida St.,207,6,2,74,4.44,0.929391515,32.5,0.858009938,15,0.654103474,126,0.938095492,7,0.834011137,4.53,0.887642391,5.101253948
Garrett Groshek,2021,RB,Wisconsin,217,5,11,71,4.64,0.894498692,33.5,0.889548807,17,0.745624441,115,0.861172914,7.08,0.848443809,4.32,0.851411666,5.090700331
Scooter Harrington,2021,TE,Stanford,250,6,4,76,5.19,0.986201937,29,0.949638888,,0,105,0.969655218,7.2,1.064039725,4.53,1.101005707,5.070541476
Tavante Beckett,2021,LB,Marshall,220,5,10,70,4.78,0.867905483,31,0.822790572,18,0.789126009,106,0.793416129,7.34,0.879201713,4.58,0.902243924,5.054683831
Jason Pinnock,2021,DB,Pittsburgh,204,6,1,73,4.49,0.893483002,39.5,1.013811038,15,0.635912583,128,0.92648296,6.9,0.799233839,4.1,0.781042473,5.049965894
Cornell Powell,2021,WR,Clemson,204,6,1,73,4.53,0.885593527,36.5,0.936812731,16,0.678306755,128,0.92648296,7.03,0.814291868,4.21,0.801997271,5.043485112
Sandon McCoy,2021,RB,Army,215,5,10,70,4.78,0.848180359,32,0.830029199,18,0.771191327,114,0.833903488,7.47,0.874437646,4.56,0.877887994,5.035630013
Jake Funk,2021,RB,Maryland,204,5,10,70,4.49,0.856764522,38,0.935230574,22,0.89434281,122,0.846764178,6.71,0.745285158,4.12,0.752598227,5.030985469
Nick Pickett,2021,S,Oregon,201,6,1,73,4.65,0.850052155,35.5,0.897747414,18,0.751873112,119,0.848672868,7.4,0.844544197,4.43,0.831496472,5.024386218
Kevin Thomson,2021,QB,Washington,198,6,1,73,4.75,0.819736076,35.5,0.884348199,21,0.86409298,126,0.885182938,6.98,0.784720897,4.23,0.782107022,5.020188112
Warren Jackson,2021,WR,Colorado St.,219,6,6,78,4.68,0.983269284,33.5,0.986257722,,0,123,1.021217546,7.81,1.037675341,4.53,0.989862078,5.018281971
Kyle Trask,2021,QB,Florida,236,6,5,77,5.1,0.959869429,31.5,0.986552438,,0,113,0.99805761,7.08,1.000708827,4.6,1.069296948,5.014485252
Jerry Jacobs,2021,DB,Arkansas,208,5,10,70,4.53,0.865850239,34.5,0.865739758,20,0.828980858,120,0.849213833,6.95,0.787078274,4.33,0.806467812,5.003330773
Nick Bolton,2021,LB,Missouri,237,5,11,71,4.6,0.985436107,32,0.928033311,24,1.14966436,,0,7.4,0.968523492,4.5,0.968627904,5.000285174
Donovan Stiner,2021,DB,Florida,205,6,1,73,4.56,0.884079838,34.5,0.889821118,15,0.639029801,127,0.923750914,7.08,0.824103434,4.3,0.823157509,4.983942613
Josh Johnson,2021,RB,La-Monroe,209,5,8,68,4.61,0.830488994,35.5,0.86954176,22,0.890084035,115,0.794378494,7.16,0.791480038,4.4,0.799918319,4.97589164
Frank Darby,2021,WR,Arizona St.,201,6,1,73,4.56,0.8668295,34.5,0.872458754,19,0.793643841,117,0.834409458,7.05,0.804599539,4.25,0.797711063,4.969652155
Amari Rodgers,2021,WR,Clemson,212,5,9,69,4.52,0.871818589,33,0.831966393,19,0.791209848,121,0.860289774,7.07,0.804407499,4.31,0.806491861,4.966183965
Brennan Eagles,2021,WR,Texas,225,6,3,75,4.55,0.999106979,36.5,1.061557537,,0,125,1.025246354,6.93,0.909596459,4.42,0.954121798,4.949629128
Nick Niemann,2021,LB,Iowa,234,6,3,75,4.45,1.062421175,33.5,1.013278482,,0,121,1.032136009,6.67,0.910488992,4.14,0.929426881,4.947751539
Chazz Surratt,2021,LB,North Carolina,229,6,2,74,4.58,0.996738726,31,0.905390197,25,1.206036197,,0,7.02,0.925286145,4.16,0.901775226,4.93522649
Damar Hamlin,2021,DB,Pittsburgh,200,6,1,73,4.6,0.855016768,35,0.880699586,18,0.74813245,118,0.837354391,6.93,0.786969381,4.4,0.821756787,4.929929363
Khalil Herbert,2021,RB,Virginia Tech,210,5,8,68,4.46,0.862527512,33,0.81217392,22,0.89434281,115,0.798179348,6.96,0.773052861,4.31,0.787305427,4.927581878
Adrian Hardy,2021,WR,Louisiana Tech,205,6,1,73,4.61,0.87449112,37.5,0.967196867,12,0.511223841,124,0.901930026,6.96,0.810135579,4.5,0.861443904,4.926421337
Amon-Ra St. Brown,2021,WR,USC,197,5,11,71,4.51,0.835463808,38.5,0.928094495,20,0.796356817,127,0.863381492,6.88,0.748487855,4.17,0.746102331,4.917886799
Caden Sterns,2021,DB,Texas,202,5,11,71,4.41,0.876094062,42,1.038163846,14,0.571598243,128,0.892265553,6.96,0.776409253,4.13,0.757700436,4.912231394
Dorian Etheridge,2021,LB,Louisville,233,6,1,73,4.87,0.940869581,35,1.026015018,,0,121,1.000319167,7.25,0.95915442,4.47,0.972577172,4.898935358
Greg Newsome,2021,DB,Northwestern,192,6,1,73,4.39,0.860080649,40,0.96625326,18,0.718207152,123,0.837922089,6.9,0.752220084,4.26,0.763785581,4.898468814
Paulson Adebo,2021,CB,Stanford,198,6,1,73,4.45,0.874999183,36.5,0.909259416,18,0.740651126,121,0.850056631,6.69,0.75211788,4.13,0.763617494,4.890701729
Jamar Watson,2021,OLB,Kentucky,241,6,1,73,4.78,0.991497478,30,0.909636858,19,0.951582914,,0,7.31,1.000297134,4.58,1.030725802,4.883740187
Nate Hobbs,2021,DB,Illinois,196,5,11,71,4.48,0.836789099,40.5,0.971351322,17,0.673467237,135,0.913109008,6.85,0.741441237,4.17,0.74231501,4.878472913
Brady Breeze,2021,S,Oregon,197,5,11,71,4.55,0.828119071,38,0.916041319,20,0.796356817,120,0.815793536,7.05,0.766982468,4.22,0.755048403,4.878341614
Jarell White,2021,LB,Cincinnati,202,5,8,68,4.58,0.80793126,35,0.828581474,22,0.860272608,125,0.834535343,7.21,0.770313115,4.35,0.764341264,4.865975064
Monty Rice,2021,LB,Georgia,233,6,1,73,4.58,1.000444293,32,0.938070873,,0,121,1.000319167,7.34,0.971061165,4.33,0.942116142,4.85201164
Elijah Mitchell,2021,RB,Louisiana,201,5,10,70,4.38,0.865365536,37.5,0.909352484,17,0.680920094,128,0.875343489,6.94,0.759495689,4.19,0.754129427,4.844606718
Jaelan Phillips,2021,DL,Miami (FL),260,6,5,77,4.56,1.182711551,36,1.242148348,21,1.196841114,125,1.216321896,,0,,0,4.838022909
Eric Stokes,2021,DB,Georgia,194,6,1,73,4.31,0.885170492,38.5,0.939706458,14,0.564424371,128,0.881067128,6.96,0.76666489,4.36,0.789857682,4.826891021
Logan Klusman,2021,LS,Kansas,235,6,1,73,5.16,0.895613495,31.5,0.931339812,,0,110,0.917186907,7.65,1.020760609,4.65,1.020425828,4.785326651
Elijah Sullivan,2021,LB,Kansas St.,214,6,1,73,4.69,0.897311841,26.35,0.709453842,13,0.578140132,115,0.87319032,7.12,0.865143944,4.31,0.861294494,4.784534574
JR Pace,2021,DB,Northwestern,205,6,1,73,4.72,0.85411103,35.5,0.915613034,12,0.511223841,120,0.872835509,6.94,0.807807603,4.24,0.81167159,4.773262607
Nick Oelrich,2021,DB,Florida,203,6,1,73,4.68,0.853007114,33.5,0.855599648,13,0.548422649,117,0.84271204,7.28,0.839116039,4.4,0.834083139,4.772940627
Antonio Nunn,2021,WR,Buffalo,204,5,11,71,4.5,0.867072895,33.5,0.836257865,15,0.61849032,120,0.844781124,7.12,0.80212168,4.32,0.800405437,4.769129321
Dedrick Mills,2021,RB,Nebraska,217,5,9,69,4.65,0.86743208,32.5,0.83868539,13,0.554121892,117,0.851469557,7.06,0.822214763,4.35,0.833174268,4.767097952
Dillon Stoner,2021,WR,Oklahoma St.,194,6,1,73,4.51,0.845916812,37,0.903094518,16,0.645056424,123,0.846650444,6.96,0.76666489,4.13,0.748190878,4.755573965
Joseph Ossai,2021,LB,Texas,256,6,3,75,4.63,1.117120048,41.5,1.373270901,19,1.038503492,131,1.222494639,,0,,0,4.751389079
Dyami Brown,2021,WR,North Carolina,189,6,1,73,4.46,0.833353787,35,0.832261109,18,0.706985165,128,0.858359213,6.87,0.737247225,4.35,0.767735616,4.735942115
Racey McMath,2021,WR,LSU,217,6,2,74,4.36,0.99216653,34,0.940973218,,0,124,0.967804367,7.38,0.921763613,4.38,0.899711624,4.722419352
Devon Wharton,2021,DE,Western Kentucky,215,6,2,74,5.1,0.840387553,30.5,0.836328528,4,0.181168756,115,0.889288055,8.12,1.004842404,4.7,0.956545879,4.708561175
Benjamin St-Juste,2021,DB,Minnesota,202,6,3,75,4.51,0.904931485,34.5,0.900821245,11,0.474415041,119,0.87626211,6.63,0.781264168,3.96,0.76744204,4.70513609
Jeremiah Owusu-Koramoah,2021,LB,Notre Dame,221,6,1,73,,1,36.5,1.014880459,,0,124,0.972324565,6.8,0.853288301,4.15,0.856447997,4.696941321
Jordyn Peters,2021,DB,Auburn,202,6,1,73,4.7,0.845193171,39.5,1.003871714,7,0.293849801,124,0.88873105,7.14,0.818925107,4.47,0.843178492,4.693749336
Jonathan Adams,2021,WR,Arkansas St.,210,6,2,74,4.59,0.912048507,39,1.044533838,,0,132,0.997009702,7.04,0.850933102,4.38,0.870688668,4.675213818
Gregory Rousseau,2021,DL,Miami (FL),266,6,6,78,4.68,1.194290545,30,1.072764482,21,1.240362609,115,1.159707641,,0,,0,4.667125277
Tre Nixon,2021,WR,Central Florida,187,6,1,73,4.44,0.828249352,35.5,0.835217743,18,0.699503841,125,0.829371139,6.81,0.723074962,4.27,0.745641564,4.661058601
Evan Tyler,2021,S,Boise St.,199,6,1,73,4.58,0.854456714,33,0.826222026,13,0.537616291,117,0.826106876,7.14,0.806762853,4.32,0.802781675,4.653946436
John Brunner,2021,OL,North Texas,194,6,2,74,,1,32.5,0.804125256,11,0.449551309,121,0.844293137,6.77,0.755951378,4.3,0.789659151,4.643580231
Connor Wedington,2021,WR,Stanford,196,6,1,73,4.47,0.862285367,38.5,0.949394154,13,0.529511523,117,0.813653004,6.66,0.741182071,4.07,0.744922527,4.640948647
Ramaud Chiaokhiao-Bowman,2021,WR,Northwestern,204,6,1,73,4.78,0.839275874,34.5,0.885480527,11,0.466335894,119,0.861339627,6.78,0.78533412,4.2,0.80009229,4.637858331
Brett DioGuardi,2021,LS,Florida,234,6,3,75,5.48,0.862732523,24.5,0.741054412,,0,98,0.835944867,7.88,1.075660159,4.95,1.111271271,4.626663232
Israel Tucker,2021,RB,Louisiana Tech,194,5,7,67,4.6,0.761199175,38.5,0.862470311,20,0.740047609,123,0.777062736,7.25,0.732970143,4.52,0.751541098,4.625291072
Darren Hall,2021,CB,San Diego St.,188,5,11,71,4.47,0.804430045,38.5,0.885694239,16,0.607980027,132,0.856376159,7.07,0.734019093,4.28,0.730798646,4.619298208
Tyson Campbell,2021,DB,Georgia,193,6,1,73,4.4,0.862595326,34.5,0.837734028,12,0.481298543,124,0.849134122,7.15,0.783534197,4.45,0.802006609,4.616302825
Deommodore Lenoir,2021,CB,Oregon,199,5,10,70,4.48,0.837630939,34.5,0.828279864,15,0.59483362,121,0.819239579,7.02,0.760606397,4.35,0.775136416,4.615726816
Sam Ehlinger,2021,QB,Texas,220,6,1,73,4.84,0.893881167,36.5,1.01028824,,0,114,0.889866446,7.15,0.893147789,4.44,0.912150033,4.599333675
Jermar Jefferson,2021,RB,Oregon St.,206,5,10,70,4.57,0.850019068,31,0.770431172,13,0.533656427,115,0.806004636,7.38,0.827738903,4.38,0.807936332,4.595786538
Trey Sermon,2021,RB,Ohio St.,215,6,1,73,4.57,0.925176788,37,1.000852173,,0,125,0.953555053,6.83,0.833784407,4.28,0.859296131,4.572664551
Isaiah McKoy,2021,WR,Kent St.,200,6,2,74,4.68,0.851913441,29.5,0.752472484,12,0.505587227,114,0.82005127,7.09,0.816168249,4.36,0.825440877,4.571633547
Mark Webb,2021,DB,Georgia,207,6,1,73,4.61,0.883022741,36.5,0.950589389,,0,136,0.998864441,7.3,0.858001033,4.52,0.873714227,4.564191831
Robert Rochell,2021,DB,Central Arkansas,193,5,11,71,4.41,0.837060168,43,1.015525903,9,0.351084211,133,0.885812364,6.84,0.729026818,4.08,0.715177081,4.533686544
Richie Grant,2021,DB,Central Florida,197,5,11,71,4.49,0.83918525,34.5,0.831669093,12,0.47781409,129,0.876978051,6.78,0.737608671,4.27,0.763994474,4.527249629
Mark Gilbert,2021,CB,Duke,186,6,1,73,4.47,0.818291216,36,0.842452061,13,0.502495629,130,0.857933439,7.05,0.744554797,4.37,0.759023127,4.524750269
Zech McPhearson,2021,DB,Texas Tech,191,5,10,70,4.48,0.803957334,40.5,0.933239952,14,0.53285933,130,0.844790844,6.88,0.715470267,4,0.684115083,4.514432811
Corey Dauphine,2021,RB,Tulane,198,5,11,71,4.71,0.804048488,30,0.726861533,14,0.560279466,117,0.799436254,7.4,0.809146209,4.53,0.814628328,4.514400279
Kadarius Toney,2021,WR,Florida,193,5,11,71,4.39,0.840873654,39.5,0.932866818,9,0.351084211,136,0.905793094,6.88,0.733290132,4.25,0.744976126,4.508884034
Zach Smith,2021,QB,Tulsa,222,6,3,75,5.23,0.857614582,29.5,0.846531544,,0,111,0.898279845,7.26,0.940205102,4.52,0.962698821,4.505329895
Mac Jones,2021,QB,Alabama,217,6,2,74,4.72,0.916492811,32,0.885621852,,0,116,0.905365376,7.04,0.879297539,4.39,0.90176576,4.488543339
Jamal Jones,2021,RB,Arkansas St.,198,5,6,66,4.67,0.753827286,28,0.630629161,23,0.855638058,112,0.711379896,7.39,0.751147644,4.65,0.777320007,4.479942051
Adam Krumholz,2021,WR,Wisconsin,193,6,1,73,4.6,0.825091181,35.5,0.862016173,11,0.441190331,118,0.808046987,7.03,0.770383973,4.28,0.771368155,4.478096801
Davis Mills,2021,QB,Stanford,217,6,3,75,4.82,0.909606525,32,0.897589715,,0,110,0.870137972,6.95,0.879787013,4.4,0.916033678,4.473154903
Rachad Wildgoose,2021,CB,Wisconsin,197,5,11,71,4.53,0.831775226,36,0.867828618,11,0.43799625,120,0.815793536,7.09,0.771334142,4.18,0.747891546,4.472619317
Cameron Kinley,2021,CB,Navy,197,6,1,73,4.52,0.857097561,33,0.817918287,10,0.409394702,116,0.810814514,7.06,0.789706172,4.25,0.781836216,4.466767452
Tre Norwood,2021,DB,Oklahoma,192,5,11,71,4.58,0.801814134,33.5,0.787066226,12,0.465686829,123,0.814965319,7.65,0.811134283,4.45,0.7759922,4.456658991
Patrick Jones,2021,DL,Pittsburgh,261,6,4,76,4.85,1.101772603,31.5,1.076890499,22,1.242309803,107,1.031602334,,0,,0,4.45257524
Shemar Jean-Charles,2021,DB,Appalachian St.,184,5,10,70,4.47,0.776225575,35,0.776945936,19,0.696662759,124,0.776268542,7.19,0.720305114,4.27,0.703528192,4.44993612
Eli Stove,2021,WR,Auburn,194,5,11,71,4.54,0.817304394,30.5,0.724047086,14,0.548960689,119,0.796675532,7.34,0.786371714,4.4,0.775265615,4.44862503
Hamsah Nasirildeen,2021,DB,Florida St.,215,6,3,75,,1,32,0.889316999,17,0.780372176,,0,7.05,0.884220512,4.31,0.889026611,4.442936298
Aaron Robinson,2021,DB,Central Florida,186,5,11,71,4.39,0.810375646,37,0.842131494,15,0.563917645,123,0.789497653,6.89,0.707721289,4.29,0.724713502,4.438357227
Keith Taylor,2021,DB,Washington,187,6,2,74,4.54,0.821101946,33.5,0.798959979,12,0.472724057,127,0.854184106,6.85,0.737285415,4.26,0.754085678,4.438341181
Ja'Marr Chase,2021,WR,LSU,201,6,1,73,4.34,0.910770166,41,1.036835041,,0,132,0.94138503,6.96,0.794328056,3.99,0.748909915,4.432228208
Rodarius Williams,2021,CB,Oklahoma St.,189,5,11,71,4.5,0.803317535,36.5,0.844150553,14,0.534812218,123,0.802231486,6.98,0.728529799,4.15,0.712370648,4.42541224
Carson Williams,2021,OL,Arkansas St.,254,6,4,76,4.79,1.085653917,38,1.264264076,18,0.989174576,115,1.078995387,,0,,0,4.418087956
Isaiah Dunn,2021,DB,Oregon St.,189,5,11,71,4.39,0.823446221,35.5,0.821023141,13,0.496611345,127,0.828320315,6.93,0.723311104,4.21,0.722669983,4.415382109
Zeandae Johnson,2021,DE,California,270,6,3,75,4.89,1.115567302,27.5,0.959764348,22,1.268238229,108,1.062975419,,0,,0,4.406545299
Tay Gowan,2021,DB,Central Florida,186,6,1,73,4.44,0.823820211,35.5,0.830751338,13,0.502495629,118,0.778739583,6.88,0.726600994,4.25,0.738180386,4.400588141
Blake Proehl,2021,WR,East Carolina,186,6,1,73,4.47,0.818291216,36,0.842452061,12,0.463842119,126,0.831535487,7,0.739274267,4.06,0.705179381,4.400574531
Lamont Wade,2021,S,Penn St.,190,5,9,69,4.47,0.790086746,35.5,0.802117399,16,0.597139508,118,0.751898361,7.14,0.728069182,4.34,0.727830395,4.397141591
Rakeem Boyd,2021,RB,Arkansas,213,5,11,71,4.7,0.866801596,32.5,0.847087368,6,0.258310663,98,0.720341551,7.22,0.849272174,4.38,0.847324629,4.38913798
Michael Carter,2021,RB,North Carolina,201,5,7,67,4.5,0.806191016,34,0.789144746,16,0.613400286,119,0.778918933,6.81,0.713328732,3.98,0.68563298,4.386616693
Chris Brown,2021,DB,Texas,191,5,10,70,4.55,0.791588759,36,0.829546624,15,0.570920711,118,0.766810151,6.85,0.712350484,4.18,0.714900262,4.386116991
Jordan Smith,2021,OLB,Ala-Birmingham,264,6,5,77,4.8,1.140861758,33,1.156153462,16,0.925907851,117,1.15599233,,0,,0,4.378915401
Jevon Holland,2021,S,Oregon,207,6,1,73,4.48,0.908646168,35.5,0.924545844,19,0.817334702,126,0.925418526,,0,4.14,0.800260376,4.376205617
Eric Burrell,2021,S,Wisconsin,197,5,11,71,4.73,0.796605026,35.5,0.855775443,8,0.318542727,124,0.842986654,7.21,0.784389162,4.26,0.762205259,4.360504272
Thomas Graham Jr.,2021,CB,Oregon,192,5,10,70,4.49,0.806366609,34.5,0.799144392,13,0.497388515,121,0.790422106,7.08,0.740123632,4.21,0.723800922,4.357246175
CJ Marable,2021,RB,Coastal Carolina,195,5,6,66,4.59,0.755345192,36,0.798523938,17,0.622845886,116,0.725622891,7.25,0.725752095,4.39,0.722737908,4.350827911
Jaylon McClain-Sapp,2021,DB,Marshall,183,5,9,69,4.49,0.757588629,41,0.892258984,14,0.503247178,125,0.767157672,7.21,0.708120537,4.46,0.720398511,4.34877151
Riley Cole,2021,LB,South Alabama,240,6,2,74,4.72,1.013632603,,0,26,1.314526789,,0,7.46,1.03051314,4.35,0.988257197,4.346929728
Brandin Echols,2021,DB,Kentucky,179,5,10,70,4.34,0.777751665,42.5,0.917797548,13,0.463711167,136,0.828255671,6.84,0.666620888,4.12,0.660368052,4.314504991
Dazz Newsome,2021,WR,North Carolina,190,5,10,70,4.59,0.780582056,34,0.779358812,12,0.454345278,121,0.782188543,7.38,0.763448503,4.38,0.745183995,4.305107186
Tommy Tremble,2021,TE,Notre Dame,241,6,3,75,4.6,1.058522472,36.5,1.137046073,20,1.029109135,122,1.071797095,,0,,0,4.296474774
Mac McCain,2021,DB,North Carolina A&T,186,5,11,71,4.45,0.799449233,35.5,0.807991028,13,0.488728625,123,0.789497653,6.94,0.712857147,4.12,0.695995251,4.294518937
Tylan Wallace,2021,WR,Oklahoma St.,194,5,11,71,4.48,0.828250435,33,0.783395208,11,0.431326256,112,0.749812265,6.97,0.746731723,4.25,0.748836105,4.288351993
Wes Dvorak,2021,DB,Iowa,198,5,11,71,4.52,0.837846987,41.5,1.005491788,,0,132,0.901928082,6.94,0.758847931,4.33,0.778662397,4.282777185
Ian Book,2021,QB,Notre Dame,211,6,1,73,4.65,0.892343307,32.5,0.862771059,,0,115,0.860949334,6.99,0.837441032,4.19,0.825576088,4.27908082
Wesley Burris,2021,LS,Kansas St.,203,5,9,69,5.3,0.711948972,30,0.724224605,12,0.478497316,102,0.694416033,7.51,0.81819498,4.74,0.849300222,4.276582127
Avery Williams,2021,CB,Boise St.,187,5,8,68,4.43,0.773261524,33.5,0.73417944,19,0.687792209,121,0.74784282,6.88,0.680472694,4,0.650651264,4.274199951
Nahshon Wright,2021,DB,Oregon St.,183,6,4,76,4.46,0.840058308,31,0.743076057,6,0.237557674,126,0.851745144,7.24,0.783204174,4.57,0.813052612,4.268693968
Jaret Patterson,2021,RB,Buffalo,195,5,6,66,4.59,0.755345192,30,0.665436615,19,0.696121872,117,0.731878261,7.03,0.703729273,4.35,0.716152597,4.268663811
DJ Daniel,2021,DB,Georgia,195,5,11,71,4.62,0.807291895,31,0.739710096,11,0.433549587,119,0.800782107,7.02,0.755965223,4.12,0.72967244,4.266971349
Lorenzo Burns,2021,CB,Arizona,183,5,10,70,4.56,0.756769979,33.5,0.739606687,14,0.510540615,123,0.765823484,7.55,0.752259752,4.51,0.739032332,4.264032848
Kiondre Thomas,2021,DB,Kansas St.,186,5,11,71,4.44,0.801249794,37.5,0.853511649,10,0.375945096,122,0.783078973,6.94,0.712857147,4.35,0.734849355,4.261492014
Shakur Brown,2021,CB,Michigan St.,185,5,9,69,4.61,0.745932452,35.5,0.781009046,17,0.617764392,116,0.719702891,7.08,0.702952244,4.23,0.690715105,4.258076131
Damonte Coxie,2021,WR,Memphis,198,6,2,74,4.77,0.827481206,30.5,0.770200226,4,0.166843785,122,0.86882274,6.92,0.788632643,4.45,0.834054996,4.256035596
Tre Brown,2021,CB,Oklahoma,185,5,9,69,4.42,0.777997422,38,0.836009683,13,0.472408065,123,0.763133238,7.11,0.705930855,4.27,0.69724669,4.252725954
Bailey Gaither,2021,WR,San Jose St.,188,6,1,73,4.45,0.830807305,31,0.733245313,9,0.351622252,121,0.807124478,7.07,0.754695687,4.39,0.770695808,4.248190842
Peyton Ramsey,2021,QB,Northwestern,215,6,1,73,4.77,0.886385308,28,0.757401644,,0,108,0.823871566,7.28,0.888718957,4.41,0.885396247,4.241773722
Shaun Beyer,2021,TE,Iowa,250,6,4,76,4.78,1.070792479,31.5,1.03150431,,0,119,1.09894258,,0,4.2,1.020799993,4.222039363
Mallory Claybourne,2021,CB,Coastal Carolina,191,5,9,69,4.57,0.776865555,33,0.749554628,12,0.450211761,116,0.743044606,7.37,0.755477772,4.32,0.728289372,4.203443693
Jaytlin Askew,2021,DB,Georgia Tech,180,5,8,68,4.51,0.731112962,35.5,0.74888764,18,0.627201451,125,0.743645355,7.1,0.675945236,4.31,0.674833223,4.201625868
Tyler Vaughns,2021,WR,USC,190,6,1,73,4.62,0.808749627,31.5,0.752998146,7,0.276393377,120,0.808969496,7.13,0.769197273,4.36,0.773571957,4.189879877
Josh Blancato,2021,WR,Georgia Tech,182,5,9,69,4.55,0.743513212,32,0.692591806,17,0.607746591,124,0.756861829,6.9,0.673971162,4.31,0.692365655,4.167050255
Dicaprio Bootle,2021,CB,Nebraska,180,5,9,69,4.38,0.763883437,36.5,0.781306347,16,0.565711113,126,0.760617967,6.77,0.654006417,4.03,0.640271852,4.165797132
Corey Straughter,2021,CB,La-Monroe,184,5,10,70,4.62,0.751023446,35,0.776945936,11,0.403331071,117,0.732446931,7.37,0.738337788,4.58,0.754604009,4.156689181
Riley Lees,2021,WR,Northwestern,192,5,11,71,4.47,0.821545578,35,0.822307997,7,0.27165065,119,0.788462382,6.78,0.718887639,4.16,0.725421921,4.148276168
Zac Thomas,2021,QB,Appalachian St.,205,6,1,73,4.59,0.878301539,30,0.773757494,,0,115,0.836467363,7.06,0.821775458,4.28,0.819328869,4.129630722
Kelvin Joseph,2021,DB,Kentucky,197,5,11,71,4.34,0.868189349,35,0.843722268,,0,128,0.870179772,7.21,0.784389162,4.22,0.755048403,4.121528953
Alex Leatherwood,2021,OL,Alabama,312,6,5,77,4.96,1.304797905,34.5,1.4284706,,0,118,1.377849444,,0,,0,4.111117949
Camryn Bynum,2021,CB,California,196,6,1,73,4.58,0.841575457,34,0.838426006,,0,129,0.897104594,6.99,0.777907309,4.1,0.750413357,4.105426723
David Moore,2021,QB,Central Michigan,200,6,1,73,4.86,0.809275131,29.5,0.742303937,,0,112,0.794777049,7.62,0.86532564,4.75,0.887123804,4.09880556
Whop Philyor,2021,WR,Indiana,184,5,9,69,4.57,0.748394042,31,0.67832137,14,0.505997162,120,0.740495798,7.2,0.711002545,4.34,0.704846278,4.089057196
Ar'Darius Washington,2021,S,TCU,178,5,7,67,4.61,0.696904851,37.5,0.770784486,17,0.577160842,127,0.736161269,7.06,0.654894361,4.1,0.625484323,4.061390132
Asante Samuel Jr.,2021,DB,Florida St.,180,5,10,70,4.45,0.76276392,35,0.760055807,12,0.430432369,124,0.759393139,6.95,0.681125429,4.13,0.665669048,4.059439713
AJ Parker,2021,DB,Kansas St.,182,5,11,71,4.53,0.768442087,33.5,0.746073193,10,0.367860256,117,0.734835345,7.02,0.705567542,4.37,0.722352102,4.045130524
Marlon Williams,2021,WR,Central Florida,209,5,11,71,4.63,0.86338252,33.5,0.856754381,14,0.591406103,119,0.858274155,,0,4.57,0.867478265,4.037295425
Mekhi Sargent,2021,RB,Iowa,208,5,8,68,4.62,0.824726368,33.5,0.816627399,,0,114,0.783703052,7.08,0.778892013,4.39,0.794281661,3.998230492
Dionte Ruffin,2021,DB,Western Kentucky,180,5,10,70,4.54,0.74764305,36.5,0.792629628,8,0.286954912,127,0.777765554,7.05,0.690925795,4.27,0.688234101,3.984153039
Richard LeCounte,2021,DB,Georgia,196,5,10,70,4.79,0.771610637,32.5,0.768500872,,0,128,0.853568776,7.44,0.793960309,4.49,0.788021777,3.975662371
Shaun Crawford,2021,S,Notre Dame,182,5,9,69,4.55,0.743513212,35,0.757522288,12,0.428997594,116,0.708032033,6.7,0.654435766,4.13,0.663450152,3.955951045
Brevin Jordan,2021,TE,Miami (FL),247,6,2,74,4.64,1.06118304,31,0.976556239,17,0.884566985,116,1.030531096,,0,,0,3.95283736
Bryson Denley,2021,RB,Bowling Green,189,5,7,67,4.56,0.748085733,27.5,0.600172639,13,0.468633241,110,0.67702348,7.25,0.71407916,4.57,0.740270724,3.948264977
Trae Meadows,2021,DB,Western Kentucky,183,6,1,73,4.65,0.773928081,29,0.667696101,6,0.228180397,118,0.766179268,7.3,0.758522652,4.39,0.750198579,3.944705078
Paris Ford,2021,DB,Pittsburgh,197,6,1,73,4.85,0.798779583,28.5,0.706383975,,0,110,0.768875833,7.44,0.832211603,4.45,0.818628508,3.924879502
Devonte Young,2021,DB,Iowa,195,5,11,71,4.7,0.793550757,32,0.763571712,,0,118,0.794052845,7.41,0.797963291,4.38,0.77571973,3.924858335
Anthony Schwartz,2021,WR,Auburn,186,6,1,73,4.27,0.856618673,32,0.748846277,,0,123,0.811737023,7.13,0.753003646,4.25,0.738180386,3.908386006
Scott Meyer,2021,LS,Vanderbilt,237,6,1,73,,1,,0,,0,102,0.857720553,7.54,1.014645414,4.65,1.029110303,3.90147627
Ihmir Smith-Marsette,2021,WR,Iowa,181,6,1,73,4.43,0.803484155,37,0.842577875,,0,124,0.796338218,7,0.719401303,4.2,0.709885806,3.871687357
Otis Anderson,2021,RB,Central Florida,179,5,7,67,4.63,0.697792746,36,0.744110147,11,0.375555088,113,0.658689463,7.04,0.656707895,4.38,0.67195426,3.804809599
K.J. Sails,2021,DB,South Florida,177,5,10,70,4.67,0.714716871,32.5,0.694003338,9,0.317443872,114,0.686515894,7.08,0.682301473,4.44,0.70370728,3.798688728
Brad Stewart,2021,DB,Florida,195,6,1,73,4.59,0.835457561,33.5,0.821881435,11,0.445762251,126,0.871771076,,0,4.44,0.80849662,3.783368944
Jaycee Horn,2021,DB,South Carolina,205,6,1,73,4.39,0.918315276,41.5,1.070364533,19,0.809437748,133,0.967392689,,0,,0,3.765510246
Trill Williams,2021,CB,Syracuse,208,6,2,74,,1,36,0.955002366,20,0.876351193,123,0.920183846,,0,,0,3.751537405
D'Wayne Eskridge,2021,WR,West. Michigan,190,5,8,68,4.38,0.794635588,35,0.779358812,,0,124,0.778679314,6.93,0.696414,4.22,0.697449443,3.746537157
Patrick Surtain,2021,DB,Alabama,208,6,2,74,4.42,0.938107036,39,1.034585897,18,0.788716073,131,0.980033202,,0,,0,3.741442208
James Wiggins,2021,S,Cincinnati,209,5,11,71,4.4,0.908513879,38,0.971840791,22,0.929352448,127,0.915973258,,0,,0,3.725680376
Terrace Marshall Jr.,2021,WR,LSU,205,6,2,74,4.4,0.928779267,39,1.019663985,19,0.820525936,125,0.9216585,,0,,0,3.690627688
Greg McCrae,2021,RB,Central Florida,182,5,9,69,4.57,0.740259325,37.5,0.811631023,,0,124,0.756861829,6.89,0.672994392,4.34,0.697184905,3.678931473
Nick McCloud,2021,CB,Notre Dame,193,6,1,73,4.45,0.852903244,34,0.825592955,12,0.481298543,,0,6.88,0.753946192,4.16,0.74974101,3.663481944
E.J. Muhammad,2021,DB,Nevada,184,5,10,70,4.72,0.735111932,31,0.688152115,,0,116,0.726186701,7.35,0.736334157,4.4,0.724947083,3.610731989
Kimere Brown,2021,CB,Temple,175,5,11,71,4.57,0.732419343,32.5,0.6959638,,0,124,0.748846012,7.37,0.712255203,4.32,0.686622311,3.576106669
Javian Hawkins,2021,RB,Louisville,183,5,8,68,4.46,0.751631118,36,0.772092609,,0,116,0.701604604,6.98,0.675596156,4.23,0.673345771,3.574270259
Marquez Stevenson,2021,WR,Houston,180,5,10,70,4.48,0.757656126,33,0.716624047,,0,122,0.747144863,6.76,0.662504734,4.14,0.667280838,3.551210608
Shawn Davis,2021,DB,Florida,202,5,10,70,,1,39.5,0.962616712,17,0.684307756,128,0.879698432,,0,,0,3.526622901
Dez Fitzpatrick,2021,WR,Louisville,208,6,1,73,4.43,0.923340907,35,0.91592757,,0,,0,7.09,0.837344506,4.26,0.827434379,3.504047362
Travis Etienne,2021,RB,Clemson,215,5,10,70,4.45,0.911079127,33.5,0.868936818,18,0.771191327,128,0.936312688,,0,,0,3.487519959
Tre Walker,2021,WR,San Jose St.,178,5,10,70,4.58,0.732878822,28,0.601288594,,0,113,0.684338423,7.75,0.751089152,4.47,0.712464669,3.482059661
Jaylen Harris,2021,WR,Ohio St.,170,5,8,68,4.77,0.6528585,30.5,0.60766548,8,0.263269745,109,0.612433264,7.37,0.662669629,4.5,0.665438793,3.46433541
Jamin Davis,2021,LB,Kentucky,234,6,3,75,4.47,1.057667612,42,1.270378992,,0,132,1.125966555,,0,,0,3.45401316
Pooka Williams,2021,RB,Kansas,170,5,9,69,4.46,0.708504742,31.5,0.636818187,4,0.133570679,118,0.672751165,7.03,0.641394279,4.26,0.639212676,3.432251728
Christian Tutt,2021,DB,Auburn,180,5,10,70,4.73,0.717610876,29.5,0.640618466,,0,110,0.673655204,7.22,0.707586417,4.25,0.685010522,3.424481486
Jaelon Darden,2021,WR,North Texas,174,5,7,67,4.47,0.702580571,35.5,0.713278767,,0,122,0.69128689,6.66,0.603906946,3.98,0.593533027,3.304586202
Brady White,2021,QB,Memphis,210,6,1,73,4.84,0.853250205,29,0.76620864,,0,,0,6.97,0.831087361,4.33,0.849117552,3.299663759
Harry Trotter,2021,RB,Kansas St.,207,5,8,68,4.63,0.818988635,32.5,0.788441565,22,0.881566484,112,0.766252174,,0,,0,3.255248858
Adam Jewell,2021,OL,Air Force,289,6,2,74,5.37,1.07283982,27.5,1.013605943,,0,107,1.112212519,,0,,0,3.198658283
Kenny Yeboah,2021,TE,Mississippi,250,6,3,75,,1,34,1.098720129,,0,116,1.057142907,,0,,0,3.155863036
Andre Mintze,2021,LB,Vanderbilt,253,6,2,74,4.59,1.098801297,,0,18,0.959351762,119,1.082863315,,0,,0,3.141016375
Ambry Thomas,2021,DB,Michigan,191,5,11,71,4.37,0.83596845,38,0.888141584,15,0.579076721,122,0.804129483,,0,,0,3.107316237
Brandon Smith,2021,WR,Iowa,218,6,1,73,4.62,0.927933783,39.5,1.083386305,,0,130,1.005534891,,0,,0,3.016854979
Jacoby Stevens,2021,S,LSU,212,6,1,73,4.63,0.900445305,42,1.120249874,,0,130,0.977859619,,0,,0,2.998554798
Josh Myers,2021,C,Ohio St.,310,6,5,77,,1,,0,29,1.970623006,,0,,0,,0,2.970623006
Tutu Atwell,2021,WR,Louisville,155,5,8,68,4.42,0.642388784,33,0.599461703,,0,117,0.599378156,6.89,0.564847977,4.14,0.558185717,2.964262337
Elijah Molden,2021,DB,Washington,192,5,9,69,4.62,0.772481259,36.5,0.833393437,13,0.490282965,125,0.804886737,,0,,0,2.901044398
Rondale Moore,2021,WR,Purdue,180,5,7,67,4.28,0.759072306,42.5,0.883370984,,0,,0,6.65,0.623793289,4.06,0.626341385,2.892577964
Wyatt Davis,2021,OL,Ohio St.,315,6,3,75,,1,,0,25,1.68137644,,0,,0,,0,2.68137644
Larry Borom,2021,OL,Missouri,322,6,5,77,5.12,1.304536527,31,1.324692821,,0,,0,,0,,0,2.629229348
Kary Vincent Jr.,2021,CB,LSU,185,5,9,69,4.36,0.788703808,35.5,0.781009046,8,0.290712655,117,0.725907226,,0,,0,2.586332736
Thomas Schaffer,2021,DE,Stanford,302,6,6,78,,1,,0,23,1.542348493,,0,,0,,0,2.542348493
Rashod Bateman,2021,WR,Minnesota,190,6,1,73,4.39,0.851121476,36,0.86056931,,0,123,0.829193734,,0,,0,2.540884519
Sage Surratt,2021,WR,Wake Forest,209,6,2,74,4.66,0.894070359,,0,18,0.792507978,,0,,0,4.25,0.840823233,2.52740157
Jordon Scott,2021,DT,Oregon,311,6,1,73,,1,,0,23,1.486497615,,0,,0,,0,2.486497615
Pat Freiermuth,2021,TE,Penn St.,251,6,5,77,,1,,0,26,1.430510093,,0,,0,,0,2.430510093
Deonte Brown,2021,OL,Alabama,344,6,3,75,,1,27,1.200577949,,0,,0,,0,,0,2.200577949
Drake Jackson,2021,C,Kentucky,293,6,1,73,,1,31,1.14277062,,0,,0,,0,,0,2.14277062
Ernest Jones,2021,LB,South Carolina,230,6,1,73,4.65,0.972696496,38.5,1.114084976,,0,,0,,0,,0,2.086781472
Chris Rumph,2021,DE,Duke,244,6,2,74,,1,,0,18,0.925224625,,0,,0,,0,1.925224625
Mike Hampton,2021,DB,South Florida,186,5,11,71,,1,,0,22,0.827079212,,0,,0,,0,1.827079212
Seth Cottengim,2021,S,Arkansas St.,230,5,11,71,,1,28.5,0.802117399,,0,,0,,0,,0,1.802117399
Pressley Harvin,2021,P,Georgia Tech,263,5,11,71,,1,,0,14,0.744209594,,0,,0,,0,1.744209594
Ben Skowronek,2021,WR,Notre Dame,220,6,2,74,,1,,0,13,0.602491445,,0,,0,,0,1.602491445
Christian Barmore,2021,DL,Alabama,310,6,4,76,4.93,1.287383607,,0,,0,,0,,0,,0,1.287383607
Robert Jones,2021,OL,Middle Tenn. St.,319,6,4,76,5.36,1.218481932,,0,,0,,0,,0,,0,1.218481932
Trey Hill,2021,OL,Georgia,319,6,3,75,5.5,1.171841475,,0,,0,,0,,0,,0,1.171841475
Justin Fields,2021,QB,Ohio St.,227,6,2,74,4.45,1.016897487,,0,,0,,0,,0,,0,1.016897487
Joshuah Bledsoe,2021,S,Missouri,,1,0,12,,1,,0,,0,,0,,0,,0,1
Joseph Carlson,2021,K,Air Force,175,6,1,73,,1,,0,,0,,0,,0,,0,1
Jackson Carman,2021,OT,Clemson,317,6,4,76,,1,,0,,0,,0,,0,,0,1
Drue Chrisman,2021,P,Ohio St.,209,6,2,74,,1,,0,,0,,0,,0,,0,1
Brady Christensen,2021,OL,BYU,,1,0,12,,1,34,0,30,0,124,0,,0,,0,1
Andre Cisco,2021,DB,Syracuse,,1,0,12,,1,,0,17,0,,0,,0,,0,1
Nolan Cooney,2021,P,Syracuse,195,6,2,74,,1,,0,,0,,0,,0,,0,1
Jabril Cox,2021,LB,LSU,232,6,3,75,,1,,0,,0,,0,,0,,0,1
Jack Crane,2021,K,Wake Forest,193,6,1,73,,1,,0,,0,,0,,0,,0,1
David Curry,2021,LB,Georgia Tech,227,6,1,73,,1,,0,,0,,0,,0,,0,1
Max Duffy,2021,P,Kentucky,196,6,1,73,,1,,0,,0,,0,,0,,0,1
Keith Duncan,2021,K,Iowa,176,1,0,12,,1,,0,,0,,0,,0,,0,1
Austin Faoliu,2021,DT,Oregon,287,6,3,75,,1,,0,,0,,0,,0,,0,1
Thomas Fletcher,2021,LS,Alabama,,1,0,12,,1,,0,,0,,0,,0,,0,1
Miller Forristall,2021,TE,Alabama,,1,0,12,,1,,0,,0,,0,,0,,0,1
Blake Haubeil,2021,K,Ohio St.,233,6,3,75,,1,,0,,0,,0,,0,,0,1
Malik Herring,2021,DL,Georgia,283,6,3,75,,1,,0,,0,,0,,0,,0,1
Johnathon Johnson,2021,WR,Missouri,,1,0,12,,1,,0,,0,,0,,0,,0,1
Alex Kessman,2021,K,Pittsburgh,189,6,2,74,,1,,0,,0,,0,,0,,0,1
Malcolm Koonce,2021,DE,Buffalo,249,6,2,74,,1,,0,,0,,0,,0,,0,1
Tommy Kraemer,2021,OL,Notre Dame,309,6,5,77,,1,,0,,0,,0,,0,,0,1
Trey Lance,2021,QB,North Dakota St.,224,6,3,75,,1,,0,,0,,0,,0,,0,1
Trevor Lawrence,2021,QB,Clemson,213,6,5,77,,1,,0,,0,,0,,0,,0,1
Blake Lynch,2021,K,Kansas St.,144,5,4,64,,1,,0,,0,,0,,0,,0,1
Artayvious Lynn,2021,TE,TCU,271,6,4,76,,1,,0,,0,,0,,0,,0,1
Tre' McKitty,2021,TE,Georgia,247,6,4,76,,1,,0,,0,,0,,0,,0,1
Joshua McMillon,2021,LB,Alabama,,1,0,12,,1,,0,,0,,0,,0,,0,1
Evan McPherson,2021,K,Florida,185,5,11,71,,1,,0,,0,,0,,0,,0,1
Israel Mukuamu,2021,DB,South Carolina,,1,0,12,,1,36,0,34,0,,0,,0,,0,1
Jonathan Nance,2021,WR,Missouri,,1,0,12,,1,,0,,0,,0,,0,,0,1
Jamie Newman,2021,QB,Georgia,234,6,2,74,,1,,0,,0,,0,,0,,0,1
Dayo Odeyingbo,2021,DL,Vanderbilt,276,6,5,77,,1,,0,,0,,0,,0,,0,1
Riley Patterson,2021,K,Memphis,181,5,10,70,,1,,0,,0,,0,,0,,0,1
Quincy Roche,2021,DL,Miami (FL),,1,0,12,,1,32.5,0,23,0,119,0,,0,,0,1
Zach Von Rosenberg,2021,P,LSU,235,6,4,76,,1,,0,,0,,0,,0,,0,1
Jet Toner,2021,K,Stanford,204,6,2,74,,1,,0,,0,,0,,0,,0,1
Khyiris Tonga,2021,DL,BYU,,1,0,12,,1,,0,35,0,,0,,0,,0,1
Carl Tucker,2021,TE,Alabama,,1,0,12,,1,,0,,0,,0,,0,,0,1
Shaun Wade,2021,CB,Ohio St.,196,6,1,73,,1,,0,,0,,0,,0,,0,1
Coby Weiss,2021,K,South Florida,155,5,8,68,,1,,0,,0,,0,,0,,0,1
Pro Wells,2021,TE,TCU,,1,0,12,,1,,0,,0,,0,,0,,0,1
Haydon Whitehead,2021,P,Indiana,202,6,2,74,,1,,0,,0,,0,,0,,0,1
Adam Williams,2021,P,Memphis,226,6,4,76,,1,,0,,0,,0,,0,,0,1
Zach Wilson,2021,QB,BYU,214,6,2,74,,1,,0,,0,,0,,0,,0,1
Antjuan Simmons,2021,LB,Michigan St.,218,5,11,71,4.8,0.868666779,,0,,0,,0,,0,,0,0.868666779
Jack Heflin,2021,DL,Iowa,304,1,0,12,5.3,0.18542085,29,0.182330667,,0,104,0.184400718,7.61,0.215929128,,0,0.768081363
Jarrett Patterson,2021,OL,Notre Dame,195,5,6,66,4.52,0.767043016,,0,,0,,0,,0,,0,0.767043016
Demetric Felton,2021,RB,UCLA,189,5,8,68,4.55,0.760919876,,0,,0,,0,,0,,0,0.760919876
Sadarius Hutcherson,2021,OL,South Carolina,321,1,0,12,4.95,0.209633501,,0,36,0.394767972,,0,,0,,0,0.604401473
Lorenzo Neal,2021,DT,Purdue,318,1,0,12,5.59,0.183897644,,0,27,0.293308914,,0,,0,,0,0.477206558
Kenneth Gainwell,2021,RB,Memphis,201,1,0,12,4.42,0.147005858,,0,21,0.144194843,,0,,0,,0,0.291200702
Zayne Anderson,2021,LB,BYU,,1,0,12,4.46,0,34,0,11,0,120,0,6.78,0,4.22,0,0
Brady Davis,2021,QB,Memphis,,1,0,12,4.65,0,31,0,,0,114,0,7.06,0,4.2,0,0
Tyree Gillespie,2021,S,Missouri,,1,0,12,4.38,0,,0,15,0,,0,7.06,0,,0,0
Damon Hazelton,2021,WR,Missouri,,1,0,12,4.6,0,37.5,0,,0,,0,,0,,0,0
Talanoa Hufanga,2021,S,USC,,1,0,12,4.65,0,,0,,0,,0,,0,,0,0
Dax Milne,2021,WR,BYU,,1,0,12,4.54,0,31,0,14,0,114,0,,0,4.19,0,0
Trevon Moehrig,2021,S,TCU,,1,0,12,4.5,0,33,0,,0,,0,,0,4.19,0,0
Elijah Moore,2021,WR,Mississippi,,1,0,12,4.35,0,36,0,17,0,121,0,6.63,0,4.07,0,0
Larry Rountree,2021,RB,Missouri,,1,0,12,4.62,0,30,0,,0,,0,6.96,0,,0,0
Elerson Smith,2021,DL,Northern Iowa,,1,0,12,4.71,0,41.5,0,26,0,127,0,7,0,4.39,0,0
Garret Wallow,2021,LB,TCU,,1,0,12,4.65,0,32.5,0,22,0,122,0,6.87,0,4.12,0,0
Isaiah Wilson,2020,OL,Georgia,350,6,6,78,5.32,1.382390125,29,1.36448114,26,2.020640841,110,1.459586276,8.26,1.753938815,5.07,1.770550726,9.751587922
John Simpson,2020,OL,Clemson,321,6,4,76,5.24,1.254200431,30,1.261382413,34,2.361297316,107,1.268752296,8.03,1.52372262,4.87,1.519796196,9.189151272
Matt Peart,2020,OL,Connecticut,318,6,7,79,5.06,1.3374677,30,1.298919863,26,1.859433671,113,1.379771257,8.01,1.565159034,4.92,1.581091782,9.021843306
Tristan Wirfs,2020,OL,Iowa,320,6,5,77,4.85,1.36860642,36.5,1.550031272,24,1.683468819,121,1.449107195,7.65,1.466134737,4.68,1.475109717,8.992458159
Derrick Brown,2020,DL,Auburn,326,6,5,77,5.16,1.31050364,27,1.168097196,28,2.000872836,108,1.317669579,8.22,1.604914452,4.79,1.538089495,8.940147198
Ezra Cleveland,2020,OL,Boise State,311,6,6,78,4.93,1.325524259,30,1.254247195,30,2.071711983,111,1.308737086,7.26,1.369819541,4.46,1.383973,8.714013066
John Molchon,2020,OL,Boise State,309,6,5,77,5.13,1.249428613,34,1.394231896,26,1.76106621,109,1.260521163,7.85,1.452749071,4.73,1.439620799,8.557617751
Justin Herron,2020,OL,Wake Forest,308,6,4,76,5.26,1.198831574,33,1.331328229,27,1.7992073,105,1.194615229,8.41,1.531200455,4.88,1.461241164,8.516423951
Charlie Heck,2020,OL,North Carolina,311,6,8,80,5.16,1.298913655,28,1.200646888,21,1.487382962,112,1.35438719,8.02,1.552017055,4.86,1.546765271,8.440113021
Raekwon Davis,2020,DL,Alabama,311,6,6,78,5.12,1.276334882,28,1.170630716,24,1.657369587,111,1.308737086,7.95,1.500009002,4.86,1.50809614,8.421177412
Cesar Ruiz,2020,OL,Michigan,307,6,3,75,5.08,1.220999636,33,1.309545133,28,1.835315794,113,1.264598089,7.91,1.416602054,4.64,1.366643961,8.413704668
Tyre Phillips,2020,OL,Mississippi State,331,6,5,77,5.37,1.27856862,25,1.098159998,22,1.596226555,93,1.152062675,8.17,1.619617723,5.11,1.666009165,8.410644735
Alex Taylor,2020,OL,South Carolina State,308,6,8,80,5.09,1.304074879,25,1.061665255,21,1.473035217,116,1.389226732,7.77,1.489132929,4.79,1.509781099,8.226916111
Calvin Throckmorton,2020,OL,Oregon,317,6,5,77,5.57,1.180522857,27,1.135849114,23,1.59819937,97,1.150790215,8.07,1.532128768,4.98,1.554952394,8.152442718
Andrew Thomas,2020,OL,Georgia,315,6,5,77,5.22,1.251729201,30.5,1.274993617,21,1.450019041,109,1.284997302,7.58,1.430020389,4.66,1.445855738,8.137615288
Danny Pinter,2020,OL,Ball State,306,6,4,76,4.91,1.275948467,29.5,1.182398655,24,1.588910343,110,1.243375034,7.76,1.403681205,4.62,1.374405111,8.068718816
Jon Runyan,2020,OL,Michigan,306,6,4,76,5.08,1.233249405,30.5,1.222479965,24,1.588910343,107,1.209464806,7.57,1.369312722,4.69,1.395229431,8.018646672
Jonah Jackson,2020,OL,Ohio State,306,6,3,75,5.23,1.182117397,26,1.028402041,28,1.829337566,98,1.093158672,7.83,1.397707182,5.02,1.473751209,8.004474068
Larrell Murchison,2020,DL,North Carolina State,297,6,2,74,5.05,1.17240159,29,1.098482289,29,1.814426159,118,1.260505123,7.89,1.348766955,4.51,1.267951022,7.962533139
Matt Hennessy,2020,OL,Temple,307,6,4,76,5.18,1.213393924,30,1.20636885,23,1.527681908,110,1.247438351,7.45,1.352010254,4.6,1.372927382,7.919820669
Cordel Iwuagwu,2020,OL,TCU,309,6,3,75,5.22,1.195993578,27,1.078426122,25,1.649350222,94,1.058819754,8.03,1.44746154,4.87,1.44373163,7.873782846
Colton McKivitz,2020,OL,West Virginia,306,6,6,78,5.35,1.201826719,26,1.069538123,20,1.358936478,106,1.229691959,7.87,1.461041347,5,1.526594877,7.847629504
Darrion Daniels,2020,DL,Nebraska,311,6,3,75,5.18,1.213029885,27,1.085406227,21,1.394421527,109,1.235727152,7.75,1.40603166,4.93,1.470978547,7.805594998
Josiah Coatney,2020,DL,Mississippi,308,6,3,75,5.21,1.194411193,27,1.07493607,22,1.446731016,99,1.111531087,8.07,1.449964133,4.82,1.424284622,7.701858122
Kyle Murphy,2020,OL,Rhode Island,316,6,3,75,5.3,1.204625589,28,1.143703024,19,1.281902748,104,1.197998086,7.81,1.439697083,4.68,1.418835239,7.68676177
Darryl Williams,2020,OL,Mississippi State,304,6,2,74,5.23,1.158732591,25.5,0.988672321,23,1.47294412,102,1.115269727,7.88,1.378806321,4.76,1.369777485,7.484202566
Austin Jackson,2020,OL,USC,322,6,5,77,5.07,1.317401779,31,1.324692821,27,1.905739312,115,1.385858456,7.95,1.533152906,,0,7.466845274
DaVon Hamilton,2020,DL,Ohio State,320,6,4,76,5.14,1.274618036,29.5,1.236495325,33,2.284707683,102,1.205697003,7.72,1.460335409,,0,7.461853456
James Smith-Williams,2020,DL,North Carolina State,265,6,4,76,4.6,1.179454638,32,1.110750038,28,1.605353315,123,1.204034736,7.35,1.151379653,4.52,1.164489745,7.415462125
Raequan Williams,2020,DL,Michigan State,308,6,4,76,5.04,1.251161524,25.5,1.028753632,17,1.132834226,101,1.149106077,7.72,1.405572832,4.78,1.431297698,7.398725988
James Lynch,2020,DL,Baylor,289,6,4,76,5.01,1.181009299,29,1.097782555,23,1.438110982,111,1.184974085,7.39,1.262489045,4.39,1.233427771,7.397793738
Jason Strowbridge,2020,DL,North Carolina,275,6,4,76,4.89,1.151375635,31,1.116644348,26,1.546937494,113,1.147887082,7.45,1.211084104,4.37,1.168329897,7.34225856
Rob Windsor,2020,DL,Penn State,290,6,4,76,4.9,1.211700029,28.5,1.082588333,21,1.317601306,111,1.189074342,7.47,1.280571809,4.44,1.251792449,7.333328267
Terence Steele,2020,OL,Texas Tech,312,6,6,78,5.03,1.30334929,27.5,1.153423466,27,1.870536093,106,1.253803566,,0,5.08,1.58143256,7.162544975
Alton Robinson,2020,DL,Syracuse,264,6,3,75,4.69,1.137291925,35.5,1.211435889,25,1.409153587,119,1.145213847,7.32,1.127322088,4.32,1.09417479,7.124592126
A.J. Epenesa,2020,DL,Iowa,275,6,5,77,5.04,1.131807299,32.5,1.186079152,17,1.024767803,117,1.204158677,7.34,1.208902356,4.46,1.208080975,6.963796262
LaDarius Hamilton,2020,DL,North Texas,262,6,2,74,4.89,1.068079943,30,1.002446394,27,1.49021835,114,1.074267164,7.66,1.155137082,4.49,1.113568967,6.9037179
D.J. Wonnum,2020,DL,South Carolina,258,6,5,77,4.73,1.131433148,34.5,1.181235304,20,1.131080613,123,1.187654125,7.25,1.120263491,4.44,1.128317096,6.879983777
Bradlee Anae,2020,DL,Utah,257,6,3,75,4.93,1.053239348,31,1.029823914,25,1.371789667,115,1.077374435,7.44,1.115421643,4.43,1.092284775,6.739933782
Logan Stenberg,2020,OL,Kentucky,317,6,6,78,5.3,1.256775203,26,1.107985572,,0,104,1.249860788,8,1.538564108,4.83,1.527702407,6.680888078
Derrek Tuszka,2020,DL,North Dakota State,251,6,4,76,4.79,1.072831233,33.5,1.101384634,24,1.303321883,120,1.112610102,6.87,1.019332323,4.34,1.059045967,6.66852614
Jonathan Greenard,2020,DL,Florida,263,6,3,75,4.87,1.091107796,30.5,1.036868649,22,1.235357978,113,1.08335276,7.13,1.093901673,4.34,1.095076625,6.635665481
Dalton Keene,2020,TE,Virginia Tech,253,6,4,76,4.71,1.099747072,34,1.126730168,21,1.149493553,125,1.168203667,7.07,1.057365832,4.19,1.030589952,6.632130243
Colby Parkinson,2020,TE,Stanford,252,6,7,79,4.77,1.124317217,32.5,1.115110449,18,1.020124713,109,1.054699084,7.15,1.107147335,4.46,1.135795799,6.557194596
Casey Toohill,2020,LB,Stanford,250,6,4,76,4.62,1.107876202,39,1.277100574,17,0.9195083,126,1.163586262,7.08,1.04630573,4.21,1.02323047,6.537607537
Charlie Woerner,2020,TE,Georgia,244,6,5,77,4.78,1.05884469,34.5,1.117137264,21,1.123189353,120,1.095812465,7.18,1.049244595,4.46,1.071897301,6.516125668
Keith Ismael,2020,OL,San Diego State,309,6,3,75,5.34,1.169117318,32,1.278134664,,0,108,1.216516313,8.14,1.46728978,4.65,1.378511721,6.509569796
Adam Trautman,2020,TE,Dayton,255,6,5,77,4.8,1.101968743,34.5,1.16750001,18,1.006135661,114,1.087953155,6.78,1.035457658,4.27,1.072498141,6.471513368
Shane Lemieux,2020,OL,Oregon,310,6,4,76,5.11,1.242035457,25.5,1.03543385,,0,107,1.225274803,8.13,1.489832955,4.9,1.476757324,6.469334389
Willie Gay Jr.,2020,LB,Mississippi State,243,6,1,73,4.46,1.07145487,39.5,1.207627854,21,1.060477748,136,1.172579996,7.08,0.976864071,4.3,0.975742803,6.464747341
Chauncey Rivers,2020,DL,Mississippi State,262,6,2,74,4.97,1.05088751,30.5,1.019153834,20,1.103865445,106,0.998879994,7.33,1.10537269,4.7,1.165651257,6.44381073
Josiah Deguara,2020,TE,Cincinnati,242,6,2,74,4.72,1.022079541,35.5,1.095676459,25,1.274501134,115,1.00096609,7.15,0.99592096,4.35,0.996492673,6.385636857
Brycen Hopkins,2020,TE,Purdue,245,6,4,76,4.66,1.076399204,33.5,1.075056714,21,1.113145931,116,1.049813383,7.25,1.050000312,4.28,1.019438927,6.38385447
Hunter Bryant,2020,TE,Washington,248,6,2,74,4.74,1.043000861,32.5,1.027953936,23,1.201612308,115,1.025783431,7.08,1.010621197,4.46,1.047022529,6.355994262
C.J. O'Grady,2020,TE,Arkansas,253,6,4,76,4.81,1.076883307,34,1.126730168,16,0.875804612,119,1.112129891,7.3,1.091763871,4.34,1.06748458,6.35079643
Kenny Willekes,2020,DL,Michigan State,264,6,3,75,4.87,1.095256494,32.5,1.109061025,32,1.803716592,119,1.145213847,7.39,1.13810249,,0,6.291350448
Zack Baun,2020,LB,Wisconsin,238,6,2,74,4.65,1.020317491,32.5,0.98650418,24,1.203297599,115,0.984421196,7,0.958911356,4.31,0.971010026,6.124461848
Chapelle Russell,2020,LB,Temple,236,6,2,74,4.69,1.003114453,35,1.053461478,21,1.044037623,121,1.027078249,7.38,1.002471027,4.41,0.985190192,6.11535302
Antonio Gandy-Golden,2020,WR,Liberty,223,6,4,76,4.6,0.992522205,36,1.051544965,22,1.061437111,127,1.046156397,7.33,0.966260386,4.55,0.98643306,6.104354124
Logan Wilson,2020,LB,Wyoming,241,6,2,74,4.63,1.037641611,32,0.983570813,21,1.066157064,121,1.048838381,7.07,0.980708458,4.27,0.974124361,6.091040689
Cole Kmet,2020,TE,Notre Dame,262,6,6,78,4.7,1.171325624,37,1.303180312,,0,123,1.22173058,7.44,1.182607352,4.41,1.152848532,6.031692399
Ross Blacklock,2020,DL,TCU,290,6,3,75,4.9,1.195756607,29,1.087086622,,0,107,1.13114291,7.77,1.314474075,4.67,1.299313375,6.02777359
Charlie Taumoepeau,2020,TE,Portland State,240,6,2,74,4.75,1.007230712,36.5,1.117230332,18,0.910057008,121,1.044486355,7,0.966969434,4.27,0.970082352,6.016056193
Joe Bachie,2020,LB,Michigan State,230,6,1,73,4.67,0.968530772,33.5,0.969398616,26,1.242731125,119,0.971118207,6.93,0.905014788,4.34,0.932133664,5.988927172
Dante Olson,2020,LB,Montana,237,6,2,74,4.88,0.968143762,42,1.269510357,15,0.748901079,124,1.057002927,7,0.954882316,4.32,0.969173609,5.967614051
Harrison Bryant,2020,TE,Florida Atlantic,243,6,5,77,4.73,1.065652151,32.5,1.048062668,13,0.692458073,110,1.000377978,7.41,1.078417562,4.37,1.045962713,5.930931146
Mykal Walker,2020,LB,Fresno State,230,6,3,75,4.65,0.999345715,33,0.981092445,20,0.982137349,122,1.022876895,7.09,0.951277182,4.25,0.937812024,5.87454161
Dezmon Patmon,2020,WR,Washington State,225,6,4,76,4.48,1.0282476,36,1.060975862,15,0.730197768,132,1.097095618,7.28,0.96827615,4.38,0.958093708,5.842886705
Davion Taylor,2020,LB,Colorado,228,6,1,73,4.49,0.998598649,35,1.003997528,21,0.995016159,127,1.02739126,6.96,0.901028839,4.26,0.906995377,5.833027812
Azur Kamara,2020,LB,Kansas,245,6,3,75,4.59,1.078435735,28,0.886731775,13,0.68002336,121,1.080655223,7.2,1.029038418,4.46,1.04833473,5.803219242
Juwan Johnson,2020,WR,Oregon,230,6,4,76,4.58,1.028147818,33,0.994173678,14,0.696662759,124,1.053507307,6.94,0.943566783,4.37,0.977148641,5.693206987
Stephen Sullivan,2020,TE,LSU,248,6,5,77,4.66,1.103916176,36.5,1.201274236,,0,123,1.141621019,7.51,1.115460223,4.62,1.128553492,5.690825145
AJ Dillon,2020,RB,Boston College,247,6,1,73,4.53,1.072262751,41,1.274120673,23,1.180594569,131,1.148062543,7.19,1.008371236,,0,5.683411772
Scoota Harris,2020,LB,Arkansas,234,6,1,73,4.69,0.981172761,33,0.971537458,18,0.875314967,111,0.921586566,7.38,0.980543408,4.32,0.943974432,5.674129591
Damien Lewis,2020,OL,LSU,327,6,2,74,5.24,1.244021234,30,1.251144927,27,1.85992901,108,1.270216257,,0,,0,5.625311427
Evan Weaver,2020,LB,California,237,6,2,74,4.76,0.992550748,32,0.967245986,15,0.748901079,117,0.997333407,7.02,0.957610552,4.21,0.944495578,5.608137349
David Woodward,2020,LB,Utah State,230,6,2,74,4.79,0.957202117,33.5,0.982678049,16,0.775233747,114,0.943058961,7.34,0.971689166,4.37,0.951434203,5.581296243
Neville Gallimore,2020,DL,Oklahoma,304,6,2,74,4.79,1.265171493,,0,23,1.47294412,,0,7.97,1.394554109,5.01,1.441719579,5.574389302
Shaun Bradley,2020,LB,Temple,235,6,1,73,4.51,1.024693045,32.5,0.960906156,14,0.683709934,121,1.008905598,7.07,0.943369609,4.24,0.930452798,5.552037139
Hakeem Adeniji,2020,OL,Kansas,302,6,4,76,5.17,1.195940574,34,1.344950635,26,1.69881863,115,1.282900028,,0,,0,5.522609866
Michael Pittman,2020,WR,USC,223,6,4,76,4.52,1.010088969,36.5,1.066149756,13,0.627212838,121,0.996731686,6.96,0.917485987,4.14,0.897545686,5.515214922
James Robinson,2020,RB,Illinois State,219,5,9,69,4.64,0.877313542,40,1.041741796,24,1.032422781,125,0.918073935,7.03,0.826266748,4.19,0.809925357,5.505744159
Jedrick Wills,2020,OL,Alabama,312,6,4,76,5.05,1.264900651,34.5,1.409919034,,0,113,1.302330071,,0,4.84,1.468085385,5.445235141
Kendall Coleman,2020,DL,Syracuse,257,6,3,75,4.95,1.048983835,32,1.063044041,,0,114,1.068005962,7.5,1.124416979,4.62,1.139132203,5.44358302
Joshua Jones,2020,OL,Houston,319,6,5,77,5.27,1.255597381,28.5,1.206516208,24,1.678207979,109,1.301314728,,0,,0,5.441636295
Kendrick Rogers,2020,WR,Texas A&M,208,6,4,76,4.51,0.94423478,35.5,0.967190835,17,0.765030906,124,0.952737043,7.13,0.876674152,4.48,0.905925968,5.411793684
Jonathan Taylor,2020,RB,Wisconsin,226,5,10,70,4.39,0.970781669,36,0.981557785,17,0.765611648,123,0.945771079,7.01,0.862573759,4.24,0.858045075,5.384341015
Denzel Mims,2020,WR,Baylor,207,6,3,75,4.38,0.954854296,38.5,1.030147067,16,0.707138891,131,0.988501524,6.66,0.804225025,4.43,0.879778009,5.364644813
Reggie Robinson II,2020,CB,Tulsa,205,6,1,73,4.44,0.907973888,36,0.928508992,22,0.937243708,132,0.96011906,7.09,0.825267422,4.18,0.800185671,5.359298741
La'Mical Perine,2020,RB,Florida,216,5,11,71,4.62,0.894231023,35,0.925096497,22,0.960479085,118,0.879566229,7.13,0.850498153,4.31,0.845526332,5.355397318
Curtis Weaver,2020,LB,Boise State,265,6,2,74,,1,32.5,1.09841852,,0,116,1.105630528,7,1.067695417,4.27,1.071132597,5.342877062
Justin Herbert,2020,QB,Oregon,236,6,6,78,4.68,1.059596123,35.5,1.126268275,,0,123,1.10049014,7.06,1.010841472,4.46,1.050217454,5.347413464
Alex Highsmith,2020,DL,Charlotte,248,6,3,75,4.7,1.066092024,33,1.057873593,,0,125,1.130049314,7.32,1.058999537,4.31,1.025481858,5.338496326
Gabriel Davis,2020,WR,UCF,216,6,2,74,4.54,0.948438611,35,0.964185081,14,0.637039905,124,0.963344439,7.08,0.880218462,4.59,0.938503559,5.331730058
Malik Harrison,2020,LB,Ohio State,247,6,3,75,4.66,1.070907371,36,1.149390517,,0,122,1.09848084,6.83,0.984125908,4.32,1.023716565,5.326621201
Sewo Olonilua,2020,RB,TCU,232,6,3,75,4.66,1.005872511,36,1.079589473,25,1.238347092,123,1.04022862,,0,4.28,0.952644325,5.316682021
Quintez Cephus,2020,WR,Wisconsin,202,6,1,73,4.73,0.839832538,38.5,0.97845724,23,0.96550649,124,0.88873105,7.2,0.825806831,4.33,0.816770217,5.315104366
Jack Driscoll,2020,OL,Auburn,306,6,5,77,5.02,1.264410351,29.5,1.197956532,23,1.542741348,114,1.305543786,,0,,0,5.310652016
Jalen Reagor,2020,WR,TCU,206,5,11,71,4.47,0.881449943,42,1.058721546,17,0.707827811,138,0.981022785,7.31,0.831600403,4.46,0.834445919,5.295068407
Jordan Elliott,2020,DL,Missouri,302,6,4,76,5.02,1.23167585,27.5,1.08782772,24,1.568140273,,0,,0,4.73,1.388735199,5.276379042
Benito Jones,2020,DL,Mississippi,316,6,1,73,5.26,1.181418607,26.5,1.053568333,,0,,0,8.21,1.473074952,5.27,1.555100014,5.263161906
Joshua Kelley,2020,RB,UCLA,212,5,11,71,4.49,0.903082604,31,0.804197642,23,0.985542092,121,0.88522571,6.95,0.8136746,4.28,0.824092091,5.215814739
Josh Metellus,2020,S,Michigan,209,5,11,71,4.55,0.878562872,36.5,0.933478654,20,0.844865862,124,0.894336095,6.94,0.801006149,4.4,0.835208833,5.187458465
Scottie Phillips,2020,RB,Mississippi,209,5,8,68,4.56,0.839595233,30,0.734824023,29,1.173292591,114,0.787470855,7.4,0.818010095,4.53,0.823552269,5.176745066
Brian Herrien,2020,RB,Georgia,209,5,11,71,4.62,0.865251313,38.5,0.98462817,18,0.760379276,126,0.90876087,7.12,0.821781525,4.4,0.835208833,5.176009987
Jacob Phillips,2020,LB,LSU,229,6,3,75,4.66,0.992865539,39,1.154431703,,0,126,1.051820739,7.38,0.985881807,4.33,0.951310761,5.136310549
Mitchell Wilcox,2020,TE,South Florida,247,6,3,75,4.88,1.02262876,31,0.989752945,,0,112,1.008441427,7.37,1.061933813,4.43,1.049783422,5.132540367
Jabari Zuniga,2020,DL,Florida,264,6,3,75,4.64,1.149547226,33,1.126123502,29,1.634618161,127,1.222203013,,0,,0,5.132491903
Cameron Clark,2020,OL,Charlotte,308,6,4,76,5.29,1.192032907,25,1.008581992,26,1.732569993,101,1.149106077,,0,,0,5.082290969
Tremayne Anchrum,2020,OL,Clemson,314,6,2,74,5.21,1.201443224,24.5,0.981147596,26,1.719839216,104,1.174543609,,0,,0,5.076973645
K'Von Wallace,2020,S,Clemson,206,5,11,71,4.53,0.869775109,38,0.957890923,18,0.749464741,133,0.945478481,6.76,0.769031289,4.15,0.776446315,5.068086858
Omar Bayless,2020,WR,Arkansas State,212,6,1,73,4.62,0.902394321,36,0.960214177,11,0.484623576,123,0.92520564,7.35,0.884744365,4.5,0.890859062,5.04804114
Kelly Bryant,2020,QB,Missouri,229,6,3,75,4.69,0.986514586,35,1.036028452,,0,125,1.043472956,7.33,0.979202391,4.51,0.990857167,5.036075551
Isaiah Hodgins,2020,WR,Oregon State,210,6,4,76,4.61,0.932634699,36.5,1.003997528,9,0.40891075,124,0.961897976,7.01,0.870207155,4.12,0.841139195,5.018787304
John Penisini,2020,DL,Utah,318,6,1,73,,1,25.5,1.020227563,23,1.519955761,,0,,0,4.93,1.463978392,5.004161716
Steven Montez,2020,QB,Colorado,231,6,4,76,4.68,1.010553538,33,0.998496172,,0,117,0.998357013,7.25,0.990000294,4.43,0.994871674,4.992278691
K.J. Osborn,2020,WR,Miami,203,5,11,71,4.48,0.866674424,37.5,0.931520778,18,0.738550206,123,0.861656041,7,0.784737075,4.35,0.802013005,4.985151529
Jacob Eason,2020,QB,Washington,231,6,6,78,4.89,0.992606995,27.5,0.853976989,,0,110,0.963326942,7.5,1.051089242,4.75,1.094807993,4.955808161
Michael Turk,2020,P,Arizona State,226,6,1,73,4.79,0.927844919,34.5,0.980973525,25,1.174152317,108,0.866023134,,0,4.72,0.996118636,4.945112531
Jordan Love,2020,QB,Utah State,224,6,4,76,4.74,0.967526518,35.5,1.04159013,,0,118,0.976378161,7.21,0.954703732,4.52,0.984323407,4.924521947
Tony Jones,2020,RB,Notre Dame,220,5,10,70,4.68,0.886450472,32.5,0.862603019,13,0.56992434,119,0.890721881,7.18,0.860036553,4.21,0.829355223,4.899091488
Kindle Vildor,2020,CB,Georgia Southern,191,5,10,70,4.44,0.811200193,39.5,0.91019699,22,0.837350376,133,0.864286018,7.14,0.742508388,4.28,0.732003139,4.897545103
Jalen Elliott,2020,S,Notre Dame,205,6,1,73,4.8,0.839875846,34,0.876925159,15,0.639029801,125,0.909203655,6.87,0.799659688,4.3,0.823157509,4.887851659
Jonathan Garvin,2020,DL,Miami,263,6,4,76,4.82,1.117125359,36,1.240162896,23,1.308730755,125,1.214377725,,0,,0,4.880396736
Freddie Swain,2020,WR,Florida,197,6,1,73,4.46,0.868628022,36.5,0.904667196,16,0.655031523,124,0.866732757,7.05,0.788587608,4.26,0.78367583,4.867322936
Nate Stanley,2020,QB,Iowa,235,6,4,76,4.81,1.000267104,28.5,0.877269856,,0,108,0.937518074,7.26,1.008532319,4.48,1.023522127,4.847109479
Malcolm Roach,2020,DL,Texas,297,6,2,74,4.84,1.223270254,30,1.136360989,20,1.251328386,114,1.217776136,,0,,0,4.828735765
James Morgan,2020,QB,Florida International,229,6,4,76,4.89,0.958781893,29,0.869869222,,0,112,0.947417792,7.51,1.016624933,4.64,1.033010706,4.825704545
Harrison Hand,2020,CB,Temple,197,5,11,71,4.52,0.833615436,41,0.988360371,14,0.557449772,133,0.904171169,7.15,0.777861652,4.27,0.763994474,4.825452874
Steven Wirtel,2020,LS,Iowa State,235,6,4,76,4.76,1.010774111,26,0.80031636,,0,120,1.041686749,7.12,0.989084038,4.28,0.977829175,4.819690432
Qaadir Sheppard,2020,DL,Mississippi,261,6,3,75,4.83,1.091777772,31.5,1.062720888,28,1.560317336,115,1.094142909,,0,,0,4.808958904
Cale Garrett,2020,LB,Missouri,234,6,2,74,4.92,0.948117325,32,0.955002366,,0,124,1.043623143,6.91,0.930673546,4.13,0.914819464,4.792235843
Nick Coe,2020,LB,Auburn,280,6,5,77,4.89,1.187734866,29,1.077590233,21,1.288905815,116,1.215573391,,0,,0,4.769804304
Blake Ferguson,2020,LS,LSU,229,6,3,75,5.07,0.912574637,31,0.9176252,,0,112,0.934951768,7.43,0.992561223,4.52,0.993054189,4.750767017
Cody White,2020,WR,Michigan State,217,6,3,75,4.66,0.94083765,35.5,0.99576359,,0,120,0.949241424,7.19,0.910168147,4.52,0.941016415,4.737027227
Cole McDonald,2020,QB,Hawaii,215,6,3,75,4.58,0.948448717,36,1.000481624,,0,121,0.948330094,7.13,0.89425422,4.52,0.932343453,4.723858107
Jaylon Johnson,2020,CB,Utah,193,6,1,73,4.5,0.843426541,36.5,0.886298319,15,0.601623179,124,0.849134122,7.01,0.768192269,4.13,0.744334224,4.693008654
Eno Benjamin,2020,RB,Arizona State,207,5,9,69,4.57,0.841943298,39,0.960043553,12,0.487925835,122,0.846942069,6.97,0.774326209,4.25,0.776508356,4.687689319
Tony Brown,2020,WR,Colorado,198,6,1,73,4.65,0.837364809,33.5,0.834525765,14,0.576061987,119,0.836006108,7.21,0.810578462,4.27,0.789502833,4.684039964
Aaron Parker,2020,WR,Rhode Island,209,6,2,74,4.57,0.911677872,26.5,0.706367602,12,0.528338652,112,0.841919304,6.94,0.83485148,4.23,0.836866418,4.660021327
Nick Harris,2020,OL,Washington,302,6,1,73,5.1,1.164499308,29.5,1.120878945,20,1.2552,103,1.103675664,,0,,0,4.644253917
Nevelle Clarke,2020,CB,UCF,190,6,1,73,,1,35,0.836664607,10,0.394847682,126,0.849417971,6.88,0.742226822,4.31,0.764700719,4.5878578
Alohi Gilman,2020,S,Notre Dame,201,5,10,70,4.6,0.823978488,32,0.775980786,17,0.680920094,119,0.8137959,6.81,0.745268824,4.08,0.73433128,4.574275373
Yetur Gross-Matos,2020,DL,Penn State,266,6,5,77,,1,34,1.20021257,20,1.16615288,120,1.194615229,,0,,0,4.560980679
John Reid,2020,CB,Penn State,187,5,10,70,4.49,0.785367479,36.5,0.823454113,20,0.745285675,129,0.82073659,6.95,0.70761364,3.97,0.664764655,4.547222153
Kevin Davidson,2020,QB,Princeton,224,6,4,76,5,0.917215139,28,0.821535877,,0,109,0.90190864,7.13,0.944110625,4.37,0.951657807,4.536428089
Cam Akers,2020,RB,Florida State,217,5,10,70,4.47,0.915439945,35.5,0.929379351,20,0.864850222,122,0.90072464,,0,4.42,0.85885097,4.469245128
Troy Pride,2020,CB,Notre Dame,193,5,11,71,4.4,0.838962577,35.5,0.838399292,13,0.507121638,119,0.792568957,6.94,0.739685104,4.26,0.746729011,4.46346658
Chase Claypool,2020,WR,Notre Dame,238,6,4,76,4.42,1.102422042,40.5,1.262561275,19,0.978356832,126,1.107734121,,0,,0,4.45107427
Jake Fromm,2020,QB,Georgia,219,6,2,74,5.01,0.871400323,30,0.837922749,,0,111,0.874325716,7.27,0.91639348,4.51,0.934953784,4.434996052
Stephen Guidry,2020,WR,Mississippi State,201,6,3,75,4.47,0.908509359,34,0.883370984,,0,125,0.915886743,7.31,0.8571295,4.46,0.86006237,4.424958957
Justin Madubuike,2020,DL,Texas A&M,293,6,3,75,4.83,1.225635583,,0,31,1.939294248,,0,7.37,1.259702863,,0,4.424632694
Kenneth Murray,2020,LB,Oklahoma,241,6,2,74,4.52,1.062893951,38,1.16799034,21,1.066157064,129,1.118183067,,0,,0,4.415224423
Carlos Davis,2020,DL,Nebraska,313,6,2,74,4.82,1.29451959,,0,27,1.780299021,,0,,0,4.52,1.339221026,4.414039638
Chris Miller,2020,S,Baylor,190,5,11,71,4.61,0.788298377,35.5,0.825367179,12,0.460835925,133,0.872043259,7.09,0.743926329,4.12,0.710962891,4.40143396
Essang Bassey,2020,CB,Wake Forest,191,5,9,69,4.46,0.796025916,39.5,0.897194176,12,0.450211761,128,0.81991129,6.95,0.712424765,4.13,0.696258126,4.372026033
Patrick Taylor,2020,RB,Memphis,217,6,1,73,4.57,0.933783083,34,0.928257364,15,0.676436424,123,0.947026527,,0,4.34,0.879447848,4.364951246
Isaiah Coulter,2020,WR,Rhode Island,198,6,2,74,4.45,0.886985473,36,0.909088791,,0,121,0.861701243,7.28,0.829659775,4.62,0.865917771,4.353353052
DeeJay Dallas,2020,RB,Miami,217,5,10,70,4.58,0.893453396,33.5,0.877019951,,0,119,0.878575674,7.18,0.848308782,4.32,0.839419953,4.336777755
Shea Patterson,2020,QB,Michigan,212,6,1,73,4.71,0.885151117,31,0.826851097,,0,116,0.87255166,7.14,0.859465954,4.5,0.890859062,4.334878891
Brian Lewerke,2020,QB,Michigan State,213,6,2,74,4.95,0.857799388,31,0.842131494,,0,113,0.865693597,7.14,0.875349081,4.4,0.887159621,4.328133181
James Proche,2020,WR,SMU,201,5,11,71,,1,34.5,0.848555775,20,0.812526499,,0,7.27,0.806975895,4.4,0.803239117,4.271297285
Jeremy Chinn,2020,S,Southern Illinois,221,6,3,75,4.45,1.003397776,41,1.171235658,20,0.943705887,138,1.111749806,,0,,0,4.230089127
Jet Anderson,2020,RB,TCU,208,5,10,70,4.61,0.850824638,36,0.903380617,19,0.787531815,128,0.905828089,,0,4.19,0.780392641,4.227957799
Michael Ojemudia,2020,CB,Iowa,200,6,1,73,4.45,0.883837558,36,0.905862431,,0,122,0.865739285,6.87,0.780155793,4.21,0.786271835,4.221866903
Kristian Fulton,2020,CB,LSU,197,6,1,73,4.46,0.868628022,35.5,0.879881794,,0,123,0.859742976,6.94,0.776283404,4.36,0.802071976,4.186608173
Khaleke Hudson,2020,LB,Michigan,224,5,11,71,4.56,0.939552673,33,0.904538797,30,1.358253252,120,0.927602802,,0,,0,4.129947524
Malcolm Perry,2020,WR,Navy,186,5,9,69,4.63,0.746724932,36,0.796290304,10,0.365355094,122,0.76102041,7.12,0.710744935,4.31,0.707582482,4.087718158
Devin Duvernay,2020,WR,Texas,200,5,10,70,4.39,0.859098822,35.5,0.85657083,,0,123,0.836965557,7.13,0.776406764,4.2,0.752168416,4.081210389
Grayland Arnold,2020,CB,Baylor,186,5,9,69,4.59,0.753232339,33,0.729932779,12,0.438426113,120,0.748544666,7.01,0.699764325,4.3,0.705940759,4.075840981
John Hightower,2020,WR,Boise State,189,6,1,73,4.43,0.838997267,38.5,0.91548722,,0,122,0.818123625,7.07,0.758710026,4.21,0.743026884,4.074345021
Devin Asiasi,2020,TE,UCLA,257,6,3,75,4.73,1.097773781,30.5,1.013213851,16,0.877945387,115,1.077374435,,0,,0,4.066307454
Rashard Lawrence II,2020,DL,LSU,308,6,2,74,5.07,1.211027722,,0,22,1.42744127,,0,8.03,1.423540169,,0,4.062009161
J.J. Taylor,2020,RB,Arizona,185,5,5,65,4.61,0.702689991,34.5,0.715008282,19,0.650416901,118,0.689670312,7,0.654718888,4.15,0.638367765,4.050872139
Quez Watkins,2020,WR,Southern Miss,185,6,1,73,4.35,0.836343988,36.5,0.849560565,,0,125,0.82050086,7.28,0.764711661,4.36,0.7532148,4.024331874
Joe Reed,2020,WR,Virginia,224,6,1,73,4.47,0.985468991,38,1.070930697,21,0.977559735,123,0.97757577,,0,,0,4.011535193
Cameron Brown,2020,LB,Penn State,233,6,5,77,4.72,1.02396298,35.5,1.097695519,16,0.817183823,123,1.072571361,,0,,0,4.011413682
Shaquille Quarterman,2020,LB,Miami,234,6,1,73,4.74,0.970822837,31,0.9126564,23,1.118458013,120,0.996309801,,0,,0,3.99824705
Tanner Muse,2020,S,Clemson,227,6,2,74,4.41,1.026121047,34.5,0.998811569,20,0.956402504,124,1.012403647,,0,,0,3.993738766
Netane Muti,2020,OL,Fresno State,315,6,3,75,,1,,0,44,2.959222534,,0,,0,,0,3.959222534
Ben Victor,2020,WR,Ohio State,198,6,4,76,4.6,0.881252899,35,0.907723793,9,0.385544422,128,0.936188261,7.1,0.831015025,,0,3.9417244
Dane Jackson,2020,CB,Pittsburgh,187,6,1,73,4.57,0.804688648,35,0.823454113,,0,122,0.809466232,7.07,0.750681348,4.27,0.745641564,3.933931905
Daniel Bituli,2020,LB,Tennessee,246,6,2,74,4.84,1.013213746,32,1.003976846,16,0.829163052,121,1.070598513,,0,,0,3.916952157
Yasir Durant,2020,OL,Missouri,331,6,6,78,5.52,1.259978477,25,1.112421816,21,1.543458735,,0,,0,,0,3.915859028
Justin Strnad,2020,LB,Wake Forest,238,6,3,75,4.74,1.01447065,29,0.892160745,,0,113,0.98037246,,0,4.49,1.025232415,3.912236269
JaMycal Hasty,2020,RB,Baylor,205,5,8,68,4.55,0.825336373,39,0.936988526,15,0.595260637,123,0.833378561,,0,4.03,0.718630403,3.909594501
Kyle Dugger,2020,S,Lenoir-Rhyne,217,6,1,73,4.49,0.950420644,42,1.146670861,17,0.766627947,134,1.031719957,,0,,0,3.895439408
Patrick Queen,2020,LB,LSU,229,6,1,73,4.5,1.000749626,35,1.008401026,18,0.856611655,125,1.01564701,,0,,0,3.881409318
Jeff Gladney,2020,CB,TCU,191,5,10,70,4.48,0.803957334,37.5,0.864111067,17,0.647043473,124,0.805800498,7.26,0.75498752,,0,3.875899891
Francis Bernard,2020,LB,Utah,234,6,1,73,4.81,0.956694438,32.5,0.956817193,19,0.923943576,120,0.996309801,,0,,0,3.833765008
Braden Mann,2020,P,Texas A&M,198,5,11,71,4.83,0.784072128,31,0.751090251,,0,111,0.758439523,7.03,0.768688898,4.13,0.742696467,3.804987268
Daniel Thomas,2020,S,Auburn,215,5,10,70,4.51,0.89895834,37,0.959721261,24,1.028255103,125,0.914367859,,0,,0,3.801302563
Antonio Gibson,2020,WR,Memphis,228,6,1,73,4.39,1.021345771,35,1.003997528,16,0.758107549,118,0.954584006,,0,,0,3.738034854
Kamren Curl,2020,S,Arkansas,206,6,1,73,4.6,0.880667271,34.5,0.894161708,24,1.027435231,125,0.913638795,,0,,0,3.715903006
Michael Divinity,2020,LB,LSU,242,6,2,74,4.85,0.994683594,31,0.956787894,14,0.713720635,115,1.00096609,,0,,0,3.666158213
C.J. Henderson,2020,CB,Florida,204,6,1,73,4.39,0.91383569,37.5,0.962478833,20,0.847883443,127,0.919244812,,0,,0,3.643442778
Rodney Clemons,2020,S,SMU,209,6,1,73,4.71,0.872625394,33.5,0.880888307,21,0.912098145,118,0.875035338,,0,,0,3.540647185
Simon Stepaniak,2020,OL,Indiana,313,6,4,76,,1,,0,37,2.50560603,,0,,0,,0,3.50560603
Terrell Lewis,2020,LB,Alabama,262,6,5,77,,1,37,1.286472872,,0,124,1.215872793,,0,,0,3.502345665
Tyrie Cleveland,2020,WR,Florida,209,6,2,74,4.46,0.9341632,39.5,1.052887558,13,0.572366873,126,0.947159217,,0,,0,3.506576848
Jordan Fuller,2020,S,Ohio State,203,6,2,74,4.67,0.866543732,35.5,0.919100501,,0,122,0.890762709,,0,4.27,0.820527989,3.49693493
Isaiah Simmons,2020,LB,Clemson,238,6,4,76,4.39,1.109955678,39,1.215799746,,0,132,1.160483365,,0,,0,3.486238789
Darrell Stewart,2020,WR,Michigan State,212,6,1,73,,1,35,0.933541561,15,0.660850331,117,0.880073657,,0,,0,3.474465549
Zack Moss,2020,RB,Utah,223,5,9,69,4.65,0.891416377,33,0.875134461,19,0.832263189,,0,,0,4.37,0.860147949,3.458961977
Darrynton Evans,2020,RB,Appalachian State,203,5,10,70,4.41,0.868030722,37,0.906155423,20,0.809053433,125,0.863333374,,0,,0,3.446572953
Austin Mack,2020,WR,Ohio State,208,6,1,73,4.59,0.891154732,31.5,0.824334813,,0,117,0.863468494,,0,4.42,0.858511727,3.437469765
Trey Adams,2020,OL,Washington,318,6,8,80,5.6,1.223795038,24.5,1.074212208,,0,92,1.137573256,,0,,0,3.435580501
Benny LeMay,2020,RB,Charlotte,221,5,8,68,4.75,0.852289592,28.5,0.738164132,24,1.026752005,112,0.818075993,,0,,0,3.435281721
Dom Wood-Anderson,2020,TE,Tennessee,261,6,4,76,4.92,1.086096977,35,1.196544999,,0,119,1.147296054,,0,,0,3.42993803
Xavier McKinney,2020,S,Alabama,201,6,1,73,4.63,0.853724086,36,0.910391744,19,0.793643841,122,0.870067982,,0,,0,3.427827653
Jeff Okudah,2020,CB,Ohio State,205,6,1,73,4.48,0.899866978,41,1.057468575,11,0.468621854,135,0.981939948,,0,,0,3.407897355
Mekhi Becton,2020,OL,Louisville,364,6,7,79,5.1,1.518930514,,0,23,1.882822774,,0,,0,,0,3.401753288
Myles Bryant,2020,CB,Washington,183,5,8,68,4.62,0.725600603,31.5,0.675581033,,0,115,0.695556289,6.81,0.659141809,4.02,0.639917258,3.395796991
Terrell Burgess,2020,S,Utah,202,5,11,71,4.46,0.866272379,33.5,0.828059258,20,0.816568919,122,0.850440605,,0,,0,3.361341162
Kalija Lipscomb,2020,WR,Vanderbilt,207,6,1,73,4.57,0.890751605,32,0.833393437,16,0.688281854,127,0.932763118,,0,,0,3.345190014
Jerry Jeudy,2020,WR,Alabama,193,6,1,73,4.45,0.852903244,35,0.849875101,,0,120,0.821742699,,0,4.53,0.816424706,3.340945749
Brandon Aiyuk,2020,WR,Arizona State,205,6,1,73,4.5,0.89586757,40,1.031676658,11,0.468621854,128,0.931024543,,0,,0,3.327190625
Khalil Davis,2020,DL,Nebraska,308,6,1,73,4.75,1.275145008,,0,32,2.048220397,,0,,0,,0,3.323365404
J.R. Reed,2020,S,Georgia,202,6,1,73,4.54,0.874979715,34,0.864092108,15,0.629678145,130,0.931734165,,0,,0,3.300484134
Jake Hanson,2020,OL,Oregon,303,6,4,76,5.5,1.127906603,,0,33,2.163332587,,0,,0,,0,3.291239191
L'Jarius Sneed,2020,S,Louisiana Tech,192,6,1,73,4.37,0.864016945,41,0.990409592,12,0.478804768,131,0.892421086,,0,,0,3.225652391
Carter Coughlin,2020,LB,Minnesota,236,6,3,75,4.57,1.043365985,36,1.098203085,,0,126,1.083972465,,0,,0,3.225541535
Lamar Jackson,2020,CB,Nebraska,208,6,2,74,4.58,0.905334738,36.5,0.968266288,10,0.438175596,122,0.912702677,,0,,0,3.224479299
A.J. Terrell,2020,CB,Clemson,195,6,1,73,4.42,0.867590544,34.5,0.846415209,15,0.607857616,129,0.89252753,,0,,0,3.214390899
Donovan Peoples-Jones,2020,WR,Michigan,212,6,2,74,4.48,0.943342008,44.5,1.203190748,,0,139,1.059880299,,0,,0,3.206413056
Clyde Edwards-Helaire,2020,RB,LSU,207,5,7,67,4.6,0.812207367,39.5,0.944167693,15,0.592228821,123,0.82913395,,0,,0,3.177737832
Noah Igbinoghene,2020,CB,Auburn,198,5,10,70,4.48,0.833421739,37,0.883836324,15,0.591844507,128,0.862278661,,0,,0,3.171381231
K.J. Hill,2020,WR,Ohio State,196,6,1,73,4.6,0.837916433,32.5,0.801436623,17,0.692438145,114,0.792790106,,0,,0,3.124581308
LeVante Bellamy,2020,RB,Western Michigan,192,5,9,69,4.5,0.793080759,39.5,0.901891528,16,0.603425187,125,0.804886737,,0,,0,3.103284211
CeeDee Lamb,2020,WR,Oklahoma,198,6,2,74,4.5,0.877130079,34.5,0.871210091,11,0.458820408,124,0.883065736,,0,,0,3.090226314
James Pierre,2020,CB,Florida Atlantic,183,6,1,73,4.59,0.784044788,33.5,0.771304116,,0,123,0.798644491,7.02,0.729428633,,0,3.083422028
Raymond Calais,2020,RB,Louisiana-Lafayette,188,5,8,68,4.42,0.779155428,37.5,0.826237537,20,0.727863413,120,0.745628409,,0,,0,3.078884788
Aaron Fuller,2020,WR,Washington,188,5,11,71,4.59,0.783399194,34,0.782171535,,0,118,0.765548384,7.14,0.741286609,,0,3.072405722
McTelvin Agim,2020,DL,Arkansas,309,6,3,75,4.98,1.253631823,,0,27,1.781298239,,0,,0,,0,3.034930062
Geno Stone,2020,S,Iowa,207,5,10,70,4.62,0.844901377,33.5,0.836604285,12,0.494997224,116,0.816960038,,0,,0,2.993462924
Trevon Hill,2020,DL,Miami,248,6,3,75,4.89,1.024669226,28,0.897589715,,0,113,1.02156458,,0,,0,2.943823521
Mike Onwenu,2020,OL,Michigan,344,6,3,75,,1,,0,26,1.909616619,,0,,0,,0,2.909616619
Jalen Hurts,2020,QB,Oklahoma,222,6,1,73,4.59,0.9511363,35,0.977576541,,0,125,0.984601032,,0,,0,2.913313873
Lloyd Cushenberry,2020,OL,LSU,312,6,3,75,5.27,1.196147812,,0,25,1.665363331,,0,,0,,0,2.861511143
Leki Fotu,2020,DL,Utah,330,6,5,77,5.15,1.32915933,,0,21,1.519067567,,0,,0,,0,2.848226897
BoPete Keyes,2020,CB,Tulane,202,6,1,73,,1,36,0.914921056,,0,126,0.903065422,,0,,0,2.817986478
Rico Dowdle,2020,RB,South Carolina,213,5,11,71,4.54,0.89734967,38,0.990440614,,0,127,0.933503847,,0,,0,2.821294131
Jaylinn Hawkins,2020,S,California,208,6,1,73,,1,35.5,0.929012249,,0,117,0.863468494,,0,,0,2.792480743
Marquez Callaway,2020,WR,Tennessee,205,6,1,73,4.55,0.886022871,38,0.980092825,,0,126,0.916477285,,0,,0,2.782592981
Javon Leake,2020,RB,Maryland,215,6,1,73,4.65,0.909259768,34,0.919701996,,0,125,0.953555053,,0,,0,2.782516817
Justin Jefferson,2020,WR,LSU,202,6,1,73,4.43,0.896706074,37.5,0.953042766,,0,126,0.903065422,,0,,0,2.752814262
Javaris Davis,2020,CB,Auburn,183,5,8,68,4.39,0.763616124,35.5,0.761369101,11,0.389677939,124,0.749991129,,0,,0,2.664654293
Jauan Jennings,2020,WR,Tennessee,215,6,3,75,4.72,0.920316763,29,0.80594353,,0,119,0.932655216,,0,,0,2.65891551
Henry Ruggs III,2020,WR,Alabama,188,5,11,71,4.27,0.842108267,42,0.966211897,,0,131,0.84988846,,0,,0,2.658208624
Antoine Brooks Jr.,2020,S,Maryland,220,5,11,71,4.64,0.906865034,34.5,0.928767515,18,0.800399238,,0,,0,,0,2.636031786
Darnell Mooney,2020,WR,Tulane,176,5,10,70,4.38,0.757733006,37,0.785632288,9,0.315650404,124,0.742517736,,0,,0,2.601533434
D'Andre Swift,2020,RB,Georgia,212,5,8,68,4.48,0.866854819,35.5,0.882023221,,0,121,0.847821807,,0,,0,2.596699846
Marlon Davidson,2020,DL,Auburn,303,6,3,75,5.04,1.214655059,,0,21,1.358552163,,0,,0,,0,2.573207222
Ke'Shawn Vaughn,2020,RB,Vanderbilt,214,5,10,70,4.51,0.894777139,32,0.826168598,,0,117,0.851867626,,0,,0,2.572813363
Trishton Jackson,2020,WR,Syracuse,197,6,1,73,4.5,0.860906884,36,0.892274495,,0,117,0.817804295,,0,,0,2.570985674
Antoine Winfield Jr.,2020,S,Minnesota,203,5,9,69,4.45,0.847939225,36,0.869069526,,0,124,0.84419204,,0,,0,2.56120079
Stantley Thomas-Oliver,2020,CB,Florida International,192,6,1,73,4.48,0.842802243,34,0.821315271,,0,127,0.865171588,,0,,0,2.529289102
Broderick Washington,2020,DL,Texas Tech,305,6,2,74,,1,,0,23,1.477789331,,0,,0,,0,2.477789331
Julian Okwara,2020,DL,Notre Dame,252,6,4,76,,1,,0,27,1.4720787,,0,,0,,0,2.4720787
Salvon Ahmed,2020,RB,Washington,197,5,11,71,4.62,0.815571812,34.5,0.831669093,,0,120,0.815793536,,0,,0,2.463034441
Trevis Gipson,2020,DL,Tulsa,261,6,3,75,,1,,0,25,1.393140478,,0,,0,,0,2.393140478
Alex Pechin,2020,P,Bucknell,213,6,1,73,4.69,0.893118795,34,0.911146629,13,0.575438543,,0,,0,,0,2.379703967
Anthony McFarland,2020,RB,Maryland,208,5,8,68,4.44,0.858161221,29.5,0.71911965,,0,116,0.797452228,,0,,0,2.374733099
Jared Pinkney,2020,TE,Vanderbilt,257,6,4,76,4.96,1.060827201,,0,23,1.27887378,,0,,0,,0,2.339700981
Cohl Cabral,2020,OL,Arizona State,300,6,5,77,,1,,0,20,1.315210015,,0,,0,,0,2.315210015
Jeff Thomas,2020,WR,Miami,170,5,9,69,4.45,0.710096888,36.5,0.737900439,,0,125,0.712660132,,0,,0,2.160657459
Akeem Davis-Gaither,2020,LB,Appalachian State,224,6,1,73,,1,,0,21,0.977559735,,0,,0,,0,1.977559735
Sean McKeon,2020,TE,Michigan,242,6,5,77,,1,,0,18,0.954842471,,0,,0,,0,1.954842471
J.K. Dobbins,2020,RB,Ohio State,209,5,9,69,,1,,0,23,0.944226847,,0,,0,,0,1.944226847
Josh Uche,2020,LB,Michigan,245,6,1,73,,1,,0,18,0.916462251,,0,,0,,0,1.916462251
Chris Finke,2020,WR,Notre Dame,186,5,9,69,4.57,0.75652876,40,0.884767005,7,0.255748566,,0,,0,,0,1.897044331
Clay Johnston,2020,LB,Baylor,227,6,1,73,,1,,0,18,0.849130331,,0,,0,,0,1.849130331
Collin Johnson,2020,WR,Texas,222,6,6,78,,1,,0,17,0.838010828,,0,,0,,0,1.838010828
Lavert Hill,2020,CB,Michigan,190,5,10,70,,1,,0,21,0.795104236,,0,,0,,0,1.795104236
Laviska Shenault Jr.,2020,WR,Colorado,227,6,1,73,4.58,0.974681779,,0,17,0.801956424,,0,,0,,0,1.776638203
Quartney Davis,2020,WR,Texas A&M,201,6,1,73,4.54,0.870648132,35.5,0.897747414,,0,,0,,0,,0,1.768395546
Trystan Colon-Castillo,2020,OL,Missouri,313,6,3,75,,1,,0,11,0.735108455,,0,,0,,0,1.735108455
Markus Bailey,2020,LB,Purdue,235,6,1,73,,1,,0,15,0.732546357,,0,,0,,0,1.732546357
Mike Warren,2020,RB,Cincinnati,226,5,9,69,,1,,0,16,0.710281731,,0,,0,,0,1.710281731
Cameron Dantzler,2020,CB,Mississippi State,188,6,2,74,4.64,0.807702071,34.5,0.827209582,,0,,0,,0,,0,1.634911652
Javelin Guidry,2020,CB,Utah,191,5,9,69,4.29,0.827570067,,0,21,0.787870581,,0,,0,,0,1.615440648
Ashtyn Davis,2020,S,California,202,6,1,73,,1,,0,14,0.587699602,,0,,0,,0,1.587699602
Lynn Bowden,2020,WR,Kentucky,204,5,11,71,,1,,0,13,0.536024944,,0,,0,,0,1.536024944
KJ Hamler,2020,WR,Penn State,178,5,9,69,,1,,0,15,0.524461344,,0,,0,,0,1.524461344
Bryce Hall,2020,CB,Virginia,202,6,1,73,,1,,0,11,0.461763973,,0,,0,,0,1.461763973
A.J. Green,2020,CB,Oklahoma State,202,6,1,73,4.62,0.859828551,,0,13,0.545721059,,0,,0,,0,1.40554961
Josiah Scott,2020,CB,Michigan State,185,5,9,69,4.42,0.777997422,,0,17,0.617764392,,0,,0,,0,1.395761814
Saahdiq Charles,2020,OL,LSU,321,6,4,76,5.05,1.30138817,,0,,0,,0,,0,,0,1.30138817
Darnay Holmes,2020,CB,UCLA,195,5,10,70,4.48,0.820794137,,0,12,0.466301733,,0,,0,,0,1.287095869
Albert Okwuegbunam,2020,TE,Missouri,258,6,5,77,4.49,1.191910644,,0,,0,,0,,0,,0,1.191910644
Trajan Bandy,2020,CB,Miami,180,5,8,68,4.5,0.732737658,,0,10,0.348445251,,0,,0,,0,1.081182909
Jordyn Brooks,2020,LB,Texas Tech,240,6,1,73,4.54,1.039579859,,0,,0,,0,,0,,0,1.039579859
Ben Bartch,2020,OL,Saint John's (MN),309,6,6,78,,1,,0,,0,,0,,0,,0,1
Tyler Bass,2020,K,Georgia Southern,185,5,10,70,,1,,0,,0,,0,,0,,0,1
Tyler Biadasz,2020,OL,Wisconsin,314,6,4,76,,1,,0,,0,,0,,0,,0,1
Julian Blackmon,2020,S,Utah,187,6,1,73,,1,,0,,0,,0,,0,,0,1
Rodrigo Blankenship,2020,K,Georgia,190,6,1,73,,1,,0,,0,,0,,0,,0,1
Ben Bredeson,2020,OL,Michigan,315,6,5,77,,1,,0,,0,,0,,0,,0,1
Jacob Breeland,2020,TE,Oregon,252,6,5,77,,1,,0,,0,,0,,0,,0,1
Joe Burrow,2020,QB,LSU,221,6,3,75,,1,,0,,0,,0,,0,,0,1
Lawrence Cager,2020,WR,Georgia,220,6,5,77,,1,,0,,0,,0,,0,,0,1
Shyheim Carter,2020,S,Alabama,194,5,10,70,,1,,0,,0,,0,,0,,0,1
K'Lavon Chaisson,2020,LB,LSU,254,6,3,75,,1,,0,,0,,0,,0,,0,1
Joseph Charlton,2020,P,South Carolina,195,6,4,76,,1,,0,,0,,0,,0,,0,1
Grant Delpit,2020,S,LSU,213,6,2,74,,1,,0,,0,,0,,0,,0,1
Trevon Diggs,2020,CB,Alabama,205,6,1,73,,1,,0,,0,,0,,0,,0,1
Troy Dye,2020,LB,Oregon,231,6,3,75,,1,,0,,0,,0,,0,,0,1
Bryan Edwards,2020,WR,South Carolina,212,6,3,75,,1,,0,,0,,0,,0,,0,1
Tipa Galeai,2020,LB,Utah State,235,6,5,77,,1,,0,,0,,0,,0,,0,1
Anthony Gordon,2020,QB,Washington State,205,6,2,74,,1,,0,,0,,0,,0,,0,1
Tee Higgins,2020,WR,Clemson,216,6,4,76,,1,,0,,0,,0,,0,,0,1
Sterling Hofrichter,2020,P,Syracuse,196,5,10,70,,1,,0,,0,,0,,0,,0,1
Robert Hunt,2020,OL,Louisiana-Lafayette,323,6,5,77,,1,,0,,0,,0,,0,,0,1
Van Jefferson,2020,WR,Florida,200,6,1,73,,1,,0,,0,,0,,0,,0,1
Anfernee Jennings,2020,LB,Alabama,256,6,2,74,,1,,0,,0,,0,,0,,0,1
Tyler Johnson,2020,WR,Minnesota,206,6,1,73,,1,,0,,0,,0,,0,,0,1
Brandon Jones,2020,S,Texas,198,5,11,71,,1,,0,,0,,0,,0,,0,1
Khalid Kareem,2020,DL,Notre Dame,268,6,4,76,,1,,0,,0,,0,,0,,0,1
Solomon Kindley,2020,OL,Georgia,337,6,3,75,,1,,0,,0,,0,,0,,0,1
Javon Kinlaw,2020,DL,South Carolina,324,6,5,77,,1,,0,,0,,0,,0,,0,1
Jake Luton,2020,QB,Oregon State,224,6,6,78,,1,,0,,0,,0,,0,,0,1
Jordan Mack,2020,LB,Virginia,241,6,3,75,,1,,0,,0,,0,,0,,0,1
Kamal Martin,2020,LB,Minnesota,240,6,3,75,,1,,0,,0,,0,,0,,0,1
JJ Molson,2020,K,UCLA,182,5,11,71,,1,,0,,0,,0,,0,,0,1
Thaddeus Moss,2020,TE,LSU,250,6,2,74,,1,,0,,0,,0,,0,,0,1
Lucas Niang,2020,OL,TCU,315,6,6,78,,1,,0,,0,,0,,0,,0,1
Michael Pinckney,2020,LB,Miami,235,5,11,71,,1,,0,,0,,0,,0,,0,1
Amik Robertson,2020,CB,Louisiana Tech,187,5,8,68,,1,,0,,0,,0,,0,,0,1
Tua Tagovailoa,2020,QB,Alabama,217,6,1,73,,1,,0,,0,,0,,0,,0,1
Darrell Taylor,2020,LB,Tennessee,267,6,4,76,,1,,0,,0,,0,,0,,0,1
Prince Tega Wanogho,2020,OL,Auburn,308,6,5,77,,1,,0,,0,,0,,0,,0,1
Chase Young,2020,DL,Ohio State,264,6,5,77,,1,,0,,0,,0,,0,,0,1
Brian Cole II,2020,S,Mississippi State,213,6,2,74,4.52,0.939404197,,0,,0,,0,,0,,0,0.939404197
Damon Arnette,2020,CB,Ohio State,195,6,1,73,4.56,0.840953993,,0,,0,,0,,0,,0,0.840953993
Arryn Siposs,2020,P,Auburn,213,6,2,74,5.09,0.834205692,,0,,0,,0,,0,,0,0.834205692
Stanford Samuels,2020,CB,Florida State,187,6,1,73,4.65,0.790844542,,0,,0,,0,,0,,0,0.790844542
Tommy Townsend,2020,P,Florida,191,6,1,73,4.75,0.790755508,,0,,0,,0,,0,,0,0.790755508
Devon Johnson,2019,OT,Ferris State,338,6,7,79,5.16,1.394035065,27.5,1.265561858,26,1.976379185,89,1.155069821,8.34,1.732134401,5.28,1.803497237,9.326677567
Iosua Opeta,2019,OL,Weber State,301,6,4,76,5.02,1.227597453,33,1.301070769,39,2.539790103,112,1.245295875,8.06,1.434124564,4.94,1.445588897,9.193467662
Phil Haynes,2019,OL,Wake Forest,322,6,4,76,5.2,1.267785348,31,1.307489018,33,2.298987106,108,1.284599233,7.76,1.477076301,4.95,1.54957439,9.185511397
Renell Wren,2019,DL,Arizona State,318,6,5,77,5.01,1.316617815,32,1.350438204,30,2.091183924,118,1.404346549,7.65,1.456971395,4.53,1.418906618,9.038464505
Daylon Mack,2019,DL,Texas A&M,336,6,1,73,5.1,1.29560188,27,1.141386664,30,2.09477086,102,1.216008885,8.02,1.530059257,4.95,1.553120327,8.830947872
Oli Udoh,2019,OT,Elon,323,6,5,77,5.05,1.326726725,28.5,1.221644938,26,1.840855618,105,1.26927868,7.88,1.524372867,5.05,1.606654123,8.78953295
Kaleb McGary,2019,OT,Washington,317,6,7,79,5.05,1.335901949,33.5,1.445899317,23,1.639711042,111,1.351088418,7.66,1.492061994,4.58,1.467200947,8.731863667
Nate Herbig,2019,OL,Stanford,335,6,3,75,5.41,1.251089598,24,1.039259981,29,2.074231379,90,1.099064091,8.15,1.592705296,5.04,1.619848411,8.676198756
Max Scharping,2019,OT,Northern Illinois,327,6,6,78,,1,28,1.23085609,27,1.960465713,108,1.338876595,7.77,1.54147015,4.69,1.530216799,8.601885346
William Sweet,2019,OT,North Carolina,313,6,6,78,5.27,1.247980884,30.5,1.283351645,23,1.598526749,111,1.317153402,8.01,1.521048987,5,1.561516983,8.52957865
Garrett Bradbury,2019,OL,North Carolina State,306,6,3,75,4.92,1.256600404,31,1.226171665,34,2.221338473,104,1.160086754,7.41,1.322734383,4.53,1.329898999,8.516830678
Tytus Howard,2019,OT,Alabama State,322,6,5,77,5.05,1.322619212,29.5,1.260594782,21,1.482241687,103,1.241247139,8.34,1.60836418,4.87,1.544590379,8.459657378
Erik McCoy,2019,OL,Texas A&M,303,6,4,76,4.89,1.268606609,31,1.230339045,29,1.901110456,107,1.197607308,8.28,1.483058569,4.62,1.360930551,8.441652538
Trysten Hill,2019,DL,Central Florida,308,6,3,75,5.04,1.234698872,35,1.393435647,28,1.841294021,115,1.291172475,7.7,1.383484985,4.38,1.294266939,8.438352938
Albert Huggins,2019,DL,Clemson,305,6,3,75,5.12,1.203568325,25.5,1.005328918,35,2.279199174,101,1.12294094,7.84,1.394918745,4.84,1.416264051,8.422220153
Jackson Barton,2019,OT,Utah,310,6,7,79,5.18,1.273616373,27,1.139618371,25,1.742937947,109,1.297447286,7.85,1.495306382,4.66,1.459864235,8.408790593
Hjalte Froholdt,2019,OL,Arkansas,306,6,5,77,5.2,1.2206423,27.5,1.11673914,31,2.079347034,105,1.202474539,7.51,1.376333984,4.54,1.368377019,8.363914016
Andre Dillard,2019,OT,Washington State,315,6,5,77,4.96,1.317344039,29,1.212289013,24,1.657164619,118,1.391097997,7.44,1.403608403,4.4,1.365185675,8.346689745
Cody Ford,2019,OT,Oklahoma,329,6,4,76,5.21,1.292859631,28.5,1.228177798,19,1.352434444,104,1.263913255,8.27,1.608372892,4.87,1.557672737,8.303430756
Khalen Saunders,2019,DL,Western Illinois,324,6,1,73,5.01,1.271773445,30.5,1.243296187,27,1.817961854,101,1.161084114,7.57,1.392629193,4.62,1.397808294,8.284553086
Chris Lindstrom,2019,OL,Boston Col.,308,6,4,76,4.91,1.284288,30.5,1.23047003,25,1.665932686,117,1.331142683,7.61,1.385545239,4.54,1.359433378,8.256812016
Isaiah Prince,2019,OT,Ohio State,305,6,6,78,5.09,1.25908853,27,1.10704455,23,1.557669835,115,1.329739964,7.9,1.461817909,5.02,1.527692429,8.243053218
Michael Jordan,2019,OT,Ohio State,312,6,6,78,5.27,1.243993724,32.5,1.363136823,19,1.316303177,116,1.372086922,7.71,1.459403286,4.71,1.46624948,8.221173412
Dru Samia,2019,OT,Oklahoma,305,6,5,77,5.29,1.195954068,27.5,1.113089665,28,1.871982255,101,1.152886031,7.89,1.441249975,4.7,1.411972342,8.187134336
Elgton Jenkins,2019,OL,Mississippi State,310,6,4,76,,1,28,1.136946973,29,1.945030499,109,1.248177136,7.77,1.423862492,4.62,1.392371191,8.146388291
Dalton Risner,2019,OT,Kansas State,312,6,5,77,5.3,1.221093888,28.5,1.18004093,23,1.572991178,110,1.284435923,7.69,1.436955781,4.52,1.38906165,8.08457935
Dennis Daley,2019,OT,South Carolina,317,6,5,77,5.23,1.257268129,26.5,1.114814871,20,1.389738582,103,1.221973115,7.95,1.509346184,4.92,1.536218028,8.029358909
Ryan Bates,2019,OL,Penn State,306,6,4,76,5.09,1.230826518,27,1.082195379,28,1.853728734,102,1.152947759,7.45,1.347606312,4.53,1.347630986,8.014935687
Tyler Roemer,2019,OT,San Diego State,312,6,6,78,5.21,1.258319948,30.5,1.27925148,18,1.247024062,108,1.277460237,7.75,1.466974768,4.76,1.481814761,8.010845257
Nate Davis,2019,OL,Charlotte,316,6,3,75,5.23,1.220748685,26,1.062009951,23,1.551777011,107,1.232555723,7.94,1.463661311,4.83,1.464310727,7.995063409
Trey Pipkins,2019,OT,Sioux Falls,309,6,6,78,5.12,1.268126941,33.5,1.391569115,16,1.097807508,114,1.335464575,7.61,1.426623862,4.7,1.449067804,7.968659805
Javon Patterson,2019,OL,Mississippi,307,6,3,75,5.13,1.209099055,27.5,1.091287611,27,1.769768801,98,1.096731086,7.72,1.382574951,4.78,1.407878908,7.957340412
Michael Deiter,2019,OL,Wisconsin,309,6,5,77,5.23,1.225538965,28,1.148190973,21,1.422399631,105,1.214263505,7.88,1.458300978,4.81,1.463969565,7.932663617
Jerry Tillery,2019,DL,Notre Dame,295,6,6,78,4.93,1.257330085,32,1.269034676,23,1.506598693,115,1.286141932,7.45,1.333351446,4.33,1.274507168,7.926964
Deion Calhoun,2019,OL,Mississippi State,310,6,2,74,5.07,1.218891539,28.5,1.12679566,26,1.697930436,105,1.17073109,7.46,1.331079473,4.62,1.355729844,7.901158041
Mitch Hyatt,2019,OT,Clemson,303,6,5,77,,1,25.5,1.025369574,28,1.859706961,102,1.156665985,7.72,1.400949237,4.52,1.348992564,7.791684321
Tyler Jones,2019,OT,North Carolina State,306,6,3,75,,1,31.5,1.245948627,23,1.502670144,111,1.238169516,7.75,1.383426649,4.82,1.415036021,7.785250957
Paul Adams,2019,OT,Missouri,317,6,6,78,5.18,1.285889687,27,1.150600401,16,1.126229708,103,1.237842896,7.68,1.477021544,4.74,1.499235903,7.776820138
Jonah Williams,2019,OT,Alabama,302,6,4,76,5.12,1.207619681,28,1.107606406,23,1.502801095,100,1.115565241,8.01,1.429962987,4.79,1.40635129,7.7699067
Terry Beckner,2019,DL,Missouri,296,6,4,76,5.19,1.167663093,24.5,0.949900858,28,1.793149363,98,1.07153366,7.97,1.394554109,4.82,1.387043587,7.76384467
Rashan Gary,2019,DL,Michigan,277,6,4,76,4.58,1.23824759,38,1.378744681,26,1.558187948,120,1.22786055,7.26,1.188780649,4.29,1.155283101,7.74710452
Kevin Givens,2019,DL,Penn State,285,6,1,73,5.08,1.10327459,31,1.111568692,32,1.895268873,115,1.162893651,7.63,1.234707264,4.62,1.229553592,7.737266662
Andre James,2019,OT,UCLA,299,6,4,76,5.32,1.150675209,29,1.135768111,21,1.358492381,105,1.159707641,8,1.413990568,4.84,1.406915161,7.625549069
John Cominsky,2019,DL,Charleston,286,6,5,77,4.69,1.264921352,33.5,1.27147685,22,1.379216902,116,1.241621392,7.03,1.204158979,4.38,1.233867815,7.59526329
Yosh Nijman,2019,OT,Virginia Tech,324,6,7,79,,1,,0,27,1.967383376,114,1.418245426,8.07,1.606635583,4.5,1.473405825,7.46567021
L.J. Collier,2019,DL,TCU,283,6,2,74,4.91,1.148990059,30,1.082795151,25,1.490429012,118,1.201087373,7.71,1.25586882,4.78,1.280512491,7.459682905
Demarcus Christmas,2019,DL,Florida State,294,6,3,75,5.08,1.169296069,25.5,0.969071154,22,1.380970516,101,1.08244143,8.13,1.394347057,5.07,1.430060201,7.426186427
Isaiah Buggs,2019,DL,Alabama,306,6,3,75,5.15,1.200480386,24.5,0.969071154,20,1.30666969,96,1.070849311,8.01,1.429838382,4.83,1.41797178,7.394880704
Zach Allen,2019,DL,Boston Col.,281,6,4,76,5,1.150613634,32,1.177814191,24,1.459097407,112,1.162551963,7.34,1.21923583,4.36,1.191088876,7.360401901
Nick Bosa,2019,DL,Ohio State,266,6,4,76,4.79,1.136944653,33.5,1.167204432,29,1.668961654,116,1.139797387,7.1,1.116414125,4.14,1.070615033,7.299937284
Montez Sweat,2019,EDGE,Mississippi State,260,6,6,78,4.41,1.238822171,36,1.258280145,21,1.212384505,125,1.232118285,7,1.104174557,4.29,1.112917599,7.15869726
Anthony Nelson,2019,DL,Iowa,271,6,7,79,4.82,1.196544767,35.5,1.309880351,18,1.097038878,118,1.227871243,6.95,1.157318597,4.23,1.158442592,7.147096428
Josh Allen,2019,EDGE,Kentucky,262,6,5,77,4.63,1.173790617,26.35,0.916177302,28,1.608063445,118,1.157040238,7.15,1.121940442,4.23,1.09161665,7.068628695
Joshua Miles,2019,OT,Morgan State,314,6,5,77,5.32,1.224301408,36,1.500133005,,0,109,1.280917945,8.07,1.517629126,4.75,1.469101324,6.992082808
Connor McGovern,2019,OL,Penn State,308,6,5,77,,1,,0,28,1.890395195,112,1.291022773,7.66,1.412999331,4.57,1.386421897,6.980839196
Daniel Wise,2019,DL,Kansas,281,6,3,75,5.28,1.075259452,27.5,0.998865859,22,1.319907194,112,1.147255226,7.53,1.234338583,4.37,1.178112564,6.953738878
Christian Wilkins,2019,DL,Clemson,315,6,3,75,5.04,1.26276021,29.5,1.201159624,28,1.883141612,107,1.22865523,,0,4.55,1.375057886,6.950774563
Kendall Blanton,2019,TE,Missouri,262,6,6,78,4.95,1.112167764,31,1.091853775,22,1.279887232,113,1.12240289,7.37,1.17148067,4.42,1.155462701,6.933255031
Justin Hollins,2019,EDGE,Oregon,248,6,5,77,4.5,1.143166529,36.5,1.201274236,25,1.359050349,119,1.104495132,7.06,1.048621727,4.4,1.074812849,6.931420822
Trevon Wesco,2019,TE,West Virginia,267,6,3,75,4.89,1.10317211,31,1.069894884,24,1.368160029,117,1.13876163,7.18,1.118326752,4.38,1.121978158,6.920293562
Ben Banogu,2019,EDGE,TCU,250,6,3,75,4.62,1.093298883,40,1.292611917,23,1.227671686,134,1.221182323,7.02,1.023788222,4.27,1.024157888,6.88271092
Wyatt Ray,2019,EDGE,Boston Col.,257,6,3,75,4.83,1.075045545,34,1.129484293,25,1.371789667,118,1.105479855,7.34,1.100429417,4.31,1.062696926,6.844925703
Chris Slayton,2019,DL,Syracuse,307,6,4,76,5.13,1.225220376,29,1.166156555,28,1.859786671,101,1.145375213,,0,4.73,1.411727503,6.808266318
Gerri Green,2019,EDGE,Mississippi State,252,6,4,76,4.63,1.114327248,35,1.155284827,24,1.3085144,114,1.061190671,7.27,1.082979632,4.42,1.082864633,6.805161411
Foster Moreau,2019,TE,LSU,253,6,4,76,4.66,1.111546933,36.5,1.209577974,22,1.204231341,121,1.13082115,7.16,1.070825934,4.11,1.010912816,6.737916149
Oshane Ximines,2019,EDGE,Old Dominion,253,6,3,75,4.78,1.069383542,34,1.111904771,24,1.2964213,118,1.088273943,7.13,1.052308454,4.57,1.109266128,6.727558138
Josh Oliver,2019,TE,San Jose State,249,6,5,77,4.63,1.115549098,34,1.123507256,22,1.200786744,117,1.090310948,7.21,1.075219376,4.47,1.096315016,6.701688437
Noah Fant,2019,TE,Iowa,249,6,4,76,4.5,1.132869889,39.5,1.288299764,20,1.077447373,127,1.168129789,6.81,1.002378623,4.22,1.021558302,6.69068374
Kahale Warring,2019,TE,San Diego State,252,6,5,77,4.67,1.119319303,36.5,1.220649626,19,1.049537592,122,1.150603089,7.21,1.088173826,4.25,1.054916204,6.68319964
Alize Mack,2019,TE,Notre Dame,249,6,4,76,4.7,1.084662659,36,1.17414662,22,1.185192111,120,1.103744682,7.27,1.070087018,4.34,1.050607353,6.668440444
D.K. Metcalf,2019,WR,Mississippi,228,6,3,75,4.33,1.063868186,40.5,1.193597844,27,1.314355982,134,1.113718279,7.38,0.981576646,4.5,0.984342851,6.651459789
Jalen Jelks,2019,EDGE,Oregon,256,6,5,77,4.92,1.079307502,32.5,1.104131865,19,1.066196919,113,1.082638764,7.22,1.106979639,4.59,1.157393778,6.596648466
Zach Gentry,2019,TE,Michigan,265,6,8,80,4.9,1.165519084,29.5,1.077865991,12,0.724219541,110,1.133451613,7.4,1.220223334,4.53,1.228490579,6.549770141
Drue Tranquill,2019,LB,Notre Dame,234,6,2,74,4.57,1.020730249,37.5,1.119143398,31,1.528137392,122,1.026790511,6.94,0.934714097,4.14,0.917034523,6.54655017
T.J. Hockenson,2019,TE,Iowa,251,6,5,77,4.7,1.10776132,37.5,1.249115526,17,0.935333522,123,1.155430951,7.02,1.055293599,4.18,1.033423887,6.536358805
Alex Barnes,2019,RB,Kansas State,226,6,1,73,4.59,0.968273891,38.5,1.094709586,34,1.596847152,126,1.010360323,6.95,0.891841852,4.1,0.865272544,6.427305348
Jamal Davis,2019,EDGE,Akron,243,6,3,75,4.6,1.067306891,39,1.225008314,19,0.985766987,122,1.080691676,7,0.992287046,4.44,1.035114219,6.386175133
David Edwards,2019,OT,Wisconsin,308,6,6,78,5.28,1.225719244,25.5,1.055826096,,0,99,1.15599233,7.69,1.436955781,4.77,1.465890281,6.340383732
Cody Barton,2019,LB,Utah,237,6,2,74,4.64,1.018220164,32.5,0.982359205,30,1.497802159,116,0.988809189,6.9,0.941241141,4.03,0.904113344,6.332545201
Sione Takitaki,2019,LB,BYU,238,6,1,73,4.63,1.010877276,37,1.107920079,24,1.187036821,125,1.055563268,7.21,0.974331687,4.28,0.951220833,6.286949965
Cece Jefferson,2019,EDGE,Florida,266,6,1,73,5.02,1.042030396,30.5,1.02073082,17,0.939737483,108,1.019301565,7.5,1.132758957,4.53,1.125227833,6.279787055
Dax Raymond,2019,TE,Utah State,255,6,5,77,4.73,1.118276949,32,1.08289856,15,0.838446385,109,1.040235911,7.15,1.091964934,4.39,1.102638603,6.274461342
Ross Pierschbacher,2019,OT,Alabama,307,6,4,76,5.2,1.208727025,22.5,0.904776637,20,1.328419051,,0,7.83,1.420971851,4.7,1.402773629,6.265668193
Chase Winovich,2019,EDGE,Michigan,256,6,3,75,4.59,1.126855299,30.5,1.009271385,18,0.983845414,116,1.082514337,6.94,1.036412027,4.11,1.009440715,6.248339176
Kaden Smith,2019,TE,Stanford,255,6,5,77,4.92,1.075091457,32,1.08289856,15,0.838446385,108,1.030692462,7.08,1.081274369,4.47,1.122732245,6.231135477
Emeke Egbule,2019,LB,Houston,245,6,2,74,4.65,1.050326829,33,1.031142378,20,1.032240587,119,1.048622578,7.38,1.040700854,4.38,1.015803446,6.218836673
Jace Sternberger,2019,TE,Texas A&M,251,6,4,76,4.75,1.081865601,31.5,1.035630327,17,0.923186334,113,1.047707846,7.19,1.06681214,4.31,1.051725372,6.206927619
Charles Omenihu,2019,DL,Texas,280,6,5,77,4.92,1.18049258,36.5,1.356277363,,0,115,1.20509431,7.48,1.254359719,4.36,1.202466575,6.198690547
Devin White,2019,LB,LSU,237,6,1,73,4.42,1.0544562,39.5,1.177809882,22,1.083545165,118,0.992264953,7.07,0.951398286,4.17,0.922879562,6.182354049
Keenen Brown,2019,TE,Texas State,250,6,2,74,4.75,1.049198659,33,1.0521861,17,0.895310714,117,1.052039458,7.27,1.046111278,4.51,1.06729884,6.16214505
Dan Godsil,2019,LS,Indiana,241,6,4,76,5,0.986825216,34.5,1.089072074,16,0.834264472,118,1.050478289,7.56,1.07702101,4.55,1.06605546,6.103716521
Andrew Van ginkel,2019,LB,Wisconsin,241,6,3,75,,1,38,1.183773994,17,0.874742765,123,1.080582317,6.89,0.968655331,4.14,0.95723025,6.064984656
Kingsley Keke,2019,DL,Texas A&M,288,6,3,75,4.95,1.175514959,31.5,1.172657531,,0,111,1.165336015,7.55,1.268447357,4.46,1.232328173,6.014284035
Irv Smith,2019,TE,Alabama,242,6,2,74,4.63,1.041947178,32.5,1.003084082,19,0.968620861,110,0.957445825,7.32,1.019600199,4.33,0.991911098,5.982609244
Devin Bush,2019,LB,Michigan,234,5,11,71,4.43,1.010299383,40.5,1.159674537,21,0.99322269,124,1.001314096,6.93,0.895528034,4.23,0.898984783,5.959023524
Blake Cashman,2019,LB,Minnesota,237,6,1,73,4.5,1.035710312,37.5,1.118173939,18,0.886536953,124,1.042719103,6.95,0.935250084,4.12,0.91181386,5.930204251
Sutton Smith,2019,EDGE,Northern Illinois,233,6,1,73,4.69,0.976979715,31.5,0.923413516,25,1.210519867,118,0.975517865,6.75,0.89300584,4.32,0.939940354,5.919377157
Dre'Mont Jones,2019,DL,Ohio State,281,6,3,75,5.12,1.10886131,31.5,1.144155438,,0,110,1.126768526,7.71,1.263844685,4.53,1.22124712,5.864877079
Dontavius Russell,2019,DL,Auburn,319,6,3,75,5.15,1.251481187,,0,24,1.634618161,,0,7.81,1.453365094,4.77,1.459849525,5.799313966
Alec Ingold,2019,FB,Wisconsin,242,6,1,73,4.89,0.973215405,34,1.035199456,16,0.804658013,116,0.996025952,7.35,1.009944039,4.32,0.976247063,5.795289928
Lj Scott,2019,RB,Michigan State,227,6,1,73,,1,33,0.942474371,21,0.990652053,120,0.966505661,7.27,0.937032972,4.34,0.919975399,5.756640457
Ben Burr-Kirven,2019,LB,Washington,230,6,1,73,4.56,0.991894453,34.5,0.998335888,21,1.003744371,121,0.987439521,6.85,0.894567287,4.09,0.878439329,5.754420848
Miles Boykin,2019,WR,Notre Dame,220,6,4,76,4.42,1.019045585,43.5,1.253523333,12,0.571176921,140,1.137728789,6.77,0.880433759,4.07,0.870499347,5.732407734
Dakota Allen,2019,LB,Texas Tech,232,6,1,73,4.77,0.956471588,31.5,0.919450368,23,1.108898543,116,0.954867854,6.88,0.906298014,4.04,0.875245683,5.72123205
Carl Granderson,2019,EDGE,Wyoming,254,6,5,77,4.79,1.099938837,35,1.179775514,,0,119,1.131216789,7.44,1.131798522,4.41,1.103318241,5.646047902
Tyree Jackson,2019,QB,Buffalo,249,6,7,79,4.59,1.154498468,34.5,1.169640575,,0,120,1.147313552,7.09,1.084786866,4.28,1.076980834,5.633220295
Jazz Ferguson,2019,WR,Northwestern St. (LA),227,6,5,77,4.45,1.05812306,37,1.114615809,8,0.398070231,123,1.044951497,7.25,0.985658188,4.59,1.026282764,5.62770155
Maxx Crosby,2019,DL,East. Michigan,255,6,5,77,4.66,1.1350751,36,1.21826088,,0,122,1.164300744,6.89,1.052257119,4.13,1.037334267,5.60722811
Gary Johnson,2019,LB,Texas,226,6,1,73,4.43,1.003245409,33.5,0.95253951,16,0.751457483,121,0.97026666,7.15,0.917506366,4.57,0.964462323,5.55947775
Greg Gaines,2019,DL,Washington,312,6,1,73,5.16,1.189069831,31,1.2168752,30,1.94514437,109,1.20664187,,0,,0,5.557731271
Qadree Ollison,2019,RB,Pittsburgh,228,6,1,73,4.58,0.978975531,29.5,0.846226488,19,0.900252715,114,0.922225226,7.53,0.974819994,4.31,0.917640863,5.540140817
Alexander Mattison,2019,RB,Boise State,221,5,11,71,4.67,0.905134982,35,0.946510768,22,0.982712397,127,0.968565024,7.13,0.87018561,4.29,0.861084322,5.534193102
Drew Sample,2019,TE,Washington,255,6,5,77,4.71,1.123025471,33.5,1.13365943,,0,115,1.097496603,7.15,1.091964934,4.31,1.082544962,5.5286914
Malik Carney,2019,EDGE,North Carolina,251,6,2,74,4.73,1.057849557,33,1.056394845,25,1.321899936,113,1.020136587,7.4,1.069076802,,0,5.525357726
Gary Jennings,2019,WR,West Virginia,214,6,1,73,4.42,0.952125008,37,0.996197046,20,0.889446357,127,0.964305832,7.32,0.88944574,4.15,0.829320684,5.520840668
Ed Oliver,2019,DL,Houston,287,6,2,74,,1,36,1.317719611,32,1.934713787,120,1.238709024,,0,,0,5.491142422
Kelvin Harmon,2019,WR,North Carolina State,221,6,2,74,4.6,0.957735906,32.5,0.916039596,18,0.838010828,117,0.930002881,7.15,0.909498067,4.32,0.903744167,5.455031445
Jaylen Smith,2019,WR,Louisville,219,6,2,74,4.47,0.976670161,34.5,0.963611161,14,0.645887682,122,0.960970607,7.55,0.951687864,4.48,0.928734579,5.427562054
Lonnie Johnson,2019,CB,Kentucky,213,6,2,74,4.52,0.939404197,38,1.032290218,15,0.673062995,129,0.988269682,7.01,0.859411352,4.1,0.826671465,5.31910991
Ryquell Armstead,2019,RB,Temple,220,5,11,71,4.45,0.945585114,30,0.807623926,22,0.978265735,114,0.865486543,7.02,0.852883842,4.29,0.857188013,5.307033172
Jamel Dean,2019,CB,Auburn,206,6,1,73,4.3,0.942109174,41,1.062626958,16,0.684956821,130,0.950184347,7.02,0.821105455,4.19,0.806012674,5.266995429
Terry McLaurin,2019,WR,Ohio State,208,6,1,73,4.35,0.94032189,37.5,0.981350967,18,0.778057748,125,0.922509075,7.01,0.827896331,4.15,0.806068703,5.256204713
Will Harris,2019,S,Boston Col.,207,6,1,73,4.41,0.923069123,36.5,0.950589389,20,0.860352318,123,0.903384752,6.91,0.812162621,4.12,0.796394384,5.245952587
Evan Worthington,2019,S,Colorado,212,6,2,74,4.63,0.912780172,33.5,0.90577281,17,0.759223485,121,0.922629613,7.07,0.862697897,4.37,0.876974135,5.240078113
David Sills,2019,WR,West Virginia,211,6,3,75,4.57,0.932839928,37.5,1.022779179,14,0.630702984,117,0.899920239,6.97,0.857922863,4.28,0.866413588,5.210578783
Mike Jackson,2019,CB,Miami (FL),210,6,1,73,4.45,0.928029436,40.5,1.070049997,13,0.567333775,130,0.968634528,7.12,0.848973029,4.12,0.807936332,5.190957097
Miles Sanders,2019,RB,Penn State,211,5,11,71,4.49,0.89882278,36,0.929501718,20,0.852950703,124,0.902894335,6.89,0.802845118,4.19,0.802957565,5.189972219
Ashton Dulin,2019,WR,Malone University (Ohio),215,6,1,73,4.43,0.95441488,38,1.027902231,13,0.580841722,121,0.923041291,7,0.854537459,4.22,0.847249923,5.187987507
Byron Cowart,2019,DL,Maryland,298,6,3,75,5.16,1.16682959,30,1.155595054,26,1.654260908,111,1.205799072,,0,,0,5.182484623
Dawson Knox,2019,TE,Mississippi,254,6,4,76,,1,34.5,1.147818701,16,0.87926629,,0,7.12,1.069052535,4.27,1.05441834,5.150555865
Ken Webster,2019,CB,Mississippi,203,5,11,71,4.43,0.876456303,43,1.068143825,18,0.738550206,133,0.931709377,6.85,0.767921281,4.14,0.763295136,5.146076128
Porter Gustin,2019,EDGE,USC,255,6,4,76,4.69,1.113167551,35.5,1.185738764,31,1.710285439,119,1.120921432,,0,,0,5.130113185
Cody Thompson,2019,WR,Toledo,205,6,1,73,4.57,0.882145309,38.5,0.992988783,19,0.809437748,119,0.86556188,6.87,0.799659688,4.03,0.771470874,5.121264283
Dexter Williams,2019,RB,Notre Dame,212,5,11,71,4.57,0.887273718,36,0.93390694,17,0.728444155,130,0.951068945,7,0.819528374,4.16,0.800986705,5.121208836
Deebo Samuel,2019,WR,South Carolina,214,5,11,71,4.48,0.913637078,39,1.021277164,15,0.648808473,122,0.900961829,7.03,0.830805173,4.14,0.804655956,5.120145673
Jordan Jones,2019,LB,Kentucky,234,6,2,74,4.62,1.009683385,32.5,0.969924278,23,1.133779355,123,1.035206827,,0,4.37,0.967980885,5.11657473
Ryan Connelly,2019,LB,Wisconsin,242,6,2,74,4.66,1.035239363,34.5,1.064812334,,0,118,1.027078249,7.09,0.987563581,4.31,0.987329522,5.102023049
Malik Gant,2019,S,Marshall,209,6,1,73,4.63,0.887703155,34.5,0.907183481,17,0.738365165,114,0.845373124,7.45,0.884091396,4.3,0.839219118,5.101935438
Amani Oruwariye,2019,CB,Penn State,205,6,2,74,4.47,0.914234625,36.5,0.954300909,17,0.734154785,120,0.88479216,6.82,0.804714266,4.16,0.807266032,5.099462777
Lil'Jordan Humphrey,2019,WR,Texas,210,6,4,76,4.75,0.905146519,33.5,0.921477183,13,0.590648861,119,0.923111768,7.09,0.880138193,4.29,0.875846394,5.096368918
Jordan Scarlett,2019,RB,Florida,208,5,11,71,4.47,0.890007709,30,0.763571712,21,0.882864614,116,0.832633944,7.37,0.846566184,4.63,0.874662369,5.090306531
Taylor Rapp,2019,S,Washington,208,6,1,73,,1,35,0.91592757,17,0.734832318,115,0.848708349,6.82,0.805456916,3.99,0.774991355,5.079916506
Benny Snell,2019,RB,Kentucky,224,5,10,70,4.66,0.906441435,29.5,0.797214091,16,0.714198893,119,0.906916824,7.07,0.86225797,4.33,0.868503798,5.055533011
Jeff Allison,2019,LB,Fresno State,228,5,11,71,4.82,0.904744112,31,0.864891804,12,0.55300311,115,0.904826841,7.2,0.906561846,4.45,0.921490737,5.055518449
Caleb Wilson,2019,TE,UCLA,240,6,4,76,4.56,1.077555379,29,0.911653333,,0,113,1.001792362,7.2,1.021478136,4.4,1.026633136,5.039112347
Myles Gaskin,2019,RB,Washington,205,5,9,69,4.58,0.831988037,35.5,0.865442457,24,0.966423151,118,0.811258757,7.19,0.791049367,4.27,0.772624711,5.03878648
Chauncey Gardner-Johnson,2019,S,Florida,210,5,11,71,4.48,0.896559749,36,0.925096497,17,0.72157204,117,0.847886936,7.03,0.815276104,4.2,0.801059363,5.00745069
Bobby Okereke,2019,LB,Stanford,239,6,1,73,4.58,1.026206807,33.5,1.007331605,,0,122,1.034558446,7.25,0.983853676,4.26,0.950753926,5.00270446
Zedrick Woods,2019,S,Mississippi,205,5,11,71,4.29,0.91397544,34.5,0.865442457,19,0.787261371,122,0.863070911,7,0.792468475,4.15,0.772677158,4.994895812
Greg Little,2019,OT,Mississippi,310,6,5,77,5.33,1.206437472,25,1.028488215,,0,113,1.311007878,,0,4.74,1.447333212,4.993266777
Isaac Nauta,2019,TE,Georgia,244,6,3,75,4.91,1.004035817,28,0.883112462,19,0.989823641,,0,7.45,1.060422923,4.43,1.037033016,4.974427859
Cameron Smith,2019,LB,USC,238,6,2,74,4.69,1.011615423,39,1.183805016,15,0.752060999,123,1.05290267,,0,4.23,0.952986638,4.953370747
Bisi Johnson,2019,WR,Colorado State,204,6,1,73,4.51,0.889520771,38,0.975311885,14,0.59351841,124,0.897530367,6.88,0.796917219,4.16,0.792472363,4.945271015
Nick Brossette,2019,RB,LSU,209,5,11,71,4.72,0.846919718,35.5,0.907903897,15,0.633649396,118,0.851061767,7.38,0.851790401,4.44,0.84280164,4.93412682
Kris Boyd,2019,CB,Texas,201,5,11,71,4.45,0.863920945,36.5,0.897747414,19,0.771900174,127,0.880912081,6.94,0.770345627,4.08,0.744821726,4.929647967
Travis Homer,2019,RB,Miami (FL),201,5,10,70,4.48,0.846049341,39.5,0.957851283,17,0.680920094,130,0.889020732,7.07,0.773722553,4.31,0.775727406,4.923291408
Davante Davis,2019,CB,Texas,202,6,2,74,4.57,0.881143206,37,0.953216838,14,0.595750282,125,0.908170815,6.76,0.785961966,4.15,0.793540238,4.917783344
Amani Hooker,2019,S,Iowa,210,5,11,71,4.48,0.896559749,37,0.950793622,14,0.594235798,123,0.891368318,6.81,0.789762485,4.1,0.781986521,4.904706493
Deshaun Davis,2019,LB,Auburn,234,5,11,71,,1,31,0.887652115,25,1.182407965,111,0.896337619,,0,4.38,0.930863676,4.897261375
Rock Ya-Sin,2019,CB,Temple,192,6,1,73,4.51,0.83719602,39.5,0.954175094,18,0.718207152,120,0.817484965,7.31,0.796917219,4.31,0.7727502,4.89673065
Stanley Morgan,2019,WR,Nebraska,202,6,1,73,4.53,0.876911237,38.5,0.97845724,14,0.587699602,125,0.895898236,6.78,0.777634766,4.13,0.77904411,4.895645192
Derrick Baity,2019,CB,Kentucky,197,6,2,74,,1,38.5,0.967309755,10,0.415002848,127,0.8998624,7.06,0.800524065,4.31,0.80373519,4.886434258
Jakobi Meyers,2019,WR,North Carolina State,203,6,2,74,4.63,0.874030071,37,0.957935733,13,0.555935288,118,0.861557374,7.07,0.82607393,4.23,0.812841544,4.88837394
Antoine Wesley,2019,WR,Texas Tech,206,6,4,76,,1,37,0.998365187,6,0.267414649,117,0.890309717,7.07,0.860938187,4.26,0.853155469,4.870183209
Zack Bailey,2019,OL,South Carolina,299,6,5,77,,1,28,1.111032689,24,1.572991178,103,1.152586629,,0,,0,4.836610496
Trayveon Williams,2019,RB,Texas A&M,206,5,8,68,4.51,0.836718168,33,0.79670394,19,0.75767484,121,0.82382685,7.44,0.810626531,4.44,0.79560384,4.821154169
Daniel Jones,2019,QB,Duke,221,6,5,77,4.81,0.953054048,33.5,0.982504839,,0,120,0.992518667,7,0.926515702,4.41,0.959973745,4.814567002
Mike Bell,2019,S,Fresno State,210,6,3,75,4.83,0.878441885,30,0.814345508,10,0.448367051,118,0.903310387,7.1,0.869782473,4.46,0.898572626,4.812819929
Andrew Wingard,2019,S,Wyoming,209,6,1,73,4.56,0.901330177,36.5,0.959773828,9,0.390899205,121,0.897282,7.08,0.840183501,4.2,0.819702395,4.809171105
Kyle Shurmur,2019,QB,Vanderbilt,230,6,4,76,4.91,0.959046234,29.5,0.888731015,,0,106,0.900578827,7.51,1.021064343,4.53,1.012925251,4.782345669
Corey Ballentine,2019,CB,Washburn,196,5,11,71,4.47,0.838661111,39.5,0.947367338,15,0.594235798,135,0.913109008,6.82,0.738194049,4.14,0.736974614,4.768541918
Damarkus Lodge,2019,WR,Mississippi,202,6,2,74,4.55,0.885016363,33.5,0.863047678,11,0.468089507,119,0.864578615,7.06,0.820841934,4.53,0.866201753,4.767775851
Saivion Smith,2019,CB,Alabama,199,6,1,73,,1,33,0.826222026,11,0.454906093,121,0.854349846,7.09,0.801113253,4.37,0.81207313,4.748664349
Drew Lock,2019,QB,Missouri,228,6,4,76,4.69,0.995302751,31,0.925799678,,0,112,0.943280596,7.03,0.947491907,4.12,0.91323684,4.725111772
Alex Wesley,2019,WR,Northern Colorado,190,6,1,73,4.45,0.83964568,38.5,0.920331068,13,0.513301987,125,0.842676559,7.4,0.79832536,4.44,0.787765938,4.702046591
Clelin Ferrell,2019,EDGE,Clemson,264,6,4,76,,1,,0,25,1.427942302,,0,7.26,1.132989499,4.4,1.12929645,4.690228251
Keesean Johnson,2019,WR,Fresno State,201,6,1,73,4.6,0.859291852,30,0.758659786,14,0.584790198,117,0.834409458,7.28,0.830848886,4.23,0.793957128,4.661957309
Jordan Brailford,2019,EDGE,Oklahoma State,252,6,3,75,4.65,1.094935305,37.5,1.221518262,22,1.183689013,126,1.157462123,,0,,0,4.657604703
Darius Slayton,2019,WR,Auburn,190,6,1,73,4.39,0.851121476,40.5,0.968140474,11,0.43433245,135,0.910090683,7,0.755172638,4.15,0.736312757,4.655170478
Riley Ridley,2019,WR,Georgia,199,6,1,73,4.58,0.854456714,30.5,0.763629448,13,0.537616291,124,0.875532074,7.22,0.815802213,4.28,0.795348512,4.642385252
Darnell Savage,2019,S,Maryland,198,5,11,71,4.36,0.868593665,39.5,0.957034352,11,0.440219581,126,0.860931351,7.03,0.768688898,4.14,0.744494763,4.639962611
Gardner Minshew,2019,QB,Washington State,225,6,1,73,4.97,0.89028406,33.5,0.948324733,,0,116,0.926057186,7.14,0.912169055,4.45,0.934981799,4.611816833
David Long,2019,CB,Michigan,196,5,11,71,4.45,0.842430374,39.5,0.947367338,15,0.594235798,120,0.811652452,6.45,0.698145398,3.97,0.706712372,4.600543732
Brian Burns,2019,EDGE,Florida State,249,6,5,77,4.53,1.140174905,36,1.189595918,,0,129,1.202137712,7.01,1.045393596,,0,4.577302131
Ugo Amadi,2019,S,Oregon,199,5,9,69,4.51,0.820172556,32.5,0.769117017,18,0.703603197,115,0.767493041,7.21,0.770032715,4.19,0.735959571,4.566378097
Ty Summers,2019,LB,TCU,241,6,1,73,4.51,1.050855421,36,1.09156423,27,1.352249403,123,1.051766788,,0,,0,4.546435842
Marvell Tell,2019,S,USC,198,6,2,74,,1,42,1.060603589,,0,136,0.968523711,6.63,0.755583009,4.01,0.751586637,4.536296946
Jonathan Ledbetter,2019,DL,Georgia,280,6,4,76,5.14,1.115290782,26.5,0.971906283,22,1.332746148,108,1.117042811,,0,,0,4.536986024
Easton Stick,2019,QB,North Dakota State,224,6,1,73,4.62,0.953473245,33.5,0.944109956,,0,118,0.937836918,6.65,0.845793355,4.05,0.847156542,4.528370016
Isaiah Johnson,2019,CB,Houston,208,6,2,74,4.4,0.942371159,36.5,0.968266288,,0,133,0.994995541,6.81,0.815293372,4.06,0.799390266,4.520316625
Devin Singletary,2019,RB,Florida Atlantic,203,5,7,67,4.66,0.786257013,35,0.820438019,15,0.580784786,117,0.773448036,7.32,0.774379178,4.4,0.76552836,4.500835391
Ryan Davis,2019,WR,Auburn,189,5,10,70,,1,35,0.798058598,12,0.451953987,124,0.797362796,7.09,0.729588239,4.23,0.71587629,4.492839909
Julian Love,2019,CB,Notre Dame,195,5,11,71,4.54,0.821517303,36,0.859018176,14,0.551790384,121,0.814240629,6.72,0.723659017,4.1,0.726130341,4.49635585
Will Grier,2019,QB,West Virginia,217,6,2,74,4.84,0.893769849,34,0.940973218,,0,112,0.87414588,7.09,0.88554255,4.28,0.879170262,4.47360176
Jamarius Way,2019,WR,South Alabama,215,6,3,75,4.63,0.93820629,32.5,0.903212577,16,0.73446793,119,0.932655216,,0,4.66,0.961221347,4.469763361
Ryan Finley,2019,QB,North Carolina State,213,6,4,76,4.73,0.921959116,30.5,0.850941936,,0,116,0.9126949,7.2,0.906561846,4.2,0.869721594,4.461879393
Blace Brown,2019,CB,Troy,194,6,1,73,4.75,0.803175752,26.35,0.643149745,14,0.564424371,126,0.867300455,7.33,0.8074215,4.22,0.76449528,4.449967102
Anthony Johnson,2019,WR,Buffalo,209,6,2,74,,1,32.5,0.866299889,18,0.792507978,122,0.91709067,7.12,0.856504688,,0,4.432403225
Jarrett Stidham,2019,QB,Auburn,218,6,2,74,4.81,0.903488741,31,0.861899838,,0,110,0.86249252,7.28,0.913463792,4.33,0.893539749,4.434884641
Jordan Ta'amu,2019,QB,Mississippi,221,6,3,75,4.77,0.936083879,27.5,0.785584893,,0,109,0.878121224,7.06,0.910185648,4.36,0.924438009,4.434413652
N'Keal Harry,2019,WR,Arizona State,228,6,2,74,4.53,1.003339645,38.5,1.119526011,27,1.296831236,122,1.00046255,,0,,0,4.420159441
Joe Jackson,2019,DL,Miami (FL),275,6,4,76,,1,27,0.972561206,22,1.30894711,109,1.107253911,,0,,0,4.388762227
Lukas Denis,2019,S,Boston Col.,190,5,11,71,4.64,0.78320162,33.5,0.778867619,16,0.6144479,116,0.760579083,6.89,0.722941102,4.09,0.705785976,4.3658233
Andy Isabella,2019,WR,Massachusetts,188,5,9,69,4.31,0.810791669,36.5,0.816031074,15,0.553925465,121,0.762898479,6.95,0.701234847,4.15,0.688640886,4.33352242
Alijah Holder,2019,CB,Stanford,191,6,1,73,4.6,0.816541014,36,0.865098622,9,0.357233245,121,0.820004124,6.7,0.72661235,4.15,0.740188088,4.325677442
Brett Rypien,2019,QB,Boise State,210,6,2,74,4.91,0.852607464,33,0.883836324,,0,116,0.876160041,7.1,0.858185373,4.29,0.852797805,4.323587008
Emmanuel Butler,2019,WR,Northern Arizona,217,6,3,75,,1,36,1.00978843,11,0.509643881,115,0.909689698,,0,4.22,0.878559573,4.307681582
Jake Browning,2019,QB,Washington,211,6,2,74,4.74,0.887391861,29,0.780403242,,0,112,0.849975948,7.19,0.873202178,4.44,0.886818843,4.277792073
Otaro Alaka,2019,LB,Texas A&M,239,6,3,75,4.82,1.001824698,36,1.112163293,20,1.02056881,131,1.141313354,,0,,0,4.275870156
Germaine Pratt,2019,LB,North Carolina State,240,6,2,74,4.57,1.046902819,32.5,0.994794131,24,1.213409344,116,1.001325761,,0,,0,4.256432056
Diontae Johnson,2019,WR,Toledo,183,5,10,70,4.53,0.7617817,33.5,0.739606687,15,0.547007802,123,0.765823484,7.09,0.706426707,4.45,0.729200416,4.249846797
Justin Layne,2019,CB,Michigan State,192,6,2,74,4.5,0.850550379,37.5,0.918271506,,0,134,0.925363117,6.9,0.762524468,4.09,0.74335116,4.200060631
Parris Campbell,2019,WR,Ohio State,205,6,1,73,4.31,0.935360571,40,1.031676658,11,0.468621854,135,0.981939948,,0,4.03,0.771470874,4.189069906
Tyre Brady,2019,WR,Marshall,211,6,3,75,,1,32,0.872771566,12,0.540602558,117,0.899920239,,0,4.25,0.860340596,4.17363496
Montre Hartage,2019,CB,Northwestern,190,5,11,71,4.68,0.776507589,34.5,0.802117399,9,0.345626944,123,0.806476097,6.95,0.72923667,4.08,0.704060338,4.164025037
Terrill Hanks,2019,LB,New Mexico State,242,6,2,74,4.98,0.968717958,35.5,1.095676459,21,1.070580952,118,1.027078249,,0,,0,4.162053619
Trace McSorley,2019,QB,Penn State,202,6,1,73,4.57,0.869235866,33,0.838677634,,0,115,0.824226377,7.09,0.813190338,4.12,0.777157805,4.12248802
Hakeem Butler,2019,WR,Iowa State,227,6,5,77,4.48,1.051037415,36,1.084491058,18,0.89565802,128,1.087429201,,0,,0,4.118615693
Derwin Gray,2019,OT,Maryland,320,6,4,76,5.26,1.245539298,,0,26,1.80007272,90,1.063850296,,0,,0,4.109462314
Nyqwan Murray,2019,WR,Florida State,191,5,10,70,4.63,0.7779112,34,0.7834607,8,0.304491046,113,0.734318195,7.2,0.748747954,4.4,0.752526592,4.101455687
John Battle,2019,S,LSU,201,6,1,73,4.67,0.846411675,29.5,0.746015457,,0,120,0.855804572,7.09,0.809164643,4.33,0.8127268,4.070123147
Shareef Miller,2019,EDGE,Penn State,254,6,4,76,4.69,1.108802188,29.5,0.981468164,16,0.87926629,,0,,0,4.45,1.098866888,4.06840353
Dre Greenlaw,2019,LB,Arkansas,237,5,11,71,,1,33,0.957034352,24,1.14966436,117,0.956900971,,0,,0,4.063599683
Dexter Lawrence,2019,DL,Clemson,342,6,4,76,5.05,1.386525714,,0,36,2.663761458,,0,,0,,0,4.050287172
Johnnie Dixon,2019,WR,Ohio State,201,5,10,70,4.41,0.859478695,37.5,0.909352484,16,0.640865971,120,0.820634521,,0,4.43,0.797325384,4.027657056
Juan Thornhill,2019,S,Virginia,205,6,1,73,4.42,0.912082367,44,1.134844324,21,0.894641722,141,1.025581723,,0,,0,3.967150136
James Williams,2019,RB,Washington State,197,5,9,69,4.58,0.799520211,36.5,0.855096391,,0,118,0.779599879,7.01,0.741148237,4.25,0.738995875,3.914360593
Dillon Mitchell,2019,WR,Oregon,197,6,1,73,4.46,0.868628022,36.5,0.904667196,12,0.491273642,122,0.852753196,,0,4.29,0.789194674,3.906516731
Hunter Renfrow,2019,WR,Clemson,184,5,10,70,4.59,0.755932096,35,0.776945936,7,0.256665227,116,0.726186701,6.8,0.681234322,4.19,0.690347336,3.887311619
A.J. Brown,2019,WR,Mississippi,226,6,1,73,4.49,0.989839012,36.5,1.037841555,19,0.892355761,120,0.962247927,,0,,0,3.882284255
Hamp Cheevers,2019,CB,Boston Col.,169,5,9,69,4.52,0.69498746,39,0.783803673,8,0.265569939,122,0.691464781,6.96,0.631272368,4.25,0.633960928,3.70105915
Quinnen Williams,2019,DL,Alabama,303,6,3,75,4.83,1.267466149,30.5,1.194567303,,0,112,1.23707592,,0,,0,3.699109372
Emanuel Hall,2019,WR,Missouri,201,6,2,74,4.39,0.912731134,43.5,1.11512596,15,0.635143953,141,1.019345309,,0,,0,3.682346356
Joe Giles-Harris,2019,LB,Duke,234,6,2,74,4.75,0.982049945,29.5,0.880392806,17,0.838010828,111,0.934211039,,0,,0,3.634664618
Elijah Holyfield,2019,RB,Georgia,217,5,10,70,4.78,0.856070409,29.5,0.772301151,26,1.124305289,118,0.871192685,,0,,0,3.623869533
Khari Willis,2019,S,Michigan State,213,5,11,71,4.52,0.901320243,34.5,0.899215821,22,0.947139098,118,0.867350031,,0,,0,3.615025193
Rashad Fenton,2019,CB,South Carolina,193,5,11,71,4.52,0.816689235,34,0.80297397,12,0.468112281,117,0.77924847,,0,4.25,0.744976126,3.612000082
Travis Fulgham,2019,WR,Old Dominion,215,6,2,74,4.58,0.935802734,36.5,1.000852173,15,0.679382836,126,0.974350391,,0,,0,3.590388133
Donovan Wilson,2019,S,Texas A&M,199,6,1,73,,1,36,0.901333119,18,0.744391788,127,0.896714302,,0,,0,3.542439209
Justice Hill,2019,RB,Oklahoma State,198,5,10,70,4.4,0.848574861,40,0.955498729,21,0.828582309,130,0.875751765,,0,,0,3.508407665
Sheldrick Redwine,2019,S,Miami (FL),196,6,1,73,4.44,0.86811162,39,0.961723948,,0,130,0.904058893,,0,4.14,0.757734463,3.491628923
Damien Harris,2019,RB,Alabama,216,5,10,70,4.57,0.89128213,37,0.964185081,16,0.68869179,121,0.889224869,,0,,0,3.43338387
Karan Higdon,2019,RB,Michigan,206,5,9,69,4.49,0.852804686,34,0.832917756,21,0.849745234,123,0.849759173,,0,,0,3.385226849
Darrell Henderson,2019,RB,Memphis,208,5,8,68,4.49,0.84860486,33.5,0.816627399,22,0.88582526,121,0.831825169,,0,,0,3.382882687
Darius West,2019,S,Kentucky,208,5,11,71,4.39,0.906226529,33.5,0.852655078,19,0.79878227,113,0.811100307,,0,,0,3.368764184
Jonathan Crawford,2019,S,Indiana,205,6,1,73,,1,31.5,0.812445368,16,0.681631788,115,0.836467363,,0,,0,3.330544519
Jordan Brown,2019,CB,South Dakota State,201,6,1,73,4.51,0.876439583,39.5,0.998902052,13,0.54301947,128,0.91285821,,0,,0,3.331219316
Sean Bunting,2019,CB,Central Michigan,195,6,1,73,4.42,0.867590544,41.5,1.018151629,14,0.567333775,126,0.871771076,,0,,0,3.324847023
Tony Pollard,2019,RB,Memphis,210,6,1,73,4.52,0.913657299,35,0.924734565,13,0.567333775,121,0.901575215,,0,,0,3.307300854
Christian Miller,2019,EDGE,Alabama,247,6,3,75,,1,38.5,1.229209303,,0,118,1.062465075,,0,,0,3.291674377
D'Cota Dixon,2019,S,Wisconsin,204,5,10,70,4.81,0.799765635,33.5,0.824479585,20,0.813038918,119,0.825942108,,0,,0,3.263226246
Mark McLaurin,2019,S,Mississippi State,212,6,1,73,4.77,0.874017141,36,0.960214177,12,0.528680265,,0,,0,4.46,0.882940315,3.245851898
David Montgomery,2019,RB,Iowa State,222,5,10,70,4.63,0.904169039,28.5,0.763313189,15,0.663583235,121,0.91392556,,0,,0,3.244991023
Jovon Durante,2019,WR,Florida Atlantic,160,5,11,71,4.55,0.672584017,31.5,0.616730998,,0,120,0.66257343,7,0.618511981,4.31,0.626315802,3.196716227
Yodny Cajuste,2019,OT,West Virginia,312,6,5,77,,1,,0,32,2.188509465,,0,,0,,0,3.188509465
Tyrel Dodson,2019,LB,Texas A&M,237,6,1,73,4.6,1.013194871,,0,24,1.182049271,118,0.992264953,,0,,0,3.187509095
Derrek Thomas,2019,CB,Baylor,189,6,3,75,4.44,0.860042089,39.5,0.964999427,8,0.322824276,131,0.90254487,,0,,0,3.050410662
Terry Godwin,2019,WR,Georgia,184,5,11,71,4.55,0.77347162,36.5,0.821818528,,0,117,0.742910459,6.96,0.70722427,,0,3.045424877
Mecole Hardman,2019,WR,Georgia,187,5,10,70,4.33,0.814387986,36.5,0.823454113,17,0.633492824,119,0.757113599,,0,,0,3.028448522
Jaquan Johnson,2019,S,Miami (FL),191,5,10,70,4.69,0.767959244,33,0.760417739,18,0.685104853,121,0.786305324,,0,,0,2.99978716
Byron Murphy,2019,CB,Washington,190,5,11,71,4.55,0.79869352,36.5,0.848616958,14,0.537641912,120,0.786805948,,0,,0,2.971758339
Mack Wilson,2019,LB,Alabama,240,6,1,73,,1,32,0.96625326,,0,117,0.996309801,,0,,0,2.962563061
Ryan Pulley,2019,CB,Arkansas,209,5,11,71,4.61,0.867128214,31,0.792817487,11,0.464676224,111,0.800575052,,0,,0,2.925196978
Jamal Custis,2019,WR,Syracuse,214,6,4,76,4.5,0.973631149,34.5,0.96705985,,0,124,0.980219843,,0,,0,2.920910842
Nick Fitzgerald,2019,QB,Mississippi State,226,6,5,77,4.64,1.010324284,29.5,0.884765281,,0,115,0.972683264,,0,,0,2.86777283
Ryan Pope,2019,OT,San Diego State,320,6,7,79,,1,,0,25,1.799161752,,0,,0,,0,2.799161752
Mitch Wishnowsky,2019,P,Utah,218,6,2,74,4.63,0.938613573,32.5,0.903604669,,0,117,0.917378408,,0,,0,2.75959665
Jordan Miller,2019,CB,Washington,186,6,1,73,4.49,0.814646266,37,0.865853507,6,0.23192106,125,0.824935999,,0,,0,2.737356833
Bobby Evans,2019,OT,Oklahoma,312,6,4,76,5.2,1.228413132,,0,22,1.485059994,,0,,0,,0,2.713473126
Mike Weber,2019,RB,Ohio State,211,5,10,70,4.47,0.890128241,33.5,0.852770551,22,0.925031044,,0,,0,,0,2.667929836
Jawaan Taylor,2019,OT,Florida,312,6,5,77,,1,,0,24,1.641382099,,0,,0,,0,2.641382099
Bryson Allen-Williams,2019,LB,South Carolina,236,6,1,73,4.88,0.951030946,,0,14,0.686619338,,0,7.4,0.991604132,,0,2.629254416
Beau Benzschawel,2019,OL,Wisconsin,309,6,6,78,5.24,1.239085866,,0,20,1.372259384,,0,,0,,0,2.61134525
Trayvon Mullen,2019,CB,Clemson,199,6,1,73,4.46,0.87744658,34.5,0.863777573,,0,123,0.868471332,,0,,0,2.609695485
Chuma Edoga,2019,OT,USC,308,6,3,75,5.19,1.199013934,,0,21,1.380970516,,0,,0,,0,2.579984449
Marquise Blair,2019,S,Utah,195,6,1,73,4.48,0.855971028,35,0.858682096,,0,125,0.864852257,,0,,0,2.579505382
Jack Fox,2019,P,Rice,213,6,2,74,4.73,0.897697034,27.5,0.747052131,,0,114,0.873354603,,0,,0,2.518103768
Jake Bailey,2019,P,Stanford,200,6,1,73,4.72,0.833279054,33,0.830373896,,0,117,0.830258167,,0,,0,2.493911117
Saquan Hampton,2019,S,Rutgers,206,6,1,73,4.48,0.904256573,,0,14,0.599337218,125,0.913638795,,0,,0,2.417232587
Ben Powers,2019,OL,Oklahoma,307,6,4,76,,1,,0,21,1.394840003,,0,,0,,0,2.394840003
Trevon Tate,2019,OL,Memphis,293,6,2,74,,1,,0,22,1.357923026,,0,,0,,0,2.357923026
Kendall Joseph,2019,LB,Clemson,233,6,1,73,,1,,0,25,1.210519867,,0,,0,,0,2.210519867
Rodney Anderson,2019,RB,Oklahoma,224,6,1,73,,1,,0,25,1.163761589,,0,,0,,0,2.163761589
Deandre Baker,2019,CB,Georgia,193,5,11,71,4.52,0.816689235,,0,14,0.546130995,118,0.785908714,,0,,0,2.148728943
Jalin Moore,2019,RB,Appalachian State,212,5,10,70,,1,,0,27,1.140645777,,0,,0,,0,2.140645777
Jalen Hurd,2019,WR,Baylor,226,6,5,77,,1,,0,23,1.139410276,,0,,0,,0,2.139410276
Jachai Polite,2019,EDGE,Florida,258,6,3,75,4.84,1.076998791,32,1.067180399,,0,,0,,0,,0,2.144179189
Darryl Johnson,2019,EDGE,North Carolina A&T,253,6,6,78,,1,,0,20,1.123565127,,0,,0,,0,2.123565127
Xavier Crawford,2019,CB,Central Michigan,187,5,11,71,4.48,0.79836511,37.5,0.858100421,11,0.415762937,,0,,0,,0,2.072228468
Tommy Sweeney,2019,TE,Boston Col.,251,6,4,76,4.83,1.063946502,,0,17,0.923186334,,0,,0,,0,1.987132836
Terez Hall,2019,LB,Missouri,230,6,1,73,,1,,0,20,0.95594702,,0,,0,,0,1.95594702
Felton Davis,2019,WR,Michigan State,211,6,3,75,,1,,0,21,0.946054477,,0,,0,,0,1.946054477
Daniel Helm,2019,TE,Duke,249,6,4,76,4.89,1.042518303,,0,14,0.754213161,,0,,0,,0,1.796731464
Azeez Al-Shaair,2019,LB,Florida Atlantic,234,6,1,73,,1,,0,16,0.778057748,,0,,0,,0,1.778057748
Dwayne Haskins,2019,QB,Ohio State,231,6,3,75,5.04,0.926024154,28.5,0.850991056,,0,,0,,0,,0,1.77701521
T.J. Edwards,2019,LB,Wisconsin,230,6,1,73,,1,,0,16,0.764757616,,0,,0,,0,1.764757616
Bryce Love,2019,RB,Stanford,200,5,9,69,,1,,0,18,0.707138891,,0,,0,,0,1.707138891
Joejuan Williams,2019,CB,Vanderbilt,211,6,4,76,4.64,0.931017137,,0,17,0.776065006,,0,,0,,0,1.707082143
Johnathan Abram,2019,S,Mississippi State,205,5,11,71,4.45,0.881113401,,0,,0,116,0.820624801,,0,,0,1.701738202
Blessuan Austin,2019,CB,Rutgers,198,6,1,73,,1,,0,15,0.617209271,,0,,0,,0,1.617209271
Iman Lewis-Marshall,2019,CB,USC,207,6,1,73,4.53,0.898616961,,0,16,0.688281854,,0,,0,,0,1.586898815
Mark Fields,2019,CB,Clemson,192,5,10,70,4.37,0.828509399,,0,18,0.68869179,,0,,0,,0,1.517201189
Keelan Doss,2019,WR,UC Davis,211,6,2,74,,1,,0,8,0.355596349,,0,,0,,0,1.355596349
Armon Watts,2019,DL,Arkansas,300,6,5,77,5.23,1.189843655,,0,,0,,0,,0,,0,1.189843655
Nasir Adderley,2019,S,Delaware,206,6,1,73,,1,,0,,0,,0,,0,,0,1
J.J. Arcega-Whiteside,2019,WR,Stanford,225,6,2,74,,1,,0,,0,,0,,0,,0,1
Alex Bars,2019,OL,Notre Dame,312,6,6,78,,1,,0,,0,,0,,0,,0,1
Marquise Brown,2019,WR,Oklahoma,166,5,9,69,,1,,0,,0,,0,,0,,0,1
Austin Bryant,2019,EDGE,Clemson,271,6,4,76,,1,,0,,0,,0,,0,,0,1
Te'von Coney,2019,LB,Notre Dame,234,6,1,73,,1,,0,,0,,0,,0,,0,1
C.J. Conrad,2019,TE,Kentucky,249,6,4,76,,1,,0,,0,,0,,0,,0,1
Greg Dortch,2019,WR,Wake Forest,173,5,7,67,,1,,0,,0,,0,,0,,0,1
Mike Edwards,2019,S,Kentucky,205,5,10,70,,1,,0,,0,,0,,0,,0,1
Lamont Gaillard,2019,OL,Georgia,305,6,3,75,,1,,0,,0,,0,,0,,0,1
Matt Gay,2019,K,Utah,232,6,1,73,,1,,0,,0,,0,,0,,0,1
Donnell Greene,2019,OT,Minnesota,335,6,5,77,,1,,0,,0,,0,,0,,0,1
Ethan Greenidge,2019,OL,Villanova,327,6,4,76,,1,,0,,0,,0,,0,,0,1
Nate Hall,2019,LB,Northwestern,225,6,2,74,,1,,0,,0,,0,,0,,0,1
Chase Hansen,2019,LB,Utah,222,6,3,75,,1,,0,,0,,0,,0,,0,1
Martez Ivey,2019,OL,Florida,315,6,5,77,,1,,0,,0,,0,,0,,0,1
Josh Jacobs,2019,RB,Alabama,220,5,10,70,,1,,0,,0,,0,,0,,0,1
Fred Johnson,2019,OL,Florida,326,6,7,79,,1,,0,,0,,0,,0,,0,1
Vosean Joseph,2019,LB,Florida,230,6,1,73,,1,,0,,0,,0,,0,,0,1
Brandon Knight,2019,OT,Indiana,314,6,4,76,,1,,0,,0,,0,,0,,0,1
Tre Lamar,2019,LB,Clemson,253,6,3,75,,1,,0,,0,,0,,0,,0,1
Kyler Murray,2019,QB,Oklahoma,207,5,10,70,,1,,0,,0,,0,,0,,0,1
Austin Seibert,2019,K,Oklahoma,213,5,9,69,,1,,0,,0,,0,,0,,0,1
Kendall Sheffield,2019,CB,Ohio State,193,5,11,71,,1,,0,,0,,0,,0,,0,1
Jahlani Tavai,2019,LB,Hawaii,250,6,2,74,,1,,0,,0,,0,,0,,0,1
Deionte Thompson,2019,S,Alabama,195,6,1,73,,1,,0,,0,,0,,0,,0,1
Clayton Thorson,2019,QB,Northwestern,222,6,4,76,,1,,0,,0,,0,,0,,0,1
Cole Tracy,2019,K,LSU,184,5,10,70,,1,,0,,0,,0,,0,,0,1
D'Andre Walker,2019,EDGE,Georgia,251,6,2,74,,1,,0,,0,,0,,0,,0,1
Gerald Willis,2019,DL,Miami (FL),302,6,2,74,,1,,0,,0,,0,,0,,0,1
Jamal Peters,2019,CB,Mississippi State,218,6,2,74,4.63,0.938613573,,0,,0,,0,,0,,0,0.938613573
Greedy Williams,2019,CB,LSU,185,6,2,74,4.37,0.84392066,,0,,0,,0,,0,,0,0.84392066
Harrison Phillips,2018,DT,Stanford,307,6,4,76,5.21,1.206407011,32,1.28679344,42,2.789680006,103,1.16805591,7.28,1.321159013,4.5,1.343081134,9.115176515
Will Hernandez,2018,OG,Texas-El Paso,327,6,2,74,5.15,1.265761411,24,1.000915941,37,2.548791606,104,1.22317121,7.59,1.428541934,4.7,1.454839546,8.922021648
Quenton Nelson,2018,OG,Notre Dame,325,6,5,77,,1,26.5,1.142949001,35,2.493418987,105,1.277137991,7.65,1.489043092,4.62,1.478951148,8.881500219
Foley Fatukasi,2018,DT,Connecticut,318,6,4,76,5.29,1.230735274,30,1.249593792,33,2.27042826,112,1.3156282,7.44,1.398573815,4.53,1.40047926,8.865438601
Kolton Miller,2018,OT,UCLA,309,6,9,81,4.95,1.362127959,31.5,1.358816914,24,1.71004631,121,1.471984739,7.34,1.428931148,4.49,1.437565384,8.769472454
Toby Weathersby,2018,OT,LSU,317,6,4,76,5.34,1.215377537,24.5,1.017292473,28,1.920366041,106,1.241232558,8.55,1.602177816,5.38,1.658031959,8.654478384
Wyatt Teller,2018,OG,Virginia Tech,314,6,4,76,5.24,1.226850266,29,1.192746444,30,2.038063104,114,1.322277264,7.45,1.382837849,4.84,1.477496189,8.640271116
B.J. Hill,2018,DT,North Carolina State,311,6,4,76,4.99,1.276006961,26.5,1.079510193,35,2.355023024,101,1.160298669,7.28,1.338372812,4.53,1.3696511,8.578862758
Colby Gossett,2018,OG,Appalachian State,311,6,5,77,5.2,1.240587436,25,1.031805919,32,2.181495011,103,1.198844286,7.6,1.415586628,4.83,1.479571687,8.547890968
Kahlil McKenzie,2018,DT,Tennessee,314,6,5,77,5.15,1.264715241,29.5,1.229275657,26,1.789562427,105,1.233911782,7.94,1.493181569,4.68,1.44745141,8.458098085
Deadrin Senat,2018,DT,South Florida,314,6,1,73,5.16,1.196692074,26,1.027147346,35,2.283882118,100,1.114107113,7.77,1.385304586,4.79,1.404513083,8.41164632
Scott Quessenberry,2018,C,UCLA,310,6,4,76,5.09,1.246915753,33.5,1.360275842,25,1.67675043,111,1.271079469,7.5,1.374384645,4.69,1.413467724,8.342873864
Dashawn Hand,2018,DE,Alabama,297,6,4,76,4.83,1.258932713,31.5,1.22542712,28,1.7992073,111,1.217776136,7.98,1.401021106,4.62,1.333981431,8.236345808
Connor Williams,2018,OT,Texas,296,6,5,77,5.05,1.215823872,34,1.33557489,26,1.686976046,112,1.240723185,7.83,1.388084623,4.63,1.349898748,8.217081363
Sam Jones,2018,OG,Arizona State,305,6,5,77,5.32,1.189209966,27,1.092851671,28,1.871982255,101,1.152886031,7.92,1.446730013,4.86,1.460039485,8.213699422
Taven Bryan,2018,DT,Florida,291,6,4,76,4.98,1.196346123,35,1.334078907,30,1.888778227,119,1.279169164,7.12,1.22478066,4.48,1.267425272,8.190578352
Cole Madison,2018,OL,Washington State,308,6,5,77,5.33,1.198654004,28.5,1.164912201,26,1.755366967,97,1.118117938,7.86,1.449892264,4.88,1.480468021,8.167411395
Will Clapp,2018,C,LSU,311,6,4,76,5.39,1.181312567,29,1.181350777,25,1.682159303,97,1.114346246,8.04,1.47809305,4.92,1.487568082,8.124830025
Kc McDermott,2018,OG,Miami (FL),311,6,6,78,5.35,1.221464411,23.5,0.982493636,26,1.795483719,97,1.143671147,7.72,1.456612515,4.82,1.495683826,8.095409254
Daron Payne,2018,DT,Alabama,311,6,2,74,4.95,1.252467651,28.5,1.130430485,27,1.768923309,107,1.196879216,7.58,1.356853813,4.71,1.386598682,8.092153156
Joseph Noteboom,2018,OT,TCU,309,6,5,77,4.96,1.292251771,24,0.984163691,27,1.828799526,102,1.179570262,7.65,1.415736355,4.44,1.351356522,8.051878128
Orlando Brown,2018,OT,Oklahoma,345,6,8,80,5.85,1.270962755,19.5,0.927578312,14,1.099993831,82,1.100011874,7.87,1.689489743,5.38,1.899455507,7.987492021
Braden Smith,2018,OG,Auburn,315,6,6,78,5.22,1.267985425,33.5,1.418589874,35,2.448084096,113,1.349453857,,0,4.77,1.499205969,7.983319221
Andrew Brown,2018,DE,Virginia,296,6,4,76,5.03,1.204805458,28,1.08560098,31,1.985272509,101,1.10433571,7.51,1.314065415,4.48,1.289202338,7.983282412
Alex Cappa,2018,OT,Humboldt State,305,6,6,78,5.39,1.189009391,26.5,1.086543725,24,1.625394611,97,1.121606752,8.04,1.487723543,4.84,1.472914613,7.983192636
Jaryd Jones-Smith,2018,OT,Pittsburgh,317,6,6,78,5.22,1.276036126,27,1.150600401,16,1.126229708,109,1.309950249,8.1,1.557796159,4.94,1.562494801,7.983107445
Chukwuma Okorafor,2018,OT,West. Michigan,320,6,6,78,5.31,1.266279768,23.5,1.010925928,19,1.35005454,102,1.237425871,7.87,1.527886376,4.8,1.532581524,7.925154007
Derrick Nnadi,2018,DT,Florida State,317,6,1,73,5.38,1.158722539,27,1.076843965,25,1.646930463,96,1.079761391,8.15,1.466937045,5.02,1.486016415,7.915211817
Justin Jones,2018,DT,North Carolina State,309,6,2,74,5.09,1.210185722,29,1.142865412,24,1.56226453,104,1.155840685,7.82,1.390812858,4.74,1.386456691,7.848425898
Brian O'neill,2018,OT,Pittsburgh,297,6,7,79,4.82,1.31134242,29.5,1.192923101,22,1.469465361,107,1.220230166,7.14,1.303027248,4.5,1.350622006,7.847610302
James Looney,2018,DE,California,287,6,3,75,4.89,1.185806725,35.5,1.316977652,28,1.715751247,113,1.182213849,7.32,1.225535754,4.37,1.203267992,7.829553219
Tyrell Crosby,2018,OT,Oregon,309,6,5,77,5.23,1.225538965,30,1.230204614,17,1.151466368,105,1.214263505,7.89,1.460151614,4.77,1.451795182,7.733420248
Mason Cole,2018,C,Michigan,307,6,4,76,5.23,1.2017936,23.5,0.944988932,23,1.527681908,104,1.179396259,7.77,1.410083178,4.78,1.426650627,7.690594504
John Franklin-Myers,2018,DE,Stephen F. Austin,283,6,4,76,4.75,1.219792689,33,1.223265873,26,1.591939312,113,1.181280161,7.36,1.231259479,4.48,1.232581965,7.680119479
Taylor Hearn,2018,OG,Clemson,320,6,4,76,5.45,1.202116827,24,1.005962298,18,1.246204191,96,1.134773649,7.84,1.483034924,4.8,1.493284562,7.565376451
Austin Corbett,2018,OG,Nevada,306,6,4,76,5.15,1.216486791,28,1.122276689,19,1.257887355,106,1.198161396,7.87,1.423578748,4.5,1.338706277,7.557097257
Greg Senat,2018,OT,Wagner,302,6,6,78,5.38,1.179502533,26,1.055557232,19,1.274113972,106,1.213617555,7.41,1.357661487,4.71,1.419254304,7.499707084
Jamil Demby,2018,OG,Maine,319,6,4,76,5.58,1.170441425,23.5,0.981926611,17,1.173292591,98,1.154794721,7.86,1.482171869,4.95,1.535137362,7.497764579
Brian Allen,2018,C,Michigan State,298,6,1,73,5.34,1.097431635,26.5,0.993554947,27,1.672076026,99,1.046763951,7.81,1.321483981,4.71,1.310683399,7.441993939
Sean Welsh,2018,C,Iowa,306,6,3,75,5.43,1.138577162,25,0.988848117,20,1.30666969,103,1.148932074,7.9,1.410202649,4.81,1.412100262,7.405329953
Nick Gates,2018,OT,Nebraska,307,6,5,77,5.46,1.16631555,24,0.977793699,20,1.345898249,94,1.080018993,7.61,1.399218383,4.68,1.415183385,7.384428259
James Daniels,2018,C,Iowa,306,6,3,75,,1,30.5,1.206394702,21,1.372003175,108,1.204705475,7.29,1.301313584,4.4,1.291734127,7.376151063
Bradley Chubb,2018,DE,North Carolina State,269,6,4,76,4.65,1.184383988,36,1.268455586,24,1.396787197,121,1.202335531,7.37,1.171939265,4.41,1.153299833,7.377201399
Kylie Fitts,2018,EDGE,Utah,263,6,4,76,4.69,1.148090454,32.5,1.119591503,31,1.763941453,117,1.136657551,6.88,1.069620022,4.19,1.071324732,7.309225716
Taylor Stallworth,2018,DT,South Carolina,312,6,2,74,5.28,1.177963949,23.5,0.935106483,18,1.18307411,101,1.133397177,7.95,1.427661301,4.75,1.402870848,7.260073868
Marcus Davenport,2018,DE,Texas-San Antonio,264,6,6,78,4.58,1.211191068,33.5,1.188913419,22,1.289657363,124,1.241065359,7.2,1.153195054,4.41,1.161648902,7.245671165
Ade Aruna,2018,DE,Tulane,262,6,6,78,4.6,1.196789225,38.5,1.356011946,18,1.047180462,128,1.271394424,7.53,1.196913086,4.48,1.171147715,7.239436858
Zaycoven Henderson,2018,DT,Texas A&M,298,6,1,73,5.16,1.135714134,29.5,1.106032866,20,1.238574834,105,1.11020419,7.33,1.240266016,4.58,1.274507424,7.105299463
Olubunmi Rotimi,2018,DE,Old Dominion,273,6,4,76,,1,32,1.144282114,21,1.240362609,113,1.139538812,7.46,1.203890013,4.7,1.247417592,6.97549114
Trevon Young,2018,EDGE,Louisville,258,6,4,76,4.78,1.105057839,33,1.115203517,25,1.395489068,114,1.086457115,6.99,1.066061401,4.4,1.103630622,6.871899561
Mike Gesicki,2018,TE,Penn State,247,6,5,77,4.54,1.128525648,41.5,1.360324961,22,1.19114187,129,1.192481987,6.76,1.00001409,4.1,0.997491727,6.869980284
David Wells,2018,TE,San Diego State,256,6,6,78,4.75,1.13245399,33,1.135678489,20,1.136888034,116,1.12581491,7.5,1.164843489,4.59,1.172424866,6.868103778
Leighton Vander esch,2018,ILB,Boise State,256,6,4,76,4.65,1.1271461,39.5,1.324517026,20,1.107737058,124,1.172599438,6.88,1.041151048,4.15,1.032855155,6.806005826
Leon Jacobs,2018,EDGE,Wisconsin,246,6,3,75,4.48,1.109425042,34.5,1.097039734,26,1.365597931,122,1.094033549,7.14,1.024628254,4.44,1.047893407,6.738617916
Nathan Shepherd,2018,DT,Fort Hays State,315,6,5,77,5.09,1.283698709,31,1.295895151,,0,112,1.3203642,7.5,1.414927825,4.53,1.405520707,6.720406593
Brandon Parker,2018,OT,North Carolina A&T,305,6,8,80,5.4,1.217238484,28.5,1.198509769,,0,113,1.340116976,7.82,1.484117631,4.68,1.460741765,6.700724625
Will Richardson,2018,OT,North Carolina State,306,6,6,78,5.26,1.222390294,31.5,1.295786572,,0,108,1.252893694,7.8,1.448046062,4.83,1.474690652,6.693807274
Harold Landry,2018,EDGE,Boston Col.,252,6,3,75,4.64,1.097295079,36,1.172657531,24,1.291297106,119,1.093158672,6.88,1.01139776,4.19,1.013009678,6.678815826
Genard Avery,2018,ILB,Memphis,248,6,1,73,4.59,1.062530642,36,1.123269415,26,1.339988344,124,1.091115349,6.9,0.971617608,4.36,1.009714975,6.598236333
Jordan Thomas,2018,TE,Mississippi State,265,6,5,77,4.74,1.159679194,27,0.949526862,16,0.929415077,111,1.100864879,7.5,1.190336107,4.75,1.239846659,6.569668778
Skyler Phillips,2018,OG,Idaho State,318,6,3,75,5.1,1.25978901,29,1.19204671,,0,104,1.205580352,7.95,1.47478006,4.69,1.430866096,6.563062228
Salesi Uhatafe,2018,OG,Utah,310,6,5,77,5.4,1.190798468,28,1.151906801,,0,109,1.264600519,7.7,1.429601151,4.9,1.496188341,6.53309528
Tyler Conklin,2018,TE,Central Michigan,254,6,3,75,4.8,1.069136978,38,1.247629022,18,0.976159121,120,1.111093648,7.13,1.056467776,4.23,1.030796926,6.491283472
Hercules Mata'afa,2018,EDGE,Washington State,254,6,1,73,4.76,1.04937142,31.5,1.006639627,26,1.372407417,108,0.973318036,7.24,1.044159605,4.37,1.036515452,6.482411558
Ryan Izzo,2018,TE,Florida State,256,6,5,77,4.94,1.074937836,33,1.121118509,18,1.010081291,110,1.053896142,7.15,1.09624715,4.43,1.117048897,6.473329824
Dorance Armstrong,2018,EDGE,Kansas,257,6,4,76,4.87,1.08043181,30,1.009891839,20,1.112064156,118,1.120219586,7.12,1.081679139,4.23,1.056877982,6.461164513
Peter Kalambayi,2018,EDGE,Stanford,252,6,3,75,4.57,1.114102662,34,1.107509891,19,1.022276875,121,1.111531087,7.13,1.048149132,4.36,1.054110309,6.457679956
Mark Andrews,2018,TE,Oklahoma,256,6,5,77,4.67,1.137086276,31,1.053171932,17,0.953965664,113,1.082638764,7.34,1.125378193,4.38,1.104441121,6.456681951
Tim Settle,2018,DT,Virginia Tech,329,6,3,75,5.37,1.237834217,23.5,0.999382904,,0,96,1.151337985,7.95,1.525794464,4.83,1.524551359,6.438900929
Chris Warren,2018,RB,Texas,247,6,2,74,4.69,1.049869788,33,1.039559867,25,1.300833802,121,1.07495054,6.98,0.992329359,4.18,0.977333358,6.434876713
Christian Sam,2018,ILB,Arizona State,244,6,2,74,4.75,1.024017891,32,0.995814433,28,1.439238305,114,1.00046255,7.03,0.987298816,4.25,0.981630951,6.428462945
Durham Smythe,2018,TE,Notre Dame,253,6,5,77,4.81,1.091052825,31,1.040830074,18,0.998244401,110,1.041545796,7.17,1.086430994,4.23,1.054118368,6.312222458
John Atkins,2018,DT,Georgia,321,6,4,76,5.38,1.221563245,24,1.009105931,,0,89,1.05531733,7.95,1.50854232,4.75,1.482347419,6.276876245
Fred Warner,2018,OLB,BYU,236,6,3,75,4.64,1.02762555,38.5,1.174467188,21,1.058146239,119,1.023751772,6.9,0.949935465,4.28,0.969069227,6.202995442
Will Dissly,2018,TE,Washington,262,6,4,76,4.87,1.101451885,28,0.96090357,15,0.850274734,111,1.074267164,7.07,1.094979636,4.4,1.120741174,6.202618163
Marquis Haynes,2018,EDGE,Mississippi,235,6,3,75,4.67,1.016697728,32,0.972044162,23,1.154011385,123,1.053679853,7.14,0.978811543,4.45,1.003290971,6.178535641
Kenny Young,2018,ILB,UCLA,236,6,1,73,4.6,1.008919787,36,1.068917669,23,1.128017483,117,0.979704637,7.38,0.988924121,4.48,0.987303427,6.161787124
Trenton Thompson,2018,DT,Georgia,288,6,4,76,5.06,1.16529309,32.5,1.226016551,,0,111,1.180873829,7.68,1.307492014,4.56,1.2767583,6.156433785
Nick Chubb,2018,RB,Georgia,227,5,11,71,4.52,0.96056195,38.5,1.069428682,29,1.330562672,128,1.002694458,7.09,0.888796194,4.25,0.876215443,6.128259398
Jamarco Jones,2018,OT,Ohio State,299,6,4,76,5.5,1.113016747,24,0.939946022,,0,102,1.126573137,8.32,1.470550191,4.99,1.450517903,6.100604
Dalton Schultz,2018,TE,Stanford,244,6,5,77,4.75,1.06553213,32,1.036185288,15,0.802278109,120,1.095812465,7,1.022940413,4.4,1.057477158,6.080225564
Oren Burks,2018,OLB,Vanderbilt,233,6,3,75,4.59,1.025614393,39.5,1.189655378,18,0.895453052,131,1.112661136,6.82,0.926986275,4.15,0.92769037,6.078060604
Nick Deluca,2018,OLB,North Dakota State,251,6,3,75,4.85,1.045617527,29.5,0.957114494,18,0.964629683,112,1.024772462,7.09,1.038132925,4.23,1.018622159,6.048889249
Breeland Speaks,2018,DT,Mississippi,283,6,3,75,4.87,1.174081772,32.5,1.188879811,,0,110,1.134788231,7.63,1.259632861,4.65,1.262520443,6.019903118
Rasheem Green,2018,DE,USC,275,6,5,77,4.73,1.205984945,32.5,1.186079152,,0,118,1.214450632,7.24,1.192432296,4.39,1.189120063,5.988067087
Mike McCray,2018,ILB,Michigan,243,6,4,76,4.76,1.045183442,31.5,1.002622189,16,0.841187829,119,1.068172188,7.09,1.018445623,4.25,1.004029708,5.979640979
Dimitri Flowers,2018,RB,Oklahoma,248,6,2,74,4.83,1.023566062,30.5,0.964695232,17,0.888148228,109,0.972264295,7.45,1.063436147,4.53,1.063455618,5.975565582
Coleman Shelton,2018,C,Washington,292,6,3,75,5.24,1.125880859,26.5,1.000223101,,0,110,1.170876902,7.62,1.297988459,4.59,1.285862608,5.880831931
Azeem Victor,2018,ILB,Washington,240,6,1,73,4.72,0.999934865,32.5,0.981350967,19,0.947634437,115,0.979278864,7.2,0.981156631,4.4,0.986108144,5.875463908
Dylan Cantrell,2018,WR,Texas Tech,226,6,3,75,4.59,0.994801943,38.5,1.124701629,18,0.868551029,130,1.070995124,6.56,0.864858956,4.03,0.873800957,5.797709638
Donnie Ernsberger,2018,RB,Western Michigan,241,6,3,75,4.78,1.018661793,31,0.965710363,15,0.771831851,114,1.001515318,7.09,0.996773047,4.34,1.003473257,5.757965629
Tanner Carew,2018,LS,Oregon,243,6,1,73,5,0.955737744,30,0.917185712,18,0.908980927,111,0.957032203,7.26,1.001699598,4.28,0.971204464,5.711840647
Sam Hubbard,2018,DE,Ohio State,270,6,5,77,,1,35,1.254092082,,0,116,1.172160055,6.84,1.106069294,4.32,1.14888353,5.681204961
Joel Iyiegbuniwe,2018,LB,Western Kentucky,229,6,1,73,4.6,0.9789942,35,1.008401026,19,0.904201192,117,0.950645601,7.06,0.917983317,4.28,0.915250298,5.675475633
Ian Thomas,2018,TE,Indiana,259,6,4,76,4.74,1.118702536,36,1.221301103,,0,123,1.176773573,7.15,1.094689981,4.2,1.057548793,5.669015985
Jaleel Scott,2018,WR,New Mexico State,218,6,5,77,4.56,0.991658147,34.5,0.998098047,16,0.764575422,124,1.011680415,7.2,0.940051096,4.4,0.944795166,5.650858294
Josey Jewell,2018,ILB,Iowa,234,6,1,73,4.82,0.954709595,33,0.971537458,18,0.875314967,117,0.971402056,6.8,0.903481731,4.27,0.933048802,5.609494608
Ryan Nall,2018,RB,Oregon State,232,6,2,74,4.58,1.009796438,33,0.976428701,15,0.733101478,122,1.018014524,6.95,0.928060426,4.16,0.913588875,5.578990444
Dane Cruikshank,2018,S,Arizona,206,6,1,73,4.41,0.918609852,38.5,0.997832631,25,1.070245033,121,0.884402354,6.89,0.805899799,4.24,0.815630963,5.492620632
Courtland Sutton,2018,WR,SMU,218,6,3,75,4.54,0.970155862,35.5,1.000352363,18,0.83780586,124,0.985403002,6.57,0.835516193,4.11,0.859601859,5.488835139
Kalen Ballage,2018,RB,Arizona State,228,6,1,73,4.46,1.00531568,33.5,0.960969063,15,0.710725828,122,0.986942785,6.91,0.894555931,4.35,0.926157251,5.484666538
Jarvion Franklin,2018,RB,West. Michigan,239,5,11,71,4.63,0.987313025,30,0.877373265,18,0.869524626,109,0.898994814,6.93,0.914663248,4.31,0.935559229,5.483428207
Dorian O'daniel,2018,OLB,Clemson,223,6,1,73,4.61,0.951275706,32,0.897810321,21,0.973195629,119,0.941562435,6.64,0.8407513,4.07,0.847539406,5.452134797
Ola Adeniyi,2018,EDGE,Toledo,248,6,2,74,4.83,1.023566062,31.5,0.996324584,26,1.358344349,,0,7.21,1.029177801,4.28,1.004766014,5.41217881
Jaylen Samuels,2018,TE,North Carolina State,225,5,11,71,4.54,0.947904581,34.5,0.949875867,18,0.818590129,121,0.939508419,6.93,0.861084648,4.28,0.87462604,5.391589683
Jester Weah,2018,WR,Pittsburgh,211,6,2,74,4.43,0.94948926,38,1.022597352,15,0.666743155,129,0.978990154,7.24,0.879274516,4.41,0.880826824,5.377921261
Royce Freeman,2018,RB,Oregon,229,5,11,71,4.54,0.964756218,34,0.952751498,17,0.786857129,118,0.932503085,6.9,0.872598911,4.16,0.865216771,5.374683612
Karaun White,2018,WR,West Virginia,206,6,1,73,4.52,0.896254303,33.5,0.868243978,24,1.027435231,118,0.862475023,7.16,0.837480778,4.57,0.879111675,5.371000987
Hayden Hurst,2018,TE,South Carolina,250,6,4,76,4.67,1.096014572,31.5,1.03150431,,0,120,1.108177392,7.19,1.062561892,4.37,1.062118088,5.360376255
Jmon Moore,2018,WR,Missouri,207,6,3,75,4.6,0.909187351,38,1.016768534,21,0.928119795,120,0.90549758,6.56,0.792149574,4.04,0.802325769,5.354048603
Garret Dooley,2018,EDGE,Wisconsin,248,6,3,75,4.8,1.043881774,33,1.057873593,21,1.111950285,121,1.093887736,,0,4.28,1.018343933,5.325937322
Marcell Ateman,2018,WR,Oklahoma State,216,6,4,76,4.62,0.957205038,34,0.961951448,13,0.607524543,121,0.965444144,7.07,0.902731303,4.25,0.892470851,5.287327327
Marcus Baugh,2018,TE,Ohio State,247,6,3,75,4.81,1.037511092,33,1.053607974,,0,117,1.053461133,7.28,1.048965829,4.51,1.068741136,5.262287164
Matthew Thomas,2018,OLB,Florida State,232,6,3,75,4.58,1.023442336,41.5,1.244526754,,0,131,1.107885766,6.85,0.927067945,4.28,0.952644325,5.255567126
D.J. Moore,2018,WR,Maryland,210,6,1,73,4.42,0.934328279,39.5,1.04362901,15,0.654615894,132,0.983536598,6.95,0.828702606,4.07,0.798131279,5.242943665
Kurt Benkert,2018,QB,Virginia,218,6,3,75,4.95,0.889799518,31,0.873547134,16,0.74471632,112,0.890041421,7.15,0.909275614,4.33,0.905614611,5.212994617
Jake Wieneke,2018,WR,South Dakota State,221,6,4,76,4.67,0.968876882,34,0.984218842,9,0.430329885,114,0.930647374,7.24,0.945836734,4.37,0.93891239,5.198822107
Mike McGlinchey,2018,OT,Notre Dame,309,6,8,80,,1,28.5,1.21422793,24,1.688934627,105,1.261572473,,0,,0,5.164735031
John Kelly,2018,RB,Tennessee,216,5,10,70,,1,35,0.912066969,15,0.645648553,120,0.881875904,7.13,0.838519306,4.51,0.872300458,5.150411188
Josh Allen,2018,QB,Wyoming,237,6,5,77,4.75,1.034963585,33.5,1.053636411,,0,119,1.055505429,6.9,0.979399565,4.4,1.027139699,5.150644689
Godwin Igwebuike,2018,S,Northwestern,205,6,1,73,4.44,0.907973888,35.5,0.915613034,19,0.809437748,128,0.931024543,6.56,0.763576063,4.12,0.788699752,5.116325029
Kerryon Johnson,2018,RB,Auburn,213,5,11,71,,1,40,1.042569068,11,0.473569549,126,0.926153423,7.07,0.831628015,4.29,0.829913849,5.103833903
Davontae Harris,2018,CB,Illinois State,200,6,1,73,4.43,0.887827796,32.5,0.817792473,22,0.914384106,123,0.872835509,6.96,0.790376175,4.4,0.821756787,5.104972845
Arden Key,2018,EDGE,LSU,238,6,6,78,,1,31,0.991836635,,0,117,1.055678946,7.16,1.033847131,4.25,1.009248836,5.090611548
Quenton Meeks,2018,DB,Stanford,205,6,2,74,,1,39,1.019663985,11,0.475041332,128,0.943778304,6.72,0.792914936,4.23,0.820849835,5.052248392
Micah Kiser,2018,ILB,Virginia,238,6,2,74,4.66,1.018127969,35.5,1.077566105,,0,121,1.035782302,7.05,0.965760723,4.24,0.955239562,5.052476659
Troy Apke,2018,S,Penn State,198,6,2,74,4.34,0.909466672,41,1.035351123,16,0.667375139,131,0.932916221,6.56,0.747605511,4.03,0.755335199,5.048049865
Siran Neal,2018,S,Jacksonville State,199,6,1,73,4.56,0.858204331,40.5,1.013999759,17,0.703036688,122,0.861410589,7,0.790943974,4.28,0.795348512,5.022943853
Jojo Wicker,2018,DE,Arizona State,296,6,3,75,5.16,1.158998518,30,1.147839382,25,1.579960083,105,1.132965571,,0,,0,5.019763554
Justin Reid,2018,S,Stanford,204,6,1,73,4.4,0.91175879,36.5,0.936812731,16,0.678306755,128,0.92648296,6.65,0.770276091,4.15,0.790567381,5.014204708
Trequan Smith,2018,WR,Central Florida,203,6,2,74,4.49,0.901282679,37.5,0.970880811,12,0.513171035,130,0.949173378,6.97,0.814389716,4.5,0.864725047,5.013622665
Simmie Cobbs,2018,WR,Indiana,220,6,3,75,4.64,0.957956021,30,0.853123865,11,0.516689649,113,0.906226644,6.7,0.859865436,4.32,0.911812325,5.00567394
Darius Jackson,2018,EDGE,Jacksonville State,242,6,3,75,4.87,1.00398512,26.5,0.828952022,21,1.085048262,113,0.996849308,7.52,1.061612968,,0,4.97644768
James Washington,2018,WR,Oklahoma State,213,5,11,71,4.54,0.89734967,34.5,0.899215821,14,0.60272488,120,0.882050879,7.11,0.836333124,4.32,0.835717442,4.953391816
Armani Watts,2018,S,Texas A&M,205,5,11,71,,1,35,0.877985101,13,0.538652517,120,0.848922207,7.25,0.820770921,4.37,0.813638357,4.899969103
Byron Pringle,2018,WR,Kansas State,203,6,1,73,4.46,0.895083698,33.5,0.855599648,15,0.632795364,120,0.864320041,6.87,0.79185813,4.4,0.834083139,4.873740019
Christian Kirk,2018,WR,Texas A&M,201,5,10,70,4.47,0.847942069,35.5,0.860853685,20,0.801082464,115,0.786441416,7.09,0.775911301,4.45,0.800925048,4.873155982
Chase Litton,2018,QB,Marshall,230,6,5,77,4.9,0.973648253,29.5,0.900424844,,0,106,0.912428549,7.49,1.031744408,4.53,1.026253214,4.844499269
Keishawn Bierria,2018,ILB,Washington,230,6,2,74,4.79,0.957202117,30.5,0.89467703,21,1.017494293,117,0.967876302,7.26,0.961098549,,0,4.79834829
Rashaan Evans,2018,LB,Alabama,232,6,3,75,,1,30,0.899657894,,0,116,0.981028618,6.95,0.940601783,4.36,0.970450761,4.791739056
Trey Walker,2018,S,Louisiana-Lafayette,200,6,2,74,4.51,0.884025477,33,0.84174888,14,0.589851764,119,0.856018431,7,0.805807862,4.28,0.810295173,4.787747588
Michael Gallup,2018,WR,Colorado State,205,6,1,73,4.51,0.893881167,36,0.928508992,10,0.426019867,122,0.887382768,6.95,0.808971591,4.37,0.836557747,4.781322132
M.J. Stewart,2018,CB,North Carolina,200,5,11,71,4.54,0.842581849,35,0.85657083,18,0.727635671,118,0.814413175,6.9,0.762095119,4.28,0.777445368,4.780742012
Andre Chachere,2018,CB,San Jose State,200,6,1,73,4.49,0.875963727,38,0.956188122,13,0.540317881,123,0.872835509,6.78,0.769935412,4.07,0.760125028,4.775365678
Josh Jackson,2018,CB,Iowa,192,6,1,73,4.56,0.828016239,38,0.917940597,18,0.718207152,123,0.837922089,6.86,0.747859387,4.03,0.722548331,4.772493795
Bo Scarbrough,2018,RB,Alabama,228,6,1,73,4.52,0.991970782,40,1.147425747,14,0.663344106,129,1.04357065,,0,4.34,0.924028154,4.770339438
Holton Hill,2018,CB,Texas,200,6,3,75,4.49,0.899962733,31,0.801419389,14,0.597822734,120,0.874876888,6.83,0.796863084,4.15,0.796300747,4.767245575
Ogbonnia Okoronkwo,2018,EDGE,Oklahoma,253,6,1,73,4.77,1.043048758,38,1.209577974,27,1.419581324,121,1.086183473,,0,,0,4.758391529
Justin Jackson,2018,RB,Northwestern,199,6,1,73,4.52,0.865799059,38.5,0.963925697,13,0.537616291,122,0.861410589,6.81,0.769475494,4.07,0.756324403,4.754551534
Chase Edmonds,2018,RB,Fordham,205,5,9,69,4.55,0.837473673,34,0.828874466,19,0.765084995,122,0.838759054,6.79,0.747041057,4.07,0.7364362,4.753669444
Trey Quinn,2018,WR,SMU,203,5,11,71,4.55,0.853340972,33.5,0.832158562,17,0.697519639,116,0.812618705,6.91,0.774647599,4.19,0.772513676,4.742799152
Deon Cain,2018,WR,Clemson,202,6,2,74,4.43,0.908989718,33.5,0.863047678,11,0.468089507,115,0.835517149,6.71,0.780148637,4.37,0.835607431,4.691400121
Josh Rosen,2018,QB,UCLA,226,6,4,76,4.92,0.940451788,31,0.917678628,,0,111,0.926657935,7.09,0.947196341,4.28,0.940380398,4.67236509
Mike Hughes,2018,CB,Central Florida,191,5,11,71,4.53,0.80644197,35.5,0.829711216,20,0.772102295,127,0.837085609,6.7,0.706705162,4.13,0.716439521,4.668485774
Tony Brown,2018,CB,Alabama,198,6,1,73,4.35,0.895114106,31.5,0.784703331,14,0.576061987,126,0.885182938,6.78,0.762236058,4.11,0.759919589,4.663218009
Josh Sweat,2018,EDGE,Florida State,251,6,4,76,4.53,1.134406535,39.5,1.298647553,,0,124,1.149697105,,0,4.28,1.044404778,4.627155971
Darrel Williams,2018,RB,LSU,225,6,1,73,4.72,0.937438936,32,0.905862431,22,1.028682119,109,0.870174425,,0,4.21,0.884555814,4.626713725
Cedrick Wilson,2018,WR,Boise State,197,6,2,74,4.55,0.863110018,37,0.929622362,9,0.373502564,121,0.857349216,6.89,0.78124799,4.23,0.788816671,4.59364882
Malik Jefferson,2018,OLB,Texas,236,6,3,75,4.52,1.054907645,36,1.098203085,27,1.360473736,125,1.075369509,,0,,0,4.588953974
Tanner Lee,2018,QB,Nebraska,218,6,4,76,4.98,0.896231803,32,0.913749088,,0,115,0.926066907,7,0.902069234,4.41,0.934644474,4.572761506
Saquon Barkley,2018,RB,Penn State,233,6,1,73,4.4,1.041371559,41,1.201903307,29,1.404203046,,0,,0,4.24,0.922534051,4.570011963
Kameron Kelly,2018,S,San Diego State,200,6,2,74,4.66,0.855569722,33,0.84174888,9,0.37919042,120,0.863211863,6.94,0.798900937,4.28,0.810295173,4.548916996
Dee Delaney,2018,CB,Miami (FL),194,6,1,73,4.46,0.855400184,32.5,0.793258699,13,0.524108344,120,0.826000433,6.95,0.76556336,4.25,0.76993008,4.5342611
Danny Etling,2018,QB,LSU,222,6,2,74,4.76,0.92973108,30.5,0.863557829,,0,114,0.91025691,7.09,0.905946756,4.37,0.91834084,4.527833415
J.T. Barrett,2018,QB,Ohio State,224,6,1,73,4.7,0.937243913,30,0.845471603,,0,108,0.858359213,7.38,0.938639843,4.44,0.928734579,4.508449151
Kyle Lauletta,2018,QB,Richmond,222,6,3,75,4.81,0.932499847,31,0.889575521,,0,113,0.914465068,6.95,0.900058603,4.07,0.866854912,4.503453951
Jk Scott,2018,P,Alabama,208,6,6,78,4.83,0.904878803,30.5,0.85283432,,0,114,0.8989535,7.28,0.918673231,4.41,0.915238529,4.490578384
Mike White,2018,QB,Western Kentucky,224,6,5,77,5.09,0.912852416,27,0.802618932,,0,96,0.804793417,7.4,0.992755286,4.4,0.970798703,4.483818754
Vita Vea,2018,DT,Washington,347,6,4,76,5.1,1.393004434,,0,41,3.07808108,,0,,0,,0,4.471085515
K.J. Malone,2018,OG,LSU,303,6,4,76,5.34,1.161701558,29.5,1.170806511,15,0.983332994,103,1.152836941,,0,,0,4.468678004
Jordan Wilkins,2018,RB,Mississippi,216,6,1,73,,1,36,0.978331426,16,0.718207152,117,0.896678821,,0,4.27,0.861275818,4.454493216
Jaire Alexander,2018,CB,Louisville,192,5,11,71,4.38,0.838426651,35,0.822307997,14,0.543301301,127,0.841468256,6.71,0.711465495,3.98,0.694033473,4.451003174
Calvin Ridley,2018,WR,Alabama,189,6,1,73,4.43,0.838997267,31,0.737145554,15,0.589154304,110,0.737652449,6.88,0.738320365,4.41,0.778325073,4.419595011
Nic Shimonek,2018,QB,Texas Tech,220,6,3,75,4.88,0.91084343,28.5,0.810467672,,0,101,0.809990186,7.28,0.934301548,4.32,0.911812325,4.377415161
Taron Johnson,2018,CB,Weber State,180,6,1,73,4.5,0.786615427,33,0.747336506,17,0.635912583,118,0.753618952,7.03,0.718492824,4.28,0.719410714,4.361387006
Sam Darnold,2018,QB,USC,221,6,3,75,4.85,0.92064332,26.5,0.757018169,,0,105,0.845896592,6.96,0.8972935,4.4,0.932919092,4.353770673
Marcus Allen,2018,S,Penn State,202,6,2,74,,1,37,0.953216838,15,0.638303873,127,0.922701548,,0,4.32,0.826046705,4.340268964
Anthony Averett,2018,CB,Alabama,185,6,1,73,4.36,0.834425768,31.5,0.733182405,13,0.49979404,119,0.781116818,6.93,0.727946677,4.4,0.760125028,4.336590737
Daesean Hamilton,2018,WR,Penn State,203,6,1,73,,1,34.5,0.881139936,,0,118,0.849914707,6.84,0.788400234,4.15,0.786692051,4.306146928
Uchenna Nwosu,2018,EDGE,USC,251,6,3,75,4.65,1.090590323,32,1.038225892,20,1.071810759,119,1.088820741,,0,,0,4.289447715
Riley Ferguson,2018,QB,Memphis,212,6,3,75,4.98,0.860096914,29,0.794697807,,0,110,0.85008871,6.96,0.860752136,4.4,0.894926912,4.260562478
Rashaan Gaulden,2018,CB,Tennessee,193,6,1,73,4.61,0.823301396,30,0.728464372,8,0.320865695,119,0.814894843,7.16,0.784630049,4.33,0.780379465,4.25253582
Steven Mitchell,2018,WR,USC,189,5,10,70,4.56,0.781582109,32.5,0.741054412,13,0.489616819,121,0.778071761,6.75,0.694600932,4.4,0.744646732,4.229572766
Baker Mayfield,2018,QB,Oklahoma,215,6,1,73,4.84,0.873565686,29,0.784451703,,0,111,0.846756887,7,0.854537459,4.28,0.859296131,4.218607866
Austin Allen,2018,QB,Arkansas,210,6,1,73,4.81,0.858571932,29.5,0.779419134,,0,112,0.834515901,7.18,0.856127296,4.48,0.87853271,4.207166973
Grant Haley,2018,CB,Penn State,190,5,9,69,4.44,0.79542517,34,0.768225115,15,0.559818289,119,0.758270381,6.51,0.663827784,3.94,0.660749253,4.206315991
Logan Woodside,2018,QB,Toledo,213,6,1,73,4.79,0.874473309,31.5,0.844150553,,0,103,0.778420253,6.94,0.839331803,4.15,0.825445354,4.161821272
Quadree Henderson,2018,WR,Pittsburgh,192,5,8,68,4.5,0.781586835,32.5,0.731308118,12,0.446009921,120,0.761492844,6.89,0.699682655,4.28,0.714811742,4.134892115
Jerome Baker,2018,OLB,Ohio State,229,6,1,73,4.53,0.994122145,36.5,1.051618213,22,1.046969801,126,1.023772186,,0,,0,4.116482345
Jessie Bates,2018,S,Wake Forest,195,6,2,74,4.5,0.863840229,35.5,0.882879792,,0,117,0.820590778,6.78,0.76097041,4.26,0.786346028,4.114627237
Derwin James,2018,S,Florida State,215,6,3,75,4.47,0.971788618,40,1.111646249,21,0.963989159,132,1.034541921,,0,,0,4.081965946
Keke Coutee,2018,WR,Texas Tech,181,5,10,70,4.43,0.770464258,34.5,0.753360077,14,0.504960936,113,0.695872217,6.93,0.682938497,4.15,0.672608697,4.080204683
Allen Lazard,2018,WR,Iowa State,227,6,5,77,4.55,1.034867609,38,1.144740561,17,0.845899241,122,1.036455957,,0,,0,4.061963367
Dmontre Wade,2018,CB,Murray State,200,6,1,73,4.57,0.86062957,35.5,0.893281009,15,0.623443708,120,0.851546838,,0,4.4,0.821756787,4.050657912
Chandon Sullivan,2018,CB,Georgia State,195,5,11,71,4.6,0.81080186,40.5,0.966395448,15,0.591203982,134,0.901721028,,0,4.36,0.772177631,4.042299949
Quinton Flowers,2018,QB,South Florida,214,5,10,70,4.63,0.871586371,26.35,0.680298205,,0,112,0.815463027,6.81,0.79347029,4.57,0.875721033,4.036538926
Robert Foster,2018,WR,Alabama,196,6,2,74,4.41,0.885989979,31,0.774919121,,0,116,0.817749372,6.9,0.778410395,4.2,0.779246479,4.036315345
Avonte Maddox,2018,CB,Pittsburgh,180,5,9,69,4.39,0.762143383,37,0.792009174,13,0.459640279,125,0.754581316,6.51,0.628889479,4,0.63550556,4.032769192
Matt Dickerson,2018,DE,UCLA,292,6,4,76,5.06,1.181477716,31,1.185673271,26,1.642566357,,0,,0,,0,4.009717345
Jordan Thomas,2018,CB,Oklahoma,186,6,1,73,4.64,0.788310719,38,0.889254954,4,0.15461404,124,0.818336511,6.28,0.663234628,3.94,0.68433664,3.998087492
Henre Toliver,2018,CB,Arkansas,185,6,1,73,4.63,0.78576595,32.5,0.756458037,6,0.230674172,117,0.767988805,7.01,0.736350102,4.15,0.716936106,3.994173172
Kamryn Pettway,2018,RB,Auburn,233,6,1,73,4.74,0.966674021,33.5,0.982042946,22,1.065257483,116,0.958983664,,0,,0,3.972958114
Jalyn Holmes,2018,DE,Ohio State,283,6,5,77,4.82,1.217894672,32,1.201805068,25,1.550851809,,0,,0,,0,3.970551549
Nyheim Hines,2018,RB,North Carolina State,198,5,8,68,4.38,0.828093928,35.5,0.823776404,,0,119,0.778745416,7.18,0.751917672,4.35,0.749205794,3.931739215
Trevor Daniel,2018,P,Tennessee,230,6,1,73,4.98,0.908240704,32.5,0.940461344,23,1.099339072,119,0.971118207,,0,,0,3.919159327
Eddy Wilson,2018,DT,Purdue,301,6,4,76,5.37,1.147586446,,0,26,1.693193402,96,1.067396464,,0,,0,3.908176312
Richie James,2018,WR,Middle Tennessee State,183,5,10,70,4.48,0.770283728,35.5,0.78376231,6,0.218803121,122,0.759597277,6.87,0.684506556,4.16,0.68167949,3.898632482
Sean Chandler,2018,S,Temple,190,6,1,73,4.65,0.803531888,34.5,0.824712255,16,0.631756291,119,0.802228084,,0,4.62,0.819702395,3.881930913
Michael Joseph,2018,CB,Dubuque,181,6,1,73,,1,34,0.77426075,17,0.63944543,,0,6.89,0.708096425,4.2,0.709885806,3.831688412
Kyzir White,2018,S,West Virginia,216,6,2,74,,1,35.5,0.977959154,21,0.955559858,113,0.877886465,,0,,0,3.811405477
Jordan Lasley,2018,WR,UCLA,203,6,1,73,4.5,0.887127398,34.5,0.881139936,8,0.337490861,112,0.806698705,,0,4.19,0.794274625,3.706731525
Javon Wims,2018,WR,Georgia,215,6,3,75,4.53,0.958917246,33.5,0.931003733,,0,113,0.885630584,7,0.877949444,,0,3.653501007
Rod Taylor,2018,OT,Mississippi,320,6,3,75,5.24,1.233842037,30.5,1.261589231,,0,99,1.154837493,,0,,0,3.650268761
Lavon Coleman,2018,RB,Washington,215,5,11,71,4.65,0.884348541,33,0.86819572,23,0.999488442,120,0.890333047,,0,,0,3.64236575
Natrell Jamerson,2018,S,Wisconsin,198,6,1,73,4.4,0.884942355,35.5,0.884348199,25,1.028682119,120,0.84303137,,0,,0,3.641004043
Greg Stroman,2018,CB,Virginia Tech,180,6,1,73,4.48,0.790127103,33.5,0.758659786,16,0.59850596,113,0.721685945,,0,4.45,0.747985439,3.616964233
Lorenzo Carter,2018,EDGE,Georgia,250,6,6,78,4.5,1.167351661,36,1.209884754,,0,130,1.232118285,,0,,0,3.6093547
D.J. Chark,2018,WR,LSU,199,6,3,75,4.34,0.926412099,40,1.028919086,16,0.679809852,129,0.935790192,,0,,0,3.570931229
Chad Thomas,2018,DE,Miami (FL),281,6,6,78,4.92,1.200094451,29,1.095483429,,0,116,1.235757772,,0,,0,3.531335653
Joshua Kalu,2018,S,Nebraska,195,6,1,73,4.58,0.837281704,41.5,1.018151629,17,0.688905298,134,0.92712162,,0,,0,3.471460251
Tre Flowers,2018,S,Oklahoma State,200,6,3,75,4.45,0.908052286,34.5,0.891902223,18,0.76862923,122,0.88945817,,0,,0,3.458041908
Jacob Pugh,2018,OLB,Florida State,246,6,4,76,4.65,1.083116955,38.5,1.24055585,,0,122,1.108620663,,0,,0,3.432293468
Marquez Valdes-Scantling,2018,WR,South Florida,206,6,4,76,4.37,0.965114818,30.5,0.822976708,15,0.668536623,124,0.94357611,,0,,0,3.40020426
Tyquan Lewis,2018,EDGE,Ohio State,265,6,3,75,,1,35.5,1.216024661,,0,122,1.178532075,,0,,0,3.394556736
Davon Grayson,2018,WR,East Carolina,199,6,1,73,4.51,0.867718791,34.5,0.863777573,19,0.785746887,124,0.875532074,,0,,0,3.392775325
Deshon Elliott,2018,S,Texas,205,6,2,74,4.58,0.892277025,36,0.941228294,15,0.647783634,121,0.892165428,,0,,0,3.373454381
Isaac Yiadom,2018,CB,Boston Col.,190,6,1,73,4.52,0.826642318,26.35,0.629888925,8,0.315878146,120,0.808969496,,0,4.18,0.7416355,3.323014385
Korey Robertson,2018,WR,Southern Miss,212,6,1,73,4.56,0.91426793,34,0.906868945,13,0.572736953,123,0.92520564,,0,,0,3.319079469
Carlton Davis,2018,CB,Auburn,203,6,1,73,4.53,0.881252382,34,0.868369792,16,0.674981722,124,0.893130709,,0,,0,3.317734604
Tremaine Edmunds,2018,LB,Virginia Tech,253,6,5,77,4.54,1.155939226,,0,19,1.053702424,117,1.107825983,,0,,0,3.317467633
Rashaad Penny,2018,RB,San Diego State,220,5,11,71,4.46,0.943464968,32.5,0.87492592,13,0.578066116,120,0.911038467,,0,,0,3.30749547
Anthony Winbush,2018,EDGE,Ball State,249,6,1,73,,1,,0,25,1.293645695,110,0.971827829,,0,,0,3.265473524
Kendrick Norton,2018,DT,Miami (FL),314,6,3,75,5.25,1.20840139,,0,30,2.011246484,,0,,0,,0,3.219647874
Terrell Edmunds,2018,S,Virginia Tech,220,6,2,74,4.47,0.981129842,41.5,1.164419285,,0,134,1.060311905,,0,,0,3.205861032
Kevin Toliver,2018,CB,LSU,204,6,3,75,,1,33,0.870186343,10,0.435556563,120,0.892374426,,0,,0,3.198117332
Bilal Nichols,2018,DT,Delaware,306,6,4,76,4.95,1.265637773,,0,29,1.919933331,,0,,0,,0,3.185571104
Chris Lacy,2018,WR,Oklahoma State,205,6,3,75,4.51,0.918371062,33.5,0.887701234,11,0.481460809,120,0.896748811,,0,,0,3.184281916
Minkah Fitzpatrick,2018,DB,Alabama,201,6,1,73,4.46,0.886265139,33,0.834525765,14,0.584790198,121,0.862936277,,0,,0,3.16851738
Roc Thomas,2018,RB,Jacksonville State,198,5,10,70,4.56,0.818800305,35.5,0.848005122,16,0.631300807,125,0.842069005,,0,,0,3.140175239
Mark Walton,2018,RB,Miami (FL),202,5,10,70,4.6,0.828077884,31.5,0.767656365,18,0.724561154,118,0.810971992,,0,,0,3.131267395
Kyle Hicks,2018,RB,TCU,204,5,10,70,4.63,0.830858035,36.5,0.898313578,13,0.528475297,122,0.846764178,,0,,0,3.104411088
Denzel Ward,2018,CB,Ohio State,183,5,10,70,4.32,0.798812755,39,0.86103465,16,0.583474988,136,0.846764178,,0,,0,3.090086572
J.C. Jackson,2018,CB,Maryland,193,5,11,71,4.46,0.827676085,35.5,0.838399292,14,0.546130995,120,0.7992292,,0,,0,3.011435573
Demario Richard,2018,RB,Arizona State,218,5,9,69,4.7,0.862158937,29.5,0.764776426,12,0.513854261,115,0.840771271,,0,,0,2.981560895
Skai Moore,2018,OLB,South Carolina,226,6,2,74,4.73,0.952486055,36,1.037646802,,0,117,0.95104367,,0,,0,2.941176527
Justin Crawford,2018,RB,West Virginia,199,5,11,71,4.64,0.820300644,33.5,0.815761349,11,0.442442912,122,0.837810299,,0,,0,2.916315204
Shaquem Griffin,2018,OLB,Central Florida,227,6,1,73,4.38,1.019187796,,0,20,0.943478145,117,0.94234302,,0,,0,2.905008961
Auden Tate,2018,WR,Florida State,228,6,5,77,4.68,1.010553538,31,0.937981252,,0,112,0.955692183,,0,,0,2.904226974
Danny Johnson,2018,CB,Southern,185,5,10,70,4.44,0.785717464,35,0.781168469,15,0.552986029,123,0.77419314,,0,,0,2.894065102
Ronnie Harrison,2018,S,Alabama,214,6,3,75,,1,34,0.940504431,,0,120,0.936118271,,0,,0,2.876622702
Timon Parris,2018,OT,Stony Brook,312,6,6,78,,1,,0,27,1.870536093,,0,,0,,0,2.870536093
Lowell Lotulelei,2018,DT,Utah,315,6,2,74,,1,,0,28,1.858033057,,0,,0,,0,2.858033057
Kentavius Street,2018,DE,North Carolina State,280,6,2,74,4.87,1.1461472,,0,28,1.65158494,,0,,0,,0,2.79773214
Frank Ragnow,2018,C,Arkansas,312,6,5,77,,1,,0,26,1.77816394,,0,,0,,0,2.77816394
Darren Carrington II,2018,WR,Utah,199,6,2,74,,1,36,0.913680148,,0,120,0.858895804,,0,,0,2.772575952
Ray-ray McCloud,2018,WR,Clemson,190,5,9,69,4.53,0.779622021,34.5,0.779522543,13,0.48517585,113,0.72003826,,0,,0,2.764358675
Quin Blanding,2018,S,Virginia,215,6,2,74,4.63,0.925696873,31.5,0.863749135,,0,122,0.943418632,,0,,0,2.73286464
Tarvarus McFadden,2018,CB,Florida State,198,6,2,74,4.67,0.84520029,38.5,0.972219957,,0,121,0.861701243,,0,,0,2.679121489
Sony Michel,2018,RB,Georgia,214,5,11,71,4.54,0.901562579,,0,22,0.95158576,,0,,0,4.21,0.81826125,2.67140959
Chris Worley,2018,ILB,Ohio State,238,6,2,74,4.86,0.976229699,29.5,0.895442256,15,0.752060999,,0,,0,,0,2.623732954
Martinas Rankin,2018,OL,Mississippi State,308,6,4,76,,1,,0,24,1.599295378,,0,,0,,0,2.599295378
Luke Falk,2018,QB,Washington State,215,6,4,76,,1,26.5,0.746285182,,0,103,0.818019612,,0,,0,2.564304793
Antonio Callaway,2018,WR,Florida,200,5,11,71,4.41,0.867419863,34,0.832097378,,0,121,0.835118594,,0,,0,2.534635836
Nick Nelson,2018,CB,Wisconsin,208,5,11,71,4.52,0.880162491,,0,17,0.714699925,123,0.882879096,,0,,0,2.477741512
Joshua Frazier,2018,DT,Alabama,321,6,4,76,,1,,0,21,1.458448342,,0,,0,,0,2.458448342
Derrius Guice,2018,RB,LSU,224,5,10,70,4.49,0.940761044,31.5,0.851262504,15,0.669561462,,0,,0,,0,2.46158501
Geron Christian,2018,OT,Louisville,298,6,5,77,5.33,1.159736667,,0,19,1.241119851,,0,,0,,0,2.400856517
Stephen Roberts,2018,S,Auburn,189,5,11,71,4.53,0.797997552,34,0.786332022,,0,121,0.789187072,,0,,0,2.373516645
Rick Leonard,2018,OT,Florida State,311,6,7,79,,1,,0,19,1.328905849,,0,,0,,0,2.328905849
Dallas Goedert,2018,TE,South Dakota State,256,6,5,77,,1,,0,23,1.290659428,,0,,0,,0,2.290659428
Javon Rolland-Jones,2018,EDGE,Arkansas State,253,6,2,74,4.88,1.033503679,,0,23,1.225838363,,0,,0,,0,2.259342042
Tegray Scales,2018,ILB,Indiana,230,6,1,73,4.77,0.948226144,,0,27,1.290528476,,0,,0,,0,2.23875462
Chris Covington,2018,OLB,Indiana,245,6,2,74,4.78,1.021761455,,0,23,1.187076676,,0,,0,,0,2.208838131
Chris Herndon,2018,TE,Miami (FL),253,6,4,76,,1,,0,21,1.149493553,,0,,0,,0,2.149493553
James Hearns,2018,EDGE,Louisville,239,6,3,75,4.89,0.987483649,,0,22,1.122625691,,0,,0,,0,2.11010934
Jeff Holland,2018,EDGE,Auburn,249,6,2,74,4.79,1.036275335,,0,,0,116,1.038875477,,0,,0,2.075150812
Akrum Wadley,2018,RB,Iowa,194,5,10,70,4.54,0.805793064,32,0.74895658,12,0.463910442,,0,,0,,0,2.018660086
D.J. Reed,2018,CB,Kansas State,188,5,9,69,4.51,0.774836385,36.5,0.816031074,11,0.406212007,,0,,0,,0,1.997079466
Shaun dion Hamilton,2018,ILB,Alabama,228,6,1,73,,1,,0,20,0.947634437,,0,,0,,0,1.947634437
Jason Cabinda,2018,ILB,Penn State,239,6,1,73,,1,,0,19,0.94368596,,0,,0,,0,1.94368596
Andre Smith,2018,ILB,North Carolina,237,6,1,73,4.63,1.006629893,,0,19,0.935789006,,0,,0,,0,1.942418899
Equanimeous St. brown,2018,WR,Notre Dame,214,6,5,77,4.48,0.990845845,,0,20,0.938183144,,0,,0,,0,1.929028989
Jack Cichy,2018,ILB,Wisconsin,238,6,2,74,,1,,0,18,0.902473199,,0,,0,,0,1.902473199
Anthony Miller,2018,WR,Memphis,201,5,11,71,,1,,0,22,0.893779149,,0,,0,,0,1.893779149
Davin Bellamy,2018,EDGE,Georgia,255,6,5,77,,1,,0,15,0.838446385,,0,,0,,0,1.838446385
Jordan Whitehead,2018,S,Pittsburgh,195,5,11,71,,1,,0,21,0.827685575,,0,,0,,0,1.827685575
Darius Leonard,2018,OLB,South Carolina State,234,6,2,74,4.7,0.992497284,,0,17,0.838010828,,0,,0,,0,1.830508112
Josh Adams,2018,RB,Notre Dame,213,6,2,74,,1,,0,18,0.807675594,,0,,0,,0,1.807675594
Mason Rudolph,2018,QB,Oklahoma State,235,6,5,77,4.9,0.99481452,26,0.810846838,,0,,0,,0,,0,1.805661358
Donte Jackson,2018,CB,LSU,175,5,11,71,4.32,0.774804722,,0,7,0.247598249,124,0.748846012,,0,,0,1.771248983
Troy Fumagalli,2018,TE,Wisconsin,247,6,5,77,,1,,0,14,0.757999372,,0,,0,,0,1.757999372
Ronald Jones,2018,RB,USC,205,5,11,71,4.65,0.843216051,36.5,0.915613034,,0,,0,,0,,0,1.758829085
Marcell Harris,2018,S,Florida,208,6,1,73,,1,,0,16,0.691606887,,0,,0,,0,1.691606887
Jeff Wilson,2018,RB,North Texas,210,5,11,71,,1,,0,15,0.636681212,,0,,0,,0,1.636681212
Chris Campbell,2018,CB,Penn State,194,6,1,73,,1,,0,14,0.564424371,,0,,0,,0,1.564424371
Dominick Sanders,2018,S,Georgia,193,6,1,73,,1,,0,14,0.561514967,,0,,0,,0,1.561514967
Levi Wallace,2018,CB,Alabama,183,6,1,73,4.63,0.777271183,33,0.759792114,,0,,0,,0,,0,1.537063298
Brandon Facyson,2018,CB,Virginia Tech,197,6,2,74,4.53,0.866920658,,0,16,0.664004558,,0,,0,,0,1.530925215
Duke Dawson,2018,CB,Florida,208,5,10,70,4.46,0.879439816,,0,15,0.621735643,,0,,0,,0,1.50117546
Max Redfield,2018,S,Indiana (PA),205,6,1,73,4.69,0.859574427,,0,15,0.639029801,,0,,0,,0,1.498604228
Damon Webb,2018,S,Ohio State,195,5,11,71,4.62,0.807291895,,0,17,0.67003118,,0,,0,,0,1.477323075
Van Smith,2018,S,Clemson,185,5,11,71,4.61,0.767553683,29.5,0.66781933,,0,,0,,0,,0,1.435373012
Tavares Martin,2018,WR,Washington State,177,6,1,73,4.8,0.725161097,31.5,0.70147722,,0,,0,,0,,0,1.426638317
Chris Jones,2018,CB,Nebraska,195,6,1,73,4.57,0.839113831,,0,14,0.567333775,,0,,0,,0,1.406447605
Braxton Berrios,2018,WR,Miami (FL),184,5,9,69,,1,,0,11,0.397569199,,0,,0,,0,1.397569199
Mike Badgley,2018,K,Miami (FL),183,5,10,70,4.94,0.698556903,,0,,0,111,0.691108998,,0,,0,1.389665901
Parry Nickerson,2018,CB,Tulane,180,6,1,73,4.32,0.81939107,,0,15,0.561099338,,0,,0,,0,1.380490407
Desmond Harrison,2018,OT,West Georgia,292,6,6,78,4.9,1.252163333,,0,,0,,0,,0,,0,1.252163333
Kemoko Turay,2018,EDGE,Rutgers,253,6,5,77,4.65,1.128594427,,0,,0,,0,,0,,0,1.128594427
Roquan Smith,2018,OLB,Georgia,236,6,1,73,4.51,1.029053441,,0,,0,,0,,0,,0,1.029053441
Dante Pettis,2018,WR,Washington,186,6,1,73,,1,,0,,0,,0,,0,,0,1
Jordan Akins,2018,TE,Central Florida,249,6,3,75,,1,,0,,0,,0,,0,,0,1
Nick Bawden,2018,FB,San Diego State,245,6,2,74,,1,,0,,0,,0,,0,,0,1
David Bright,2018,OT,Stanford,307,6,5,77,,1,,0,,0,,0,,0,,0,1
Drew Brown,2018,K,Nebraska,208,5,10,70,,1,,0,,0,,0,,0,,0,1
Deontay Burnett,2018,WR,USC,186,6,1,73,,1,,0,,0,,0,,0,,0,1
Daniel Carlson,2018,K,Auburn,213,6,5,77,,1,,0,,0,,0,,0,,0,1
Joseph Davidson,2018,P,Bowling Green,232,6,7,79,,1,,0,,0,,0,,0,,0,1
Michael Dickson,2018,P,Texas,208,6,2,74,,1,,0,,0,,0,,0,,0,1
Duke Ejiofor,2018,DE,Wake Forest,264,6,4,76,,1,,0,,0,,0,,0,,0,1
Rashard Fant,2018,CB,Indiana,175,5,10,70,,1,,0,,0,,0,,0,,0,1
Maurice Hurst,2018,DT,Michigan,292,6,2,74,,1,,0,,0,,0,,0,,0,1
Lamar Jackson,2018,QB,Louisville,216,6,2,74,,1,,0,,0,,0,,0,,0,1
R.J. McIntosh,2018,DT,Miami (FL),286,6,4,76,,1,,0,,0,,0,,0,,0,1
Kamrin Moore,2018,CB,Boston Col.,200,5,11,71,,1,,0,,0,,0,,0,,0,1
Cam Phillips,2018,WR,Virginia Tech,201,6,1,73,,1,,0,,0,,0,,0,,0,1
Eddy Pineiro,2018,K,Florida,185,6,1,73,,1,,0,,0,,0,,0,,0,1
Billy Price,2018,C,Ohio State,305,6,4,76,,1,,0,,0,,0,,0,,0,1
Brett Toth,2018,OT,Army,291,6,6,78,,1,,0,,0,,0,,0,,0,1
Johnny Townsend,2018,P,Florida,210,6,1,73,,1,,0,,0,,0,,0,,0,1
Shane Tripucka,2018,P,Texas A&M,211,6,3,75,,1,,0,,0,,0,,0,,0,1
Ryan Winslow,2018,P,Pittsburgh,217,6,5,77,,1,,0,,0,,0,,0,,0,1
Isaiah Wynn,2018,OG,Georgia,313,6,3,75,,1,,0,,0,,0,,0,,0,1
Isaiah Oliver,2018,CB,Colorado,190,6,1,73,4.5,0.830316284,,0,,0,,0,,0,,0,0.830316284
Darius Phillips,2018,CB,West. Michigan,190,5,10,70,4.54,0.789178774,,0,,0,,0,,0,,0,0.789178774
Jamarcus King,2018,CB,South Carolina,186,6,1,73,4.7,0.778247178,,0,,0,,0,,0,,0,0.778247178
Zach Banner,2017,OG,USC,353,6,8,80,5.58,1.363358598,23.5,1.143771964,22,1.768644325,92,1.262777859,8.31,1.82531348,5.21,1.882089115,9.245955341
Isaac Asiata,2017,OG,Utah,323,6,3,75,5.34,1.222087035,25.5,1.064659805,35,2.413709289,102,1.200987249,7.83,1.475357581,4.93,1.527736562,8.904537521
Ben Braden,2017,OG,Michigan,329,6,6,78,5.04,1.371638202,28,1.238384262,25,1.826348453,102,1.272228474,7.85,1.566866164,4.9,1.608512158,8.883977712
Forrest Lamp,2017,OG,Western Kentucky,309,6,4,76,5,1.265265526,27.5,1.11304227,34,2.273024519,111,1.266979212,7.55,1.379084154,4.62,1.387879671,8.685275352
Nico Siragusa,2017,OG,San Diego State,319,6,4,76,5.35,1.220759468,32,1.337091555,28,1.932481915,110,1.296198156,7.71,1.453886146,4.56,1.414187145,8.654604386
Elijah Qualls,2017,DT,Washington,313,6,1,73,5.13,1.199856865,31.5,1.240465367,33,2.146516688,105,1.166086951,7.65,1.359566258,4.66,1.362043198,8.474535327
Ethan Pocic,2017,C,LSU,310,6,6,78,5.15,1.264819858,27,1.125192822,26,1.789710459,107,1.257518877,7.89,1.4839014,4.81,1.487781452,8.408924868
Taylor Moton,2017,OT,West. Michigan,319,6,5,77,5.18,1.277412779,30.5,1.291184012,23,1.608282647,109,1.301314728,7.73,1.476837281,4.58,1.439079059,8.394110505
Antonio Garcia,2017,OT,Troy,302,6,6,78,5.15,1.232179345,31,1.258549008,24,1.609407123,108,1.236515999,7.98,1.462096986,4.94,1.488559716,8.287308177
Will Holden,2017,OT,Vanderbilt,311,6,7,79,5.47,1.209984374,28,1.185638802,23,1.608675502,111,1.325515767,7.71,1.473376041,4.72,1.483430644,8.286621129
David Sharpe,2017,OT,Florida,343,6,6,78,5.44,1.3248583,20.5,0.945256072,19,1.44708971,97,1.261347921,7.87,1.637703209,4.78,1.635891088,8.252146302
Jerry Ugokwe,2017,OT,William & Mary,321,6,7,79,5.61,1.217724014,26,1.136350648,18,1.299444575,103,1.269532395,8.35,1.646987656,5.17,1.677105696,8.247144983
Stevie Tu'Ikolovatu,2017,DT,USC,331,6,1,73,5.45,1.194356451,24.5,1.020290471,28,1.92602543,91,1.068726763,7.83,1.47158164,5,1.545463048,8.226443802
Larry Ogunjobi,2017,DE,Charlotte,305,6,3,75,4.97,1.239893325,32,1.261589231,26,1.693119386,116,1.289714346,7.55,1.343320985,4.75,1.389928563,8.217565836
Nate Theaker,2017,OG,Wayne State (MI),315,6,5,77,5.41,1.207768287,27,1.128682874,23,1.588116093,105,1.237841438,7.97,1.503596636,4.89,1.517217717,8.183223043
Sean Harlow,2017,OG,Oregon State,303,6,4,76,5.15,1.20456045,30.5,1.210494867,26,1.704443857,105,1.175222124,8.16,1.461564966,4.81,1.416899557,8.173185822
Dion Dawkins,2017,OG,Temple,314,6,4,76,5.11,1.258061721,26,1.069358881,26,1.766321357,106,1.229485877,7.3,1.354995477,4.78,1.45918012,8.137403432
Ethan Cooper,2017,OG,Indiana (PA),322,6,2,74,5.36,1.197574141,24.5,1.006144987,26,1.763656775,99,1.146561157,8.02,1.486393182,4.88,1.487459606,8.087789849
Eddie Vanderdoes,2017,DT,UCLA,305,6,3,75,4.99,1.234923813,28.5,1.123602909,28,1.823359339,111,1.234123211,7.69,1.368230249,4.39,1.284586608,8.068826128
Adam Bisnowaty,2017,OT,Pittsburgh,304,6,6,78,5.23,1.221366786,29.5,1.205582942,23,1.552562721,96,1.106404308,8.02,1.47915709,4.94,1.498417728,8.063491574
D.J. Jones,2017,DT,Akron,319,6,1,73,5.04,1.244694053,28.5,1.143840041,25,1.657321191,108,1.222395486,7.73,1.400118461,4.65,1.385173784,8.053543017
Dorian Johnson,2017,OG,Pittsburgh,300,6,5,77,5.27,1.180812584,30,1.194373411,21,1.380970516,114,1.279944888,8.39,1.507459613,5.09,1.504068201,8.047629213
Tanoh Kpassagnon,2017,DE,Villanova,289,6,7,79,4.83,1.273378202,30,1.180464907,23,1.494878521,128,1.420395679,7.46,1.324754814,4.62,1.349288059,8.043160182
Charles Walker,2017,DT,Oklahoma,310,6,2,74,4.96,1.245923407,28,1.107027315,25,1.632625419,107,1.193030729,7.89,1.407803893,4.96,1.45550217,8.041912934
Danny Isidora,2017,OG,Miami (FL),306,6,3,75,5.03,1.229120077,29,1.147063815,26,1.698670597,94,1.048539951,8.13,1.451259182,4.9,1.438522096,8.013175718
Corey Levin,2017,OG,Tenn-Chattanooga,307,6,4,76,5.16,1.218097001,26.5,1.065625817,26,1.726944766,106,1.202076956,7.55,1.370158043,4.73,1.411727503,7.994630087
Julien Davenport,2017,OT,Bucknell,318,6,7,79,5.45,1.241759002,27,1.169027877,18,1.287300234,106,1.294298701,7.57,1.479182758,4.69,1.507178955,7.978747526
Vincent Taylor,2017,DT,Oklahoma State,304,6,3,75,5.07,1.211452793,28.5,1.119918965,26,1.687568175,108,1.196831583,7.58,1.344236853,4.72,1.376621705,7.936630075
Dan Feeney,2017,OG,Indiana,305,6,4,76,5.24,1.191685768,28,1.118609118,26,1.715694311,101,1.137913485,7.52,1.355823063,4.68,1.387704677,7.907430423
Montravius Adams,2017,DT,Auburn,304,6,4,76,4.87,1.278020507,29,1.154760888,22,1.446981533,108,1.212789338,7.62,1.36934819,4.89,1.445219465,7.907119921
Malik McDowell,2017,DT,Michigan State,295,6,6,78,4.85,1.27806955,28.5,1.130234008,23,1.506598693,112,1.252590404,7.69,1.37630505,4.53,1.333375859,7.877173564
Kyle Fuller,2017,C,Baylor,307,6,5,77,5.24,1.215282997,26,1.059276508,23,1.547782986,96,1.102998121,7.71,1.417604959,4.84,1.463565723,7.806511292
Erik Austell,2017,OG,Charleston Southern,301,6,3,75,5.23,1.162801754,27.5,1.069959514,24,1.542382654,107,1.174048331,8.13,1.427545796,4.9,1.415016833,7.791754883
Avery Gennesy,2017,OG,Texas A&M,318,6,3,75,5.35,1.200920364,20,0.822101179,24,1.629493967,91,1.054882808,8.08,1.49889596,5,1.525443599,7.731737878
Jon Toth,2017,C,Kentucky,307,6,5,77,5.51,1.155731924,25.5,1.038905806,21,1.413193161,100,1.148956376,8.09,1.487473945,4.84,1.463565723,7.707826934
Jeremiah Ledbetter,2017,DT,Arkansas,280,6,3,75,4.84,1.168835897,32.5,1.176276845,29,1.733685929,113,1.153379365,7.55,1.233212708,4.56,1.224959992,7.690350735
Jordan Morgan,2017,OG,Kutztown Pennsylvania,309,6,3,75,5.36,1.16475494,27,1.078426122,21,1.385454186,102,1.148932074,8.13,1.465487213,4.73,1.402228051,7.645282587
Solomon Thomas,2017,DE,Stanford,273,6,3,75,4.69,1.17606324,35,1.235090687,30,1.748631497,126,1.2539173,6.95,1.106828823,4.28,1.120999572,7.641531119
Cameron Lee,2017,OG,Illinois State,312,6,5,77,5.44,1.189668678,25.5,1.055826096,18,1.231036574,100,1.16766902,8.02,1.498619683,4.75,1.459743991,7.602564042
Adam Shaheen,2017,TE,Ashland,278,6,6,78,4.79,1.219504741,32.5,1.214589862,24,1.481507219,121,1.27526138,7.09,1.195796778,4.38,1.214930057,7.601590036
Taco Charlton,2017,DE,Michigan,277,6,6,78,4.92,1.183011256,33,1.228839616,25,1.537685475,116,1.218166914,7.17,1.204939586,4.39,1.21332364,7.585966487
Jaleel Johnson,2017,DT,Iowa,316,6,3,75,5.38,1.186712941,28,1.143703024,19,1.281902748,100,1.151921236,7.64,1.408359247,4.62,1.400645044,7.57324424
Caleb Brantley,2017,DT,Florida,307,6,3,75,5.14,1.206746722,27,1.071446018,21,1.376486845,105,1.175069021,7.66,1.37182955,4.62,1.360753254,7.56233141
Sam Tevi,2017,OT,Utah,311,6,5,77,5.27,1.224109045,26,1.073078156,15,1.022575787,107,1.245401346,7.84,1.460289363,4.6,1.409115893,7.43456959
Chase Roullier,2017,C,Wyoming,312,6,4,76,5.54,1.153023157,26.5,1.082981287,19,1.282551813,97,1.117929353,7.6,1.401694998,4.47,1.355855717,7.394036325
Carl Lawson,2017,DE,Auburn,261,6,2,74,4.67,1.114127655,33,1.098482289,35,1.924391381,114,1.070166908,7.46,1.12068304,4.19,1.035199414,7.363050686
Pat Elflein,2017,C,Ohio State,303,6,3,75,5.32,1.150725846,23.5,0.920404316,22,1.423245123,99,1.093486751,7.94,1.403447397,4.71,1.369186367,7.360495799
Ryan Glasgow,2017,DT,Michigan,302,6,3,75,5.13,1.189406888,27.5,1.073514197,20,1.289589041,105,1.155931089,7.55,1.330107992,4.5,1.303822548,7.342371755
Jonathan Allen,2017,DT,Alabama,286,6,3,75,5,1.155678144,30,1.109061025,21,1.282329765,108,1.125966555,7.49,1.249628321,4.5,1.234745857,7.157409667
Tanzel Smart,2017,DT,Tulane,296,6,1,73,5.24,1.110869114,27,1.005507299,22,1.353288476,105,1.102753155,7.53,1.265555782,4.57,1.263189592,7.101163418
Derek Rivers,2017,DE,Youngstown State,248,6,4,76,4.61,1.101397169,35,1.136946973,30,1.609680413,123,1.126794772,6.94,1.01741114,4.4,1.060854241,7.053084707
Jordan Willis,2017,DE,Kansas State,255,6,4,76,4.53,1.152484727,39,1.302642586,24,1.324091953,125,1.177438479,6.85,1.032561883,4.28,1.061048679,7.050268306
Fadol Brown,2017,DE,Mississippi,273,6,4,76,4.94,1.131433148,34,1.215799746,19,1.122232836,115,1.159707641,7.24,1.168386554,4.44,1.178411512,6.975971439
Daeshon Hall,2017,DE,Texas A&M,266,6,5,77,4.76,1.159164353,36,1.27081331,18,1.049537592,123,1.224480609,7.03,1.119952057,4.38,1.147583353,6.971531274
Ifeadi Odenigbo,2017,DE,Northwestern,258,6,3,75,4.72,1.104380116,31.5,1.050505705,25,1.37712737,128,1.203830599,7.26,1.092670794,4.4,1.089109166,6.917623749
Cam Robinson,2017,OT,Alabama,322,6,6,78,5.15,1.313780627,26,1.125461685,,0,106,1.293989578,7.81,1.525714428,4.82,1.548585826,6.807532143
Damien Mama,2017,OG,USC,334,6,3,75,5.84,1.155512083,24.5,1.057744332,,0,96,1.168835523,8.51,1.65809357,5.38,1.723962335,6.764147843
Justin Senior,2017,OT,Mississippi State,331,6,5,77,5.55,1.237101529,23,1.010307198,,0,98,1.214001528,8.19,1.623582515,5.06,1.649707706,6.734700477
Dan Skipper,2017,OT,Arkansas,309,6,10,82,5.42,1.259367998,26,1.135409626,,0,97,1.194588982,7.61,1.49978406,5.01,1.623857161,6.713007828
Daniel Brunskill,2017,OT,San Diego State,273,6,5,77,,1,28,1.014421151,17,1.017314947,106,1.083013016,7.9,1.29167189,4.84,1.301477011,6.707898015
T.J. Watt,2017,OLB,Wisconsin,252,6,4,76,4.69,1.100071462,37,1.221301103,21,1.1449501,128,1.191512332,6.79,1.011476163,4.13,1.011816954,6.681128113
David Njoku,2017,TE,Miami (FL),246,6,4,76,4.64,1.085451259,37.5,1.20833362,21,1.117689384,133,1.208578264,6.97,1.013568774,4.34,1.037949433,6.671570734
Takkarist McKinley,2017,OLB,UCLA,250,6,2,74,4.59,1.085772033,33,1.0521861,24,1.263968066,122,1.09699841,7.48,1.076329073,4.62,1.093330519,6.668584201
O.J. Howard,2017,TE,Alabama,251,6,6,78,4.51,1.169422351,30,1.012270244,22,1.226151508,121,1.151405059,6.85,1.043111277,4.16,1.041836149,6.644196589
Tarell Basham,2017,DE,Ohio,269,6,4,76,4.7,1.171784158,31.5,1.109898637,15,0.872991998,119,1.182462217,7.27,1.156037782,4.35,1.137608678,6.630783471
Conor McDermott,2017,OT,UCLA,307,6,8,80,5.18,1.277256762,28.5,1.20636885,,0,105,1.253406956,7.52,1.436540743,4.58,1.438903297,6.612476608
Tashawn Bower,2017,OLB,LSU,250,6,5,77,4.82,1.075878685,31.5,1.045076735,20,1.096008346,121,1.132114996,7.2,1.078040248,4.37,1.076093326,6.503212336
Hayden Plinke,2017,TE,Texas-El Paso,264,6,4,76,4.97,1.087528729,28,0.968238712,18,1.028118457,109,1.062963754,7.55,1.178246656,4.59,1.178061524,6.503157832
Dylan Donahue,2017,OLB,West Georgia,248,6,3,75,4.75,1.054870003,29.5,0.945674879,26,1.376700353,116,1.048685764,7.02,1.015597917,4.46,1.061171482,6.502700397
Al-Quadin Muhammad,2017,DE,Miami (FL),253,6,3,75,4.88,1.047469945,30.5,0.997443986,22,1.188386192,117,1.079051282,7.25,1.070019115,4.47,1.084993346,6.467363866
Ben Gedeon,2017,ILB,Michigan,244,6,2,74,4.75,1.024017891,34.5,1.073612436,27,1.387836937,119,1.044342486,6.98,0.980276776,4.13,0.953914313,6.464000838
Jordan Leggett,2017,TE,Clemson,258,6,5,77,,1,33,1.129877247,18,1.017972552,114,1.100752604,7.12,1.100176008,4.33,1.100363294,6.449141704
Charles Harris,2017,DE,Missouri,253,6,3,75,4.82,1.06050899,32,1.046498608,21,1.134368638,109,1.005269998,7.47,1.102488661,4.42,1.072856956,6.42199185
Gerald Everett,2017,TE,South Alabama,239,6,3,75,4.62,1.045193732,37.5,1.158503431,22,1.122625691,126,1.097751776,6.99,0.974558884,4.33,0.992852715,6.39148623
Harvey Langi,2017,ILB,BYU,251,6,2,74,,1,33,1.056394845,23,1.216147941,118,1.065275374,7,1.011288867,4.32,1.026424371,6.375531398
Josh Carraway,2017,DE,TCU,242,6,3,75,4.74,1.031520577,29.5,0.922795648,25,1.291724122,120,1.058601035,7.2,1.016437948,4.44,1.03085449,6.351933819
Avery Moss,2017,DE,Youngstown State,264,6,3,75,4.79,1.113548878,32.5,1.109061025,14,0.789126009,114,1.097095618,7.25,1.116541685,4.43,1.122035722,6.347408938
Garrett Sickels,2017,DE,Penn State,261,6,3,75,4.9,1.076180946,28,0.944640789,20,1.114512383,105,0.999000047,7.21,1.097763484,4.41,1.104277256,6.336374906
Haason Reddick,2017,OLB,Temple,237,6,1,73,4.52,1.031127523,36.5,1.088355967,24,1.182049271,133,1.118400329,7.01,0.943324185,4.37,0.967142371,6.330399646
Vince Biegel,2017,OLB,Wisconsin,246,6,3,75,4.67,1.064287834,33.5,1.065241481,21,1.102982944,118,1.058163597,6.92,0.993057075,4.3,1.014851723,6.298584654
Dalvin Tomlinson,2017,DT,Alabama,310,6,3,75,5.19,1.206799738,27,1.081916175,,0,110,1.243054246,7.68,1.388851852,4.59,1.365128112,6.285750122
Carroll Phillips,2017,OLB,Illinois,242,6,3,75,4.64,1.053751624,30,0.938436252,23,1.188386192,123,1.085066061,7.06,0.996673877,4.37,1.014602279,6.276916284
Garrett Bolles,2017,OT,Utah,297,6,5,77,4.95,1.244576463,28,1.103601032,,0,115,1.27826075,7.29,1.296720712,4.55,1.331056034,6.254214991
Raekwon McMillan,2017,ILB,Ohio State,240,6,2,74,4.61,1.037819064,33,1.010098656,23,1.162850621,121,1.044486355,7.15,0.987690208,4.39,0.997344619,6.240289523
Bryan Cox Jr.,2017,DE,Florida,265,6,3,75,4.89,1.094908648,26.5,0.907736719,16,0.905274426,109,1.052950788,7.36,1.137775811,4.46,1.133913075,6.232559468
Scott Orndoff,2017,TE,Pittsburgh,253,6,5,77,4.84,1.0842901,27,0.906529419,17,0.942786379,112,1.060482992,7.37,1.116735904,4.45,1.108942491,6.219767286
Nazair Jones,2017,DT,North Carolina,304,6,5,77,5.11,1.234022325,24.5,0.988410352,,0,101,1.149106077,7.93,1.443807326,4.63,1.386382498,6.201728577
Darrell Daniels,2017,TE,Washington,247,6,3,75,4.55,1.09679744,32,1.021680459,17,0.896520593,116,1.044457192,7.09,1.021588974,4.47,1.059262279,6.140306936
Ricky Seals-Jones,2017,WR,Texas A&M,243,6,5,77,4.69,1.074740869,28,0.902946299,17,0.905522095,121,1.100415776,7.46,1.085694334,4.33,1.036388684,6.105708057
Samaje Perine,2017,RB,Oklahoma,233,5,11,71,4.65,0.958387024,33,0.940881874,30,1.412825927,116,0.932710139,7.26,0.934162943,4.37,0.924769449,6.103737356
Evan Engram,2017,TE,Mississippi,234,6,3,75,4.42,1.069632178,36,1.088896279,19,0.949257098,125,1.066256208,6.92,0.944615267,4.23,0.949631813,6.068288843
Pita Taumoepenu,2017,OLB,Utah,243,6,1,73,4.67,1.023273815,28.5,0.871326426,24,1.211974569,112,0.965654114,6.91,0.953408295,4.33,0.982550311,6.008187531
Bucky Hodges,2017,TE,Virginia Tech,257,6,6,78,4.57,1.181656189,39,1.347408321,18,1.027196102,134,1.305590446,,0,4.45,1.141104727,6.002955785
Anthony Walker Jr.,2017,ILB,Northwestern,238,6,1,73,4.65,1.006529417,30.5,0.913285471,23,1.137576953,116,0.979562713,7.23,0.97703441,4.34,0.964555705,5.978544669
Robert Davis,2017,WR,Georgia State,219,6,3,75,4.44,0.996556706,41,1.16063624,19,0.888407284,136,1.085722219,6.82,0.871287529,4.28,0.899263393,5.901873371
Myles Garrett,2017,DE,Texas A&M,272,6,4,76,4.64,1.20017375,41,1.460741087,33,1.942001531,128,1.286076803,,0,,0,5.888993171
Freddie Stevenson,2017,FB,Florida State,234,6,1,73,4.75,0.968778999,28,0.824334813,24,1.167086622,111,0.921586566,7.65,1.016416947,4.45,0.97238107,5.870585017
Chad Wheeler,2017,OT,USC,306,6,7,79,5.48,1.188358747,20.5,0.85410108,15,1.032269055,105,1.233707644,,0,5.01,1.54925894,5.857695466
Zach Cunningham,2017,OLB,Vanderbilt,234,6,3,75,4.67,1.012371355,35,1.05864916,15,0.749413499,125,1.066256208,7.03,0.959630827,4.29,0.963101768,5.809422817
Alex Anzalone,2017,OLB,Florida,241,6,3,75,4.63,1.051663795,30.5,0.95013439,16,0.823287308,116,1.019085762,6.88,0.967249445,4.25,0.982663903,5.794084603
Keith Kelsey,2017,ILB,Louisville,233,6,1,73,4.92,0.931307899,29.5,0.864784086,23,1.113678278,112,0.925915262,7.28,0.963123335,4.56,0.992159262,5.790968122
Ben Boulware,2017,ILB,Clemson,238,6,1,73,,1,29.5,0.883341685,20,0.989197351,111,0.937340182,7.02,0.948655817,4.43,0.984558012,5.743093047
Trey Hendrickson,2017,DE,Florida Atlantic,266,6,4,76,4.65,1.171175245,33.5,1.167204432,,0,122,1.198752424,7.03,1.105407225,4.2,1.086131193,5.728670519
Brooks Ellis,2017,ILB,Arkansas,240,6,2,74,4.79,0.9988196,29.5,0.902966981,18,0.910057008,115,0.992693643,6.8,0.939341736,4.25,0.96553864,5.709417608
Duke Riley,2017,OLB,LSU,232,6,1,73,4.58,0.996150541,34.5,1.00701707,18,0.867833642,122,1.004257571,6.89,0.907615307,4.21,0.912075328,5.694949459
Connor Harris,2017,ILB,Lindenwood,242,5,11,71,4.73,0.978570641,33,0.97722495,18,0.880439161,114,0.952035198,7.13,0.95287293,4.31,0.94730265,5.68844553
Jonnu Smith,2017,TE,Florida International,248,6,3,75,4.62,1.084552492,38,1.218157471,22,1.164900299,127,1.148130103,,0,4.18,0.994550851,5.610291216
Michael Roberts,2017,TE,Toledo,270,6,4,76,4.86,1.137419567,30,1.060975862,,0,110,1.097095618,7.05,1.125222009,4.51,1.183836335,5.604549391
Kenny Golladay,2017,WR,Northern Illinois,218,6,4,76,4.5,0.991829862,35.5,1.013690394,18,0.848976605,120,0.966330686,7,0.902069234,4.15,0.879540718,5.602437499
Jerome Lane,2017,WR,Akron,226,6,2,74,4.6,0.979404139,35,1.008823279,16,0.761751421,125,1.016072297,6.87,0.893652431,4.12,0.881404254,5.541107822
Tyus Bowser,2017,OLB,Houston,247,6,3,75,4.65,1.073210398,37.5,1.197281788,21,1.107466615,127,1.143500546,6.75,0.972598811,,0,5.494058159
Dawuane Smoot,2017,DE,Illinois,264,6,3,75,4.77,1.118217846,29.5,1.006686161,,0,117,1.125966555,7.18,1.105761283,4.39,1.111904474,5.46853632
De'Veon Smith,2017,RB,Michigan,223,5,11,71,,1,29,0.79134908,22,0.991605722,108,0.831115547,7.3,0.898996119,4.56,0.923561503,5.43662797
Ken Ekanem,2017,DE,Virginia Tech,257,6,3,75,4.88,1.064030734,30.5,1.013213851,,0,115,1.077374435,7.38,1.106426308,4.58,1.129269587,5.390314915
Zach Pascal,2017,WR,Old Dominion,219,6,2,74,4.55,0.959497938,36,1.005507299,14,0.645887682,126,0.99247784,7.11,0.89622526,4.29,0.889346282,5.388942301
Derek Barnett,2017,DE,Tennessee,259,6,3,75,4.88,1.072311129,31,1.037838108,,0,117,1.104641431,6.96,1.05157926,4.44,1.103269888,5.369639816
Sam Rogers,2017,FB,Virginia Tech,231,5,10,70,4.93,0.883573554,32,0.891798814,19,0.87461466,114,0.895961421,7.27,0.914357804,4.34,0.897713005,5.358019257
Jessamen Dunker,2017,OG,Tennessee State,318,6,4,76,4.98,1.30734731,28.5,1.187114103,23,1.582419696,108,1.268641478,,0,,0,5.345522587
Tim Williams,2017,OLB,Alabama,244,6,3,75,4.68,1.053379457,33.5,1.056580981,,0,124,1.102928131,7.36,1.047612445,4.57,1.069806068,5.330307083
Wayne Gallman,2017,RB,Clemson,215,6,1,73,4.6,0.919143026,29.5,0.797976732,21,0.938282781,120,0.915412851,7.17,0.875290512,4.28,0.859296131,5.305402033
Brian Hill,2017,RB,Wyoming,219,6,1,73,4.54,0.948616622,34,0.936812731,15,0.682670861,125,0.971295612,7.03,0.87416627,4.32,0.883463251,5.297025346
Kevin Davis,2017,ILB,Colorado State,235,6,2,74,4.91,0.954108353,30.5,0.91412653,11,0.544559575,110,0.929751111,7.18,0.971171147,4.38,0.974342081,5.288058797
Brian Allen,2017,CB,Utah,215,6,3,75,4.48,0.969619447,34.5,0.958794889,15,0.688563685,117,0.916980339,6.64,0.832797759,4.34,0.895214731,5.26197085
Chris Godwin,2017,WR,Penn State,209,6,1,73,4.42,0.929879096,36,0.946626241,19,0.825231655,126,0.934359768,7.01,0.831876602,4,0.780668947,5.24864231
Jalen Robinette,2017,WR,Air Force,220,6,3,75,4.62,0.962103017,31.5,0.895780059,13,0.610633221,120,0.962364577,6.77,0.868849105,4.46,0.941361798,5.241091777
Delano Hill,2017,S,Michigan,216,6,1,73,4.47,0.95027367,33.5,0.910391744,17,0.763095099,115,0.881350977,6.96,0.853606269,4.27,0.861275818,5.219993577
Jamal Adams,2017,S,LSU,214,6,1,73,4.56,0.9228931,31.5,0.848113701,18,0.800501722,120,0.911155117,6.96,0.845702507,4.13,0.825323958,5.153690105
Rasul Douglas,2017,CB,West Virginia,209,6,2,74,4.59,0.907705419,33.5,0.892955271,16,0.704451536,120,0.902056397,6.97,0.838460348,4.26,0.84280164,5.088430611
Dalvin Cook,2017,RB,Florida State,210,5,10,70,4.49,0.881963479,30.5,0.772723404,22,0.92064701,116,0.828800039,7.27,0.831234367,4.53,0.851830731,5.08719903
Devonte Fields,2017,OLB,Louisville,236,6,2,74,4.72,0.996738726,34,1.023362578,,0,124,1.052542999,7.4,1.00518775,4.5,1.005296114,5.083128167
Marcus Williams,2017,S,Utah,202,6,1,73,4.56,0.871142085,43.5,1.105529609,14,0.587699602,129,0.924566979,6.85,0.785663443,4.2,0.792248248,5.066849966
Elijah McGuire,2017,RB,Louisiana,214,5,10,70,4.53,0.890826688,36,0.929439673,15,0.639670325,120,0.873710386,7.26,0.845902248,4.56,0.873804794,5.053354114
Jadar Johnson,2017,S,Clemson,206,6,1,73,4.6,0.880667271,33,0.855285112,19,0.813386225,119,0.869784133,6.9,0.807069465,4.2,0.807936332,5.034128538
Isaac Rochell,2017,DE,Notre Dame,280,6,4,76,4.89,1.172309738,31.5,1.155284827,25,1.51448426,114,1.179100745,,0,,0,5.02117957
Chuck Clark,2017,S,Virginia Tech,208,6,1,73,4.54,0.900969211,34,0.88975821,16,0.691606887,122,0.900368857,6.85,0.808999981,4.07,0.790530029,4.982233176
Zay Jones,2017,WR,East Carolina,201,6,2,74,4.45,0.900424647,36.5,0.935680403,15,0.635143953,133,0.961510114,6.79,0.785541794,4.01,0.762974313,4.981275225
Chidobe Awuzie,2017,CB,Colorado,202,6,1,73,4.43,0.896706074,34.5,0.876799345,16,0.671656689,132,0.946068537,6.81,0.781075628,4.14,0.780930415,4.953236687
Deatrich Wise Jr.,2017,DE,Arkansas,274,6,5,77,4.92,1.155196311,33,1.199947154,22,1.321347662,124,1.271561623,,0,,0,4.948052749
Joe Williams,2017,RB,Utah,210,5,11,71,4.41,0.910790856,35,0.899399372,14,0.594235798,125,0.905862112,7.19,0.833831464,4.19,0.799152079,4.94327168
Dare Ogunbowale,2017,RB,Wisconsin,213,5,11,71,4.65,0.876122043,35,0.912247934,14,0.60272488,120,0.882050879,6.99,0.822217797,4.34,0.839586504,4.934950038
Tedric Thompson,2017,S,Colorado,204,6,1,73,4.6,0.872117104,32.5,0.834148322,17,0.720700927,117,0.846863331,7.11,0.823558347,4.36,0.830571996,4.927960026
Amba Etta-Tawo,2017,WR,Syracuse,208,6,1,73,4.49,0.911002276,31,0.811250133,14,0.605156026,126,0.929889147,6.95,0.8208102,4.32,0.839088384,4.917196167
Shaquill Griffin,2017,CB,Central Florida,194,6,1,73,4.38,0.871023932,38.5,0.939706458,17,0.68537245,132,0.908600476,6.87,0.756751119,4.14,0.750002478,4.911456914
Davis Webb,2017,QB,California,229,6,5,77,4.79,0.99167714,33,1.002875541,,0,118,1.011306163,6.92,0.949082678,4.21,0.94961173,4.904553251
Damarius Travis,2017,S,Minnesota,206,6,1,73,,1,32.5,0.842326247,13,0.556527417,115,0.840547691,7.08,0.828123451,4.28,0.823325595,4.890850401
Blair Brown,2017,ILB,Ohio,238,5,11,71,4.65,0.978953269,37,1.077566105,,0,124,1.018430577,6.92,0.909521867,4.18,0.903544101,4.888015918
DeShone Kizer,2017,QB,Notre Dame,233,6,4,76,4.83,0.98764755,30.5,0.930842588,,0,107,0.920932352,7.4,1.01923183,4.53,1.026137319,4.884791638
Quincy Wilson,2017,CB,Florida,211,6,1,73,4.54,0.91396396,32,0.849497658,14,0.613884238,118,0.883408882,6.86,0.821866306,4.02,0.792080161,4.874701205
John Johnson,2017,S,Troy,205,6,1,73,4.61,0.87449112,37,0.954300909,14,0.596427814,119,0.86556188,6.72,0.78219987,4.18,0.800185671,4.873167263
Jehu Chesson,2017,WR,Michigan,204,6,3,75,4.47,0.9220692,35.5,0.93610955,10,0.435556563,132,0.981611869,6.7,0.797329768,4.09,0.800483724,4.873160675
Fred Ross,2017,WR,Mississippi State,213,6,1,73,4.51,0.928764334,35,0.937945059,10,0.442645033,113,0.853995035,6.99,0.845378862,4.28,0.851302678,4.860031002
Malachi Dupre,2017,WR,LSU,196,6,2,74,4.52,0.864428276,39.5,0.987396944,11,0.454185858,135,0.951691079,7.19,0.811126194,4.26,0.790378572,4.859206923
Aaron Jones,2017,RB,Texas-El Paso,208,5,9,69,4.56,0.847865943,37.5,0.927578312,16,0.653710619,127,0.885912002,6.82,0.76132229,4.2,0.771080079,4.847469246
Bug Howard,2017,WR,North Carolina,221,6,4,76,4.58,0.987915947,37.5,1.085535488,,0,119,0.971465241,6.95,0.907951009,4.14,0.889495949,4.842363634
Josh Malone,2017,WR,Tennessee,208,6,3,75,4.4,0.955105904,30.5,0.820033,10,0.444096888,121,0.91745423,7.05,0.855431937,4.19,0.836134972,4.828256932
Curtis Samuel,2017,WR,Ohio State,196,5,11,71,4.31,0.869794702,37,0.88740738,18,0.713082957,119,0.804888682,7.09,0.76741874,4.33,0.770797121,4.813389581
Collin Buchanan,2017,OT,Miami (OH),316,6,5,77,,1,25,1.048394439,23,1.593157731,97,1.147159962,,0,,0,4.788712132
Mitch Leidner,2017,QB,Minnesota,226,6,3,75,4.93,0.926194913,34.5,1.007849512,,0,123,1.013326156,6.96,0.917594258,4.25,0.92150225,4.786467088
Ejuan Price,2017,OLB,Pittsburgh,241,5,11,71,4.84,0.952378621,31.5,0.928951066,20,0.974223315,117,0.973051199,,0,4.34,0.949954683,4.778558882
Darreus Rogers,2017,WR,USC,216,6,1,73,,1,26.5,0.720160633,8,0.359103576,112,0.858359213,7.22,0.885493859,4.54,0.915735881,4.738853162
Carlos Henderson,2017,WR,Louisiana Tech,199,5,11,71,4.46,0.853406948,36,0.876639061,13,0.522887078,131,0.899615977,7.18,0.789055614,4.35,0.786209793,4.727814472
Chad Hansen,2017,WR,California,202,6,2,74,4.53,0.88892372,35,0.901691604,11,0.468089507,119,0.864578615,6.74,0.783636634,4.13,0.789715947,4.696636028
Xavier Woods,2017,S,Louisiana Tech,197,5,11,71,4.54,0.829943122,33.5,0.807562742,19,0.756538976,122,0.829390095,6.72,0.731081161,4.13,0.738945475,4.693461571
Hardy Nickerson,2017,ILB,Illinois,232,6,1,73,4.78,0.954470602,33,0.963233719,18,0.867833642,116,0.954867854,,0,4.38,0.948904973,4.68931079
Isaiah Ford,2017,WR,Virginia Tech,194,6,1,73,4.61,0.827567206,35.5,0.866482579,14,0.564424371,127,0.874183792,6.94,0.76446183,4.34,0.786234482,4.683354258
Jalen Myrick,2017,CB,Minnesota,200,5,10,70,4.28,0.881178464,37.5,0.904828342,13,0.518113036,124,0.843770155,7.06,0.768784258,4.22,0.755750171,4.672424425
Desmond King,2017,S,Iowa,201,5,10,70,,1,34,0.824479585,14,0.560757725,117,0.800118658,6.67,0.729947585,4.18,0.752329595,4.667633149
Noble Nwachukwu,2017,DE,West Virginia,268,6,1,73,4.83,1.091164257,30.5,1.028405488,27,1.503746225,110,1.045983366,,0,,0,4.669299336
Taywan Taylor,2017,WR,Western Kentucky,203,5,11,71,4.5,0.862822538,33.5,0.832158562,13,0.533397371,132,0.924704044,6.57,0.736531798,4.21,0.776201093,4.665815404
Trevor Knight,2017,QB,Texas A&M,219,6,1,73,4.54,0.948616622,35.5,0.978142705,,0,125,0.971295612,7.04,0.875409749,4.14,0.846652282,4.62011697
Cordrea Tankersley,2017,CB,Clemson,199,6,1,73,4.4,0.889411761,29.5,0.738592417,13,0.537616291,121,0.854349846,7,0.790943974,4.32,0.802781675,4.613695965
Gareon Conley,2017,CB,Ohio State,195,6,1,73,4.44,0.863682479,37,0.907749645,11,0.445762251,129,0.89252753,6.68,0.739614946,4.18,0.761152224,4.610489075
Sefo Liufau,2017,QB,Colorado,232,6,3,75,5.08,0.922709823,27,0.809692105,,0,105,0.888000042,7.32,0.990676986,4.45,0.990483001,4.601561957
Deshaun Watson,2017,QB,Clemson,221,6,2,74,4.66,0.945404543,32.5,0.916039596,,0,119,0.945900366,6.95,0.884057561,4.31,0.901652167,4.593054233
Kendrick Bourne,2017,WR,East. Washington,203,6,1,73,4.68,0.853007114,34,0.868369792,9,0.379677218,125,0.900333376,6.73,0.775721283,4.21,0.798065912,4.575174695
Nathan Peterman,2017,QB,Pittsburgh,226,6,2,74,4.82,0.934701046,31,0.89352919,,0,110,0.894143622,7.14,0.928774142,4.31,0.922051537,4.573199537
Joshua Dobbs,2017,QB,Tennessee,216,6,3,75,4.64,0.940538639,33,0.921373774,,0,122,0.960614824,6.75,0.850531754,4.31,0.893161618,4.56622061
Quincy Adeboyejo,2017,WR,Mississippi,197,6,3,75,4.42,0.900502304,34.5,0.878523689,8,0.336488796,123,0.883297579,6.73,0.773418042,4.14,0.782466221,4.55469663
Christian McCaffrey,2017,RB,Stanford,202,5,11,71,4.48,0.862405092,37.5,0.926932006,10,0.40828446,121,0.84346978,6.57,0.732903562,4.22,0.774212068,4.548206968
Cooper Rush,2017,QB,Central Michigan,228,6,3,75,4.93,0.934391328,27,0.795731896,,0,105,0.872689696,7.23,0.961625902,4.47,0.977780565,4.542219387
Devine Redding,2017,RB,Indiana,205,5,8,68,4.76,0.788924474,30.5,0.732773078,16,0.634944679,116,0.785950513,7.18,0.77850062,4.46,0.795308089,4.516401454
Fabian Moreau,2017,CB,UCLA,206,6,1,73,4.35,0.931280333,38,0.984873766,,0,136,0.994039009,6.94,0.811748128,4.12,0.792547068,4.514488304
Eric Saubert,2017,TE,Drake,253,6,5,77,,1,33,1.107980401,22,1.220076491,121,1.145700376,,0,,0,4.473757268
Patrick Mahomes,2017,QB,Texas Tech,225,6,2,74,4.8,0.934442555,30,0.860879537,,0,114,0.922557679,6.88,0.890993265,4.08,0.868984776,4.477857812
TreDavious White,2017,CB,LSU,192,5,11,71,4.47,0.821545578,32,0.751824455,16,0.620915772,119,0.788462382,6.9,0.731611314,4.32,0.753322765,4.467682265
Shalom Luani,2017,S,Washington State,202,5,11,71,4.55,0.849137321,31,0.766263791,12,0.489941352,116,0.808615657,6.87,0.766369479,4.21,0.772377442,4.452705042
Ahkello Witherspoon,2017,CB,Colorado,198,6,3,75,4.45,0.898971763,40.5,1.036545496,,0,127,0.91665226,6.93,0.800444884,4.13,0.784538521,4.437152925
Mitchell Trubisky,2017,QB,North Carolina,222,6,2,74,4.67,0.94764881,27.5,0.778617714,,0,116,0.926226329,6.87,0.877835573,4.25,0.893123242,4.423451669
George Kittle,2017,TE,Iowa,247,6,4,76,4.52,1.118798096,35,1.132362509,18,0.96191386,132,1.20436719,,0,,0,4.417441655
Jamaal Williams,2017,RB,BYU,212,6,1,73,4.59,0.908292323,30,0.800178481,,0,123,0.92520564,7.25,0.872707026,4.53,0.896798122,4.403181592
Billy Brown,2017,TE,Shepherd,254,6,3,75,4.7,1.091884573,29,0.952137938,23,1.247314433,118,1.092575421,,0,,0,4.383912365
Budda Baker,2017,S,Washington,195,5,10,70,4.45,0.82632758,32.5,0.764579949,15,0.582877166,115,0.762965553,6.76,0.717713462,4.08,0.712410943,4.366874653
Obi Melifonwu,2017,S,Connecticut,224,6,4,76,4.4,1.042289931,44,1.29098495,17,0.823879437,141,1.166689158,,0,,0,4.323843476
Travis Rudolph,2017,WR,Florida State,189,6,1,73,4.65,0.799302772,31.5,0.749034998,12,0.471323444,114,0.764476174,6.93,0.743686065,4.46,0.78714962,4.314973073
Stanley Williams,2017,RB,Kentucky,190,5,7,67,4.51,0.760381374,36,0.789837586,18,0.652310006,121,0.748666176,6.86,0.679241581,4.18,0.680679158,4.311115881
Artavis Scott,2017,WR,Clemson,193,5,10,70,4.61,0.789467092,31,0.721811729,13,0.49997908,116,0.761706703,7.19,0.75553743,4.49,0.77596022,4.304462253
Marquel Lee,2017,ILB,Wake Forest,240,6,3,75,,1,31,0.961703266,25,1.281048716,118,1.032354728,,0,,0,4.275106711
Jeremy McNichols,2017,RB,Boise State,214,5,9,69,4.49,0.885923315,35.5,0.903437492,,0,121,0.868405716,6.93,0.795917115,4.28,0.808433684,4.262117321
Josh Reynolds,2017,WR,Texas A&M,194,6,3,75,4.52,0.867169843,37,0.927836834,,0,124,0.876918268,6.83,0.772957191,4.13,0.768689258,4.213571395
James Quick,2017,WR,Louisville,186,6,1,73,4.6,0.795165595,31,0.725444831,11,0.425188609,115,0.758941119,7,0.739274267,4.39,0.762496917,4.206511337
Keevan Lucas,2017,WR,Tulsa,192,5,9,69,4.55,0.784365586,32.5,0.742062649,11,0.414854816,119,0.766252174,7.23,0.745007014,4.43,0.750743901,4.203286141
Rodney Adams,2017,WR,South Florida,189,6,1,73,4.44,0.837107633,29.5,0.70147722,8,0.314215629,125,0.838241419,6.98,0.749051765,4.28,0.75538125,4.195474917
Travin Dural,2017,WR,LSU,202,6,1,73,4.57,0.869235866,30.5,0.77514145,,0,116,0.831393563,7.29,0.836129416,4.55,0.858268935,4.17016923
Michael Rector,2017,WR,Stanford,193,6,1,73,4.42,0.85869218,36.5,0.886298319,,0,129,0.883373401,6.77,0.74189182,4.19,0.755147796,4.125403517
Drew Morgan,2017,WR,Arkansas,190,6,1,73,4.74,0.788274953,30,0.717141092,10,0.394847682,112,0.755038196,6.85,0.738990367,4.12,0.730990014,4.125282305
Cooper Kupp,2017,WR,East. Washington,204,6,2,74,4.62,0.880236797,31,0.806548473,,0,116,0.851126897,6.75,0.79256959,4.08,0.787879531,4.118361287
Gabe Marks,2017,WR,Washington State,189,5,11,71,4.56,0.792747568,29.5,0.682258666,11,0.4202096,117,0.763098243,7.01,0.731661016,4.2,0.720953427,4.11092852
Shelton Gibson,2017,WR,West Virginia,191,5,11,71,4.5,0.81181825,32,0.747908702,8,0.308840918,118,0.777764582,6.83,0.720417352,4.2,0.728582564,4.095332367
Channing Stribling,2017,CB,Michigan,188,6,1,73,4.6,0.803715762,31.5,0.74507185,5,0.195345695,114,0.760431326,6.94,0.74081868,4.56,0.800540521,4.045923835
Matt Milano,2017,OLB,Boston Col.,223,6,1,73,4.67,0.939053748,35,0.981980039,24,1.112223576,126,0.996948461,,0,,0,4.030205823
Chris Carson,2017,RB,Oklahoma State,218,6,1,73,4.58,0.936038008,37,1.014817552,23,1.041982251,130,1.005534891,,0,,0,3.998372702
Josh Jones,2017,S,North Carolina State,220,6,1,73,4.41,0.981039648,37.5,1.037967369,20,0.914384106,132,1.030371674,,0,,0,3.963762797
Kevin King,2017,CB,Washington,200,6,3,75,4.43,0.912151845,39.5,1.021163414,11,0.469717862,,0,6.56,0.765361908,3.89,0.746412025,3.914807055
Sidney Jones,2017,CB,Washington,186,6,1,73,4.47,0.818291216,33.5,0.783948446,,0,123,0.811737023,7.02,0.741386479,4.28,0.743391071,3.898754236
Kermit Whitfield,2017,WR,Florida State,185,5,8,68,4.44,0.763268394,32.5,0.704645843,8,0.286499428,120,0.733730084,7.17,0.701570859,4.37,0.703233976,3.892948585
Trent Taylor,2017,WR,Louisiana Tech,181,5,8,68,4.63,0.716120497,33,0.700016569,13,0.455495375,117,0.699919008,6.74,0.645236801,4.01,0.63134919,3.84813744
Tanner Vallejo,2017,ILB,Boise State,228,6,1,73,4.67,0.960108765,33.5,0.960969063,,0,121,0.97885309,,0,4.39,0.93467364,3.834604558
Sojourn Shelton,2017,CB,Wisconsin,177,5,9,69,4.51,0.729500213,35,0.736711236,10,0.347676621,120,0.712324763,6.92,0.657355342,4.02,0.62803837,3.811606545
Riley Bullough,2017,ILB,Michigan State,226,6,2,74,,1,31.5,0.907940951,20,0.952189277,116,0.942915092,,0,,0,3.80304532
Ryan Switzer,2017,WR,North Carolina,181,5,8,68,4.51,0.735174701,32,0.678803946,11,0.385419163,116,0.693936795,6.77,0.648108774,4,0.629774753,3.771218132
Rayshawn Jenkins,2017,S,Miami (FL),214,6,1,73,4.51,0.93312473,37,0.996197046,19,0.844974039,128,0.971898791,,0,,0,3.746194607
Jermaine Eluemunor,2017,OG,Texas A&M,332,6,4,76,5.22,1.302149297,,0,34,2.442214046,,0,,0,,0,3.744363344
James Conner,2017,RB,Pittsburgh,233,6,1,73,4.65,0.985383841,29,0.850126729,20,0.968415894,113,0.934182363,,0,,0,3.738108827
Howard Wilson,2017,CB,Houston,184,6,1,73,4.57,0.791779204,33.5,0.775518893,,0,119,0.776894565,6.68,0.697893078,3.94,0.676978182,3.719063922
Javarius Leamon,2017,OT,South Carolina State,332,6,7,79,,1,23.5,1.062282261,22,1.64263468,,0,,0,,0,3.704916941
Noah Brown,2017,WR,Ohio State,222,6,2,74,,1,,0,19,0.888569551,,0,7.07,0.903391194,4.33,0.909934974,3.701895719
Speedy Noil,2017,WR,Texas A&M,199,5,11,71,,1,43.5,1.059272199,18,0.723997492,133,0.913350572,,0,,0,3.696620263
Jerod Evans,2017,QB,Virginia Tech,232,6,3,75,4.8,0.976534562,26.5,0.794697807,,0,112,0.947200045,,0,4.41,0.981579783,3.700012197
Isaiah McKenzie,2017,WR,Georgia,173,5,7,67,4.42,0.706444819,36,0.719167907,11,0.36296665,123,0.692947698,6.64,0.598633105,4.15,0.61532813,3.695488309
Jamal Carter,2017,S,Miami (FL),218,6,1,73,4.64,0.923934068,35,0.959962549,19,0.860767947,122,0.943655821,,0,,0,3.688320385
Jayon Brown,2017,ILB,UCLA,231,6,1,73,4.7,0.966532785,31.5,0.91548722,17,0.816087814,120,0.983536598,,0,,0,3.681644417
Victor Bolden Jr.,2017,WR,Oregon State,178,5,8,68,4.54,0.718212022,32,0.667553051,9,0.310116273,117,0.688318141,6.83,0.643015384,4.22,0.653400005,3.680614876
Amara Darboh,2017,WR,Michigan,214,6,2,74,4.45,0.958661067,36,0.982550511,17,0.766385971,124,0.954424584,,0,,0,3.662022132
Jarron Jones,2017,DT,Notre Dame,316,6,6,78,5.33,1.245759146,20.5,0.87084816,22,1.543680783,,0,,0,,0,3.660288089
Mike Williams,2017,WR,Clemson,218,6,4,76,,1,32.5,0.928026417,15,0.707480504,121,0.974383442,,0,,0,3.609890363
Jabrill Peppers,2017,S,Michigan,213,5,11,71,4.46,0.913445628,35.5,0.925280048,19,0.817983766,128,0.940854271,,0,,0,3.597563713
Jack Tocho,2017,CB,North Carolina State,202,6,1,73,4.54,0.874979715,35,0.889506582,21,0.881549404,125,0.895898236,,0,,0,3.541933937
Nate Gerry,2017,S,Nebraska,218,6,2,74,4.58,0.948860446,30.5,0.847998228,17,0.780710942,122,0.956582613,,0,,0,3.53415223
Pharaoh Brown,2017,TE,Oregon,255,6,6,78,,1,34,1.165522313,24,1.358936478,,0,,0,,0,3.524458791
Alvin Kamara,2017,RB,Tennessee,214,5,10,70,4.56,0.884965986,39.5,1.019801863,15,0.639670325,131,0.953800505,,0,,0,3.498238679
Kareem Hunt,2017,RB,Toledo,216,5,10,70,4.62,0.881636219,36.5,0.951155553,18,0.774778263,119,0.874526938,,0,,0,3.482096974
Cameron Sutton,2017,CB,Tennessee,188,5,11,71,4.52,0.795531482,34,0.782171535,11,0.417986269,120,0.77852378,6.81,0.707025463,,0,3.48123853
Josh Harvey-Clemons,2017,S,Louisville,217,6,4,76,,1,31.5,0.895345741,12,0.563388145,121,0.969913793,,0,,0,3.428647678
Aviante Collins,2017,OG,TCU,295,6,4,76,4.81,1.255654449,,0,34,2.170039589,,0,,0,,0,3.425694038
JuJu Smith-Schuster,2017,WR,USC,215,6,1,73,4.54,0.931290291,32.5,0.879126908,15,0.670201987,120,0.915412851,,0,,0,3.396032036
Marlon Mack,2017,RB,South Florida,213,5,11,71,4.5,0.905326111,35.5,0.925280048,15,0.645776658,125,0.918802999,,0,,0,3.395185815
Corey Clement,2017,RB,Wisconsin,220,5,10,70,4.68,0.886450472,28.5,0.756436494,19,0.832966343,115,0.86078165,,0,,0,3.336634959
Michael Tyson,2017,S,Cincinnati,204,6,1,73,4.56,0.879767254,33,0.846981373,17,0.720700927,118,0.854101479,,0,,0,3.301551033
DeAngelo Henderson,2017,RB,Coastal Carolina,208,5,7,67,4.48,0.837991728,34,0.816627399,20,0.793453107,120,0.812818955,,0,,0,3.260891188
Jesus Wilson,2017,WR,Florida State,189,5,9,69,4.57,0.768730837,26.35,0.592240914,10,0.371247918,119,0.754279484,,0,4.57,0.762368357,3.24886751
Ashton Lampkin,2017,CB,Oklahoma State,189,6,1,73,4.52,0.822291569,34.5,0.820371664,19,0.746262119,120,0.804711762,,0,,0,3.193637114
Jeremy Sprinkle,2017,TE,Arkansas,252,6,5,77,4.69,1.114546086,29,0.96983121,,0,116,1.094016051,,0,,0,3.178393348
Nate Hairston,2017,CB,Temple,196,6,1,73,4.52,0.852746812,35.5,0.875415389,14,0.570243179,118,0.820607303,,0,,0,3.119012683
T.J. Logan,2017,RB,North Carolina,196,5,9,69,4.37,0.833687583,33.5,0.780830666,17,0.654496329,121,0.795362244,,0,,0,3.064376822
Treston DeCoud,2017,CB,Oregon State,206,6,2,74,4.62,0.888866569,31,0.814455811,11,0.477358606,116,0.859471279,,0,,0,3.040152265
Matthew Dayes,2017,RB,North Carolina State,205,5,9,69,4.47,0.852462016,28,0.682602501,18,0.724817363,109,0.749383089,,0,,0,3.00926497
Arthur Maulet,2017,CB,Memphis,189,5,10,70,4.62,0.771431692,34.5,0.78665776,18,0.67793098,120,0.771641416,,0,,0,3.007661849
Noel Thomas,2017,WR,Connecticut,205,6,1,73,4.63,0.87071362,32.5,0.838237285,9,0.383417881,118,0.858288251,,0,,0,2.950657036
Stacy Coley,2017,WR,Miami (FL),195,6,1,73,4.45,0.861741619,34,0.834148322,10,0.40523841,122,0.844095803,,0,,0,2.945224155
Colin Holba,2017,LS,Louisville,248,6,4,76,5.19,0.978312321,28,0.909557578,,0,115,1.053507307,,0,,0,2.941377207
Ezra Robinson,2017,CB,Tennessee State,189,5,11,71,4.47,0.808708928,34,0.786332022,13,0.496611345,130,0.847886936,,0,,0,2.939539232
Marlon Humphrey,2017,CB,Alabama,197,6,1,73,4.41,0.878476412,,0,10,0.409394702,125,0.873722537,6.75,0.755030689,,0,2.916624339
Jourdan Lewis,2017,CB,Michigan,188,5,10,70,4.54,0.780871629,34.5,0.78249555,15,0.56195337,121,0.773954979,,0,,0,2.899275529
Montae Nicholson,2017,S,Michigan State,212,6,2,74,4.42,0.956147556,35,0.946329802,,0,125,0.953129766,,0,,0,2.855607124
Teez Tabor,2017,CB,Florida,199,6,1,73,4.62,0.84705882,31,0.776147964,9,0.372195894,120,0.847289104,,0,,0,2.842691782
K.D. Cannon,2017,WR,Baylor,182,5,11,71,4.41,0.789352075,37,0.824021139,13,0.478218332,119,0.747396633,,0,,0,2.83898818
J.J. Dielman,2017,OT,Utah,309,6,5,77,,1,,0,27,1.828799526,,0,,0,,0,2.828799526
C.J. Beathard,2017,QB,Iowa,219,6,2,74,,1,31,0.865853507,,0,113,0.890079333,,0,,0,2.75593284
Rushel Shell III,2017,RB,West Virginia,227,5,10,70,4.74,0.903077794,32.5,0.890049479,21,0.949940324,,0,,0,,0,2.743067598
Ryan Ramczyk,2017,OT,Wisconsin,310,6,6,78,,1,,0,25,1.720875442,,0,,0,,0,2.720875442
Marshon Lattimore,2017,CB,Ohio State,193,6,1,73,4.36,0.870509045,38.5,0.934862611,,0,132,0.903916969,,0,,0,2.709288624
Jamari Staples,2017,WR,Louisville,195,6,3,75,4.51,0.873572474,36,0.907413566,,0,130,0.924088713,,0,,0,2.705074753
Damontae Kazee,2017,CB,San Diego State,184,5,10,70,4.54,0.76425734,34,0.754747481,11,0.403331071,124,0.776268542,,0,,0,2.698604434
Jahad Thomas,2017,RB,Temple,190,5,10,70,4.62,0.775513341,32,0.733514176,11,0.416483171,116,0.749866702,,0,,0,2.67537739
Carlos Watkins,2017,DT,Clemson,309,6,3,75,,1,,0,25,1.649350222,,0,,0,,0,2.649350222
ArDarius Stewart,2017,WR,Alabama,204,5,11,71,4.49,0.869004015,34,0.848739326,,0,124,0.872940494,,0,,0,2.590683835
Bradley Northnagel,2017,LS,California,243,6,2,74,5.3,0.913990605,25.5,0.790287415,,0,99,0.865261991,,0,,0,2.569540011
John Ross,2017,WR,Washington,188,5,11,71,4.22,0.852085853,37,0.851186671,,0,133,0.862863857,,0,,0,2.566136381
Marquez White,2017,CB,Florida State,194,6,1,73,4.59,0.831173163,36,0.878686559,,0,123,0.846650444,,0,,0,2.556510166
Tyler Orlosky,2017,C,West Virginia,298,6,3,75,,1,,0,24,1.527010069,,0,,0,,0,2.527010069
Chris Wormley,2017,DT,Michigan,298,6,5,77,,1,,0,23,1.50240824,,0,,0,,0,2.50240824
Chunky Clements,2017,DT,Illinois,301,6,2,74,,1,,0,23,1.458408487,,0,,0,,0,2.458408487
Tarik Cohen,2017,RB,North Carolina A&T,179,5,6,66,4.42,0.720036157,31.5,0.641378522,11,0.369949788,118,0.67756882,,0,,0,2.408933287
Davon Gaudchaux,2017,DT,LSU,310,6,3,75,5.27,1.188480198,,0,18,1.191375306,,0,,0,,0,2.379855504
Adoree Jackson,2017,CB,USC,186,5,10,70,4.42,0.793539086,36,0.807830744,,0,122,0.772049692,,0,,0,2.373419521
Joe Mathis,2017,DE,Washington,266,6,2,74,,1,,0,24,1.344862023,,0,,0,,0,2.344862023
Donnel Pumphrey,2017,RB,San Diego State,176,5,8,68,4.48,0.719653057,33.5,0.690992414,5,0.170351011,117,0.680584229,,0,,0,2.261580712
DeMarcus Walker,2017,DE,Florida State,280,6,4,76,,1,,0,18,1.090428667,,0,,0,,0,2.090428667
Cole Hikutini,2017,TE,Louisville,247,6,4,76,,1,,0,20,1.068793178,,0,,0,,0,2.068793178
Kendell Beckwith,2017,ILB,LSU,243,6,2,74,,1,,0,20,1.023814134,,0,,0,,0,2.023814134
Cethan Carter,2017,TE,Nebraska,241,6,3,75,4.68,1.040428071,,0,19,0.977653678,,0,,0,,0,2.018081749
Jeremy Clark,2017,CB,Michigan,220,6,3,75,,1,,0,20,0.939435725,,0,,0,,0,1.939435725
Justin Vogel,2017,P,Miami (FL),219,6,4,76,4.7,0.953980411,34,0.975311885,,0,,0,,0,,0,1.929292296
Justin Davis,2017,RB,USC,208,6,1,73,,1,,0,21,0.907734039,,0,,0,,0,1.907734039
Leonard Fournette,2017,RB,LSU,240,6,1,73,4.51,1.046495025,28.5,0.86056931,,0,,0,,0,,0,1.907064335
D'Onta Foreman,2017,RB,Texas,233,6,1,73,,1,,0,18,0.871574304,,0,,0,,0,1.871574304
Elijah Hood,2017,RB,North Carolina,232,6,1,73,,1,,0,18,0.867833642,,0,,0,,0,1.867833642
Johnathan Ford,2017,S,Auburn,205,5,11,71,,1,,0,20,0.82869618,,0,,0,,0,1.82869618
Keon Hatcher,2017,WR,Arkansas,212,6,1,73,4.64,0.89850469,,0,16,0.70490702,,0,,0,,0,1.60341171
Justin Evans,2017,S,Texas A&M,199,6,1,73,,1,,0,14,0.578971391,,0,,0,,0,1.578971391
William Likely,2017,CB,Maryland,180,5,7,67,,1,,0,15,0.514981584,,0,,0,,0,1.514981584
Eddie Jackson,2017,S,Alabama,201,6,1,73,,1,,0,10,0.417707285,,0,,0,,0,1.417707285
Greg Ward Jr.,2017,WR,Houston,186,5,11,71,,1,,0,10,0.375945096,,0,,0,,0,1.375945096
Ryan Anderson,2017,OLB,Alabama,253,6,2,74,4.78,1.055125095,,0,,0,,0,,0,,0,1.055125095
Toby Baker,2017,P,Arkansas,210,6,3,75,,1,,0,,0,,0,,0,,0,1
Harrison Butker,2017,K,Georgia Tech,199,6,4,76,,1,,0,,0,,0,,0,,0,1
Jake Butt,2017,TE,Michigan,246,6,5,77,,1,,0,,0,,0,,0,,0,1
Corey Davis,2017,WR,West. Michigan,209,6,3,75,,1,,0,,0,,0,,0,,0,1
Jarrad Davis,2017,ILB,Florida,238,6,1,73,,1,,0,,0,,0,,0,,0,1
Keionta Davis,2017,DE,Tenn-Chattanooga,271,6,3,75,,1,,0,,0,,0,,0,,0,1
Reuben Foster,2017,ILB,Alabama,229,6,1,73,,1,,0,,0,,0,,0,,0,1
Zane Gonzalez,2017,K,Arizona State,202,6,1,73,,1,,0,,0,,0,,0,,0,1
Treyvon Hester,2017,DT,Toledo,300,6,2,74,,1,,0,,0,,0,,0,,0,1
Malik Hooker,2017,S,Ohio State,206,6,1,73,,1,,0,,0,,0,,0,,0,1
Hayden Hunt,2017,P,Colorado State,212,6,1,73,,1,,0,,0,,0,,0,,0,1
Roderick Johnson,2017,OT,Florida State,298,6,7,79,,1,,0,,0,,0,,0,,0,1
Brad Kaaya,2017,QB,Miami (FL),214,6,4,76,,1,,0,,0,,0,,0,,0,1
Marcus Maye,2017,S,Florida,210,6,1,73,,1,,0,,0,,0,,0,,0,1
Jalen Reeves-Maybin,2017,OLB,Tennessee,230,6,1,73,,1,,0,,0,,0,,0,,0,1
Austin Rehkow,2017,P,Idaho,214,6,3,75,,1,,0,,0,,0,,0,,0,1
Seth Russell,2017,QB,Baylor,213,6,3,75,,1,,0,,0,,0,,0,,0,1
Conrad Ukropina,2017,K,Stanford,190,6,1,73,,1,,0,,0,,0,,0,,0,1
Dede Westbrook,2017,WR,Oklahoma,178,6,1,73,,1,,0,,0,,0,,0,,0,1
Mack Hollins,2017,WR,North Carolina,221,6,4,76,4.53,0.998820097,,0,,0,,0,,0,,0,0.998820097
Corn Elder,2017,CB,Miami (FL),183,5,10,70,4.55,0.758433209,,0,,0,,0,,0,,0,0.758433209
Cameron Johnston,2017,P,Ohio State,194,5,11,71,4.92,0.754179258,,0,,0,,0,,0,,0,0.754179258
Jake Elliott,2017,K,Memphis,167,5,9,69,4.79,0.648051703,,0,,0,,0,,0,,0,0.648051703
Stephane Nembot,2016,OT,Colorado,322,6,7,79,5.39,1.271375405,26.5,1.161811655,32,2.317320337,103,1.273487324,8.55,1.691690158,5.15,1.675822277,9.391507157
Dominique Robertson,2016,OT,West Georgia,324,6,5,77,5.36,1.253864347,28.5,1.22542712,30,2.130640224,100,1.212579367,8.42,1.6338778,4.83,1.541418735,8.997807594
D.J. Reader,2016,DT,Clemson,327,6,3,75,5.33,1.23954248,29.5,1.246918086,30,2.09451465,99,1.180099563,7.9,1.506981262,4.71,1.477636773,8.745692814
Halapoulivaati Vaitai,2016,OT,TCU,320,6,6,78,5.26,1.278316648,29,1.247525613,23,1.634276548,113,1.370873759,8.26,1.603601203,5,1.596439088,8.731032859
Connor McGovern,2016,OG,Missouri,306,6,4,76,5.11,1.226009193,33,1.322683241,33,2.184751722,109,1.232071624,7.5,1.35665065,4.65,1.38332982,8.705496249
Jason Spriggs,2016,OT,Indiana,301,6,6,78,4.94,1.280305931,31.5,1.274613589,31,2.071934032,115,1.312300751,7.7,1.40612383,4.44,1.333465659,8.678743792
Spencer Drango,2016,OT,Baylor,315,6,6,78,5.27,1.255955203,27,1.143341093,30,2.098357797,100,1.194206953,7.88,1.505924223,4.66,1.464633085,8.662418353
Vernon Butler,2016,DT,Louisiana Tech,323,6,4,76,5.33,1.240704946,29.5,1.248087469,26,1.816948402,104,1.240863165,7.82,1.493119656,4.76,1.494723404,8.534447041
Alex Lewis,2016,OT,Nebraska,312,6,6,78,5.22,1.255909373,29.5,1.237308809,27,1.870536093,100,1.182833553,7.94,1.502939311,4.72,1.469362536,8.518889675
Dean Lowry,2016,DE,Northwestern,296,6,6,78,4.87,1.277135452,32.5,1.293232371,30,1.971790183,114,1.279279981,7.26,1.303751075,4.38,1.293594593,8.418783654
Javon Hargrave,2016,DT,South Carolina State,309,6,1,73,4.93,1.232576911,34.5,1.341242563,29,1.862226357,109,1.195039544,7.9,1.386054081,4.7,1.356178842,8.373318298
Joshua Garnett,2016,OG,Stanford,312,6,4,76,5.32,1.200704566,29,1.185149333,30,2.02508181,99,1.140979443,7.62,1.405383669,4.64,1.4074207,8.36471952
Andrew Billings,2016,DT,Baylor,311,6,1,73,5.05,1.211076227,27.5,1.076026173,31,2.003540264,113,1.246912939,8.05,1.421513127,4.82,1.399806657,8.358875387
Vadal Alexander,2016,OT,LSU,326,6,5,77,5.57,1.214039279,24,1.038308619,25,1.786493604,95,1.159061204,8.04,1.56977034,4.9,1.573410965,8.34108401
Joe Dahl,2016,OT,Washington State,304,6,4,76,5.18,1.201536655,31,1.23439957,28,1.84161286,109,1.224018869,7.64,1.37294228,4.77,1.409753957,8.28426419
Jack Conklin,2016,OT,Michigan State,308,6,6,78,5,1.294359522,30,1.242148348,25,1.709773019,103,1.202699091,7.63,1.425744162,4.57,1.404427376,8.279151519
Joe Thuney,2016,OT,North Carolina State,304,6,5,77,4.95,1.273909915,28.5,1.149783471,28,1.865844608,110,1.251501668,7.47,1.360055577,4.54,1.359433378,8.260528616
Darrell Greene,2016,OG,San Diego State,321,6,3,75,5.2,1.247218546,21.5,0.892096115,28,1.919010976,98,1.146744882,8.07,1.511163918,4.98,1.533675238,8.249909675
Matt Ioannidis,2016,DT,Temple,299,6,3,75,5.03,1.201002951,28,1.082174697,32,2.042845686,108,1.177146853,7.78,1.35701233,4.71,1.3511113,8.211293817
Ryan Kelly,2016,C,Alabama,311,6,4,76,5.03,1.265859789,30,1.222087011,26,1.749445675,103,1.18327488,7.58,1.393525537,4.59,1.387792174,8.201985066
Alex Redmond,2016,OG,UCLA,294,6,5,77,5.3,1.150646164,28,1.092453547,30,1.933358722,111,1.221336885,7.75,1.36461928,4.9,1.418965717,8.181380316
Chris Jones,2016,DT,Mississippi State,310,6,6,78,5.03,1.294994487,24.5,1.021008301,26,1.789710459,106,1.245766364,7.44,1.399268241,4.62,1.429012538,8.17976039
Tyler Marz,2016,OT,Wisconsin,316,6,7,79,5.54,1.213903091,27.5,1.18318801,19,1.350270895,99,1.201223465,8.38,1.627158793,4.97,1.587114758,8.162859011
Hassan Ridgeway,2016,DT,Texas,303,6,3,75,5.02,1.219494322,32,1.253316515,24,1.552631044,113,1.248121241,8.28,1.46354464,4.82,1.401163119,8.138270881
Denver Kirkland,2016,OT,Arkansas,335,6,4,76,5.55,1.235790989,22.5,0.987296982,19,1.377098902,94,1.163216869,8.72,1.726818247,5.06,1.647960066,8.138182055
Pearce Slater,2016,OT,San Diego State,329,6,7,79,5.42,1.291823887,23,1.030285808,17,1.25783896,92,1.162211733,8.36,1.690055675,5.12,1.702278906,8.134494967
Vincent Valentine,2016,DT,Nebraska,329,6,4,76,5.19,1.297841749,29,1.249724777,17,1.210072923,110,1.336831327,8.03,1.561697016,4.59,1.468114551,8.124282343
Christian Westerman,2016,OG,Arizona State,298,6,3,75,5.12,1.175945446,26.35,1.014997656,34,2.163264265,98,1.06457936,7.69,1.336828243,4.71,1.346592533,8.102207502
Willie Henry,2016,DT,Michigan,303,6,3,75,5,1.2243723,30.5,1.194567303,28,1.811402884,110,1.214985279,7.57,1.338047455,4.53,1.316860774,8.100235995
Shawn Oakman,2016,DE,Baylor,287,6,8,80,4.96,1.247009653,32,1.266277104,23,1.503324902,123,1.372623513,7.53,1.344740872,4.56,1.339289591,8.073265634
Taylor Decker,2016,OT,Ohio State,310,6,7,79,5.23,1.261440308,29,1.224034546,20,1.394350358,101,1.202221797,7.7,1.466733648,4.76,1.491191794,8.039972451
Joel Heath,2016,DT,Michigan State,293,6,5,77,5.02,1.210693571,33,1.283155168,26,1.669878316,113,1.239113897,7.44,1.305578609,4.52,1.304471357,8.012890919
Willie Beavers,2016,OT,West. Michigan,321,6,5,77,5.28,1.26107653,25.5,1.086282618,20,1.407274716,103,1.237392334,7.96,1.530314066,4.71,1.489204816,8.01154508
Sheldon Rankins,2016,DT,Louisville,299,6,1,73,5.03,1.168976206,34.5,1.297836654,28,1.739823576,118,1.251844814,7.44,1.26310289,4.59,1.2815764,8.00316054
Austin Johnson,2016,DT,Penn State,314,6,4,76,5.32,1.20840139,26,1.069358881,25,1.69838592,96,1.113496644,7.84,1.455228019,4.75,1.450022086,7.994892938
Maliek Collins,2016,DT,Nebraska,311,6,2,74,5.03,1.232547689,29.5,1.170094713,25,1.637891953,109,1.21925079,7.53,1.34790359,4.52,1.330663704,7.938352437
Graham Glasgow,2016,C,Michigan,307,6,6,78,5.13,1.257463017,25,1.031762832,23,1.567884064,106,1.233710561,7.63,1.421115123,4.63,1.418246552,7.930182149
Jerald Hawkins,2016,OT,LSU,305,6,6,78,5.23,1.225384439,23.5,0.963538775,23,1.557669835,100,1.156295621,8.19,1.515479579,4.89,1.488130673,7.906498923
Nick Martin,2016,C,Notre Dame,299,6,4,76,5.22,1.172718795,28,1.096603693,28,1.811323175,97,1.071348963,7.57,1.337988575,4.72,1.372032966,7.862016167
Tyler Johnstone,2016,OT,Oregon,301,6,5,77,5.21,1.198392564,30.5,1.218327234,24,1.583512858,104,1.171561251,7.31,1.31779041,4.6,1.3638067,7.853391016
Matt Skura,2016,C,Duke,305,6,3,75,5.39,1.143278261,24,0.946191923,27,1.758239363,103,1.145177394,7.89,1.40381491,4.76,1.392854728,7.789556579
Ronald Blair,2016,DE,Appalachian State,284,6,2,74,5.15,1.099315721,30,1.086621282,32,1.914490298,113,1.15425813,7.95,1.299537851,4.53,1.217828208,7.772051489
A'Shawn Robinson,2016,DT,Alabama,307,6,4,76,5.2,1.208727025,26,1.04551967,22,1.461260956,106,1.202076956,7.8,1.415527514,4.74,1.414712128,7.747824249
Cole Toner,2016,OT,Harvard,306,6,5,77,5.32,1.193109015,26,1.055826096,22,1.475665637,103,1.179570262,7.88,1.444142716,4.59,1.38344725,7.731760976
Matt Judon,2016,DE,Grand Valley State,275,6,3,75,4.73,1.174660661,35,1.24413897,30,1.761441984,109,1.09268478,7.67,1.230441771,4.52,1.192532323,7.69590049
Sebastian Tretola,2016,OG,Arkansas,314,6,4,76,5.45,1.179577136,23.5,0.966535911,22,1.494579609,90,1.043903103,7.94,1.473789601,5.02,1.532444394,7.690829755
Ufomba Kamalu,2016,DE,Miami (FL),295,6,5,77,5.01,1.221390741,25,0.978722657,26,1.681276802,106,1.170288791,7.32,1.293288951,4.58,1.330809788,7.675777729
Jake Brendel,2016,C,UCLA,303,6,3,75,5.01,1.221928443,28,1.09665195,25,1.617324004,108,1.192894637,7.31,1.292090739,4.27,1.24127936,7.662169134
Mehdi Abdesmad,2016,DE,Boston Col.,284,6,6,78,5.1,1.170098371,29.5,1.126268275,25,1.576543953,108,1.16281637,7.55,1.300863233,4.62,1.309159874,7.645750076
Chris Mayes,2016,DL,Georgia,338,6,3,75,5.34,1.278840303,23.5,1.026721646,33,2.381469563,104,1.281403016,,0,5.13,1.663539418,7.631973945
Austin Blythe,2016,C,Iowa,298,6,2,74,5.36,1.108313956,27.5,1.045171526,29,1.820535338,99,1.061103183,7.52,1.289845133,4.53,1.277861992,7.60283113
Bronson Kaufusi,2016,DE,BYU,285,6,6,78,4.87,1.229674337,30,1.149390517,25,1.582095164,111,1.199324983,7.03,1.215532381,4.25,1.208554278,7.584571659
Anthony Zettel,2016,DT,Penn State,277,6,4,76,4.81,1.179038246,30.5,1.10662402,28,1.67804856,109,1.115306667,7.63,1.249365889,4.39,1.182212777,7.510596158
Adolphus Washington,2016,DT,Ohio State,301,6,3,75,5.17,1.176296552,27,1.050505705,21,1.349584822,99,1.086269017,8.06,1.415254504,4.79,1.383251149,7.461161749
Evan Boehm,2016,C,Missouri,302,6,2,74,5.33,1.129512552,28.5,1.097717063,24,1.526873424,96,1.042759931,7.52,1.307158491,4.69,1.340754529,7.44477599
Connor Wujciak,2016,DT,Boston Col.,291,6,2,74,4.91,1.181470343,34.5,1.280414831,22,1.348653927,117,1.22457393,7.32,1.226048174,4.27,1.176224851,7.437386055
Fahn Cooper,2016,OT,Mississippi,303,6,4,76,5.17,1.199900642,25,0.992208908,19,1.245555126,102,1.141644349,7.85,1.406039827,4.89,1.440465454,7.425814305
Giorgio Newberry,2016,DE,Florida State,285,6,5,77,4.94,1.196708138,30,1.134654741,20,1.249449514,114,1.215947643,7.53,1.285293485,4.78,1.341841591,7.423895113
Jonathan Bullard,2016,DE,Florida,285,6,3,75,4.93,1.16798916,32,1.178862068,23,1.399545722,116,1.205142914,7.31,1.215332874,4.56,1.246834278,7.413707015
Jihad Ward,2016,DT,Illinois,297,6,5,77,5.11,1.205607337,25,0.985358064,20,1.302057915,111,1.233799506,7.38,1.31272961,4.63,1.354459217,7.394011649
Nila Kasitati,2016,OG,Oklahoma,317,6,3,75,5.32,1.203894697,27.5,1.126834439,12,0.812184886,107,1.236456216,8.3,1.534865636,4.83,1.468944622,7.383180496
Germain Ifedi,2016,OT,Texas A&M,324,6,6,78,5.27,1.291839637,32.5,1.415565163,24,1.726648701,109,1.338876595,,0,4.75,1.535574847,7.308504943
Carl Nassib,2016,DE,Penn State,277,6,7,79,4.84,1.217982663,28.5,1.07487661,21,1.308215489,114,1.212512294,7.27,1.237408276,4.37,1.223280533,7.274275865
Emmanuel Ogbah,2016,DE,Oklahoma State,273,6,4,76,4.63,1.207187851,35.5,1.269437971,20,1.181297723,121,1.220214126,7.26,1.171614141,4.5,1.194335992,7.244087805
Sterling Bailey,2016,DE,Georgia,285,6,4,76,5.23,1.115671583,30,1.119918965,20,1.233222897,111,1.16857306,7.46,1.256808255,4.73,1.310561363,7.204756123
Romeo Okwara,2016,DE,Notre Dame,265,6,5,77,4.9,1.121812118,33,1.160532831,23,1.336034174,120,1.190124194,7.38,1.171290729,4.53,1.182422182,7.162216228
Jack Allen,2016,C,Michigan State,294,6,1,73,5.29,1.092934478,26.5,0.980218639,23,1.405242119,101,1.053576325,7.9,1.318769902,4.73,1.298581162,7.149322626
Cody Whitehair,2016,OT,Kansas State,301,6,4,76,5.02,1.227597453,25.5,1.005372867,16,1.041965171,110,1.223058448,7.32,1.30245556,4.58,1.340242338,7.140691837
Joey Bosa,2016,DE,Ohio State,269,6,5,77,4.86,1.148117519,32,1.142351814,24,1.415165976,120,1.208088333,6.89,1.110028098,4.21,1.115482775,7.139234514
Sheldon Day,2016,DT,Notre Dame,293,6,1,73,5.07,1.136480868,30,1.105907052,21,1.278683046,102,1.0603887,7.44,1.237756344,4.5,1.231234458,7.050450468
Branden Jackson,2016,DE,Texas Tech,273,6,4,76,5.06,1.104600742,31.5,1.126402706,20,1.181297723,113,1.139538812,7.4,1.194207252,4.77,1.265996152,7.012043386
Jason Fanaika,2016,DE,Utah,271,6,2,74,4.92,1.098033312,35.5,1.226976531,23,1.31305216,113,1.10142237,7.06,1.101228536,4.39,1.126168299,6.966881208
Kenny Clark,2016,DT,UCLA,314,6,3,75,5.06,1.253776145,28.5,1.156758405,29,1.944204934,102,1.167523208,,0,4.62,1.391780202,6.914042894
Beau Sandland,2016,TE,Montana State,253,6,4,76,4.74,1.092786647,35,1.159869291,23,1.25896913,124,1.158858038,7.1,1.061852532,4.33,1.065024938,6.797360576
Yannick Ngakoue,2016,DE,Maryland,252,6,2,74,4.75,1.057592248,34.5,1.108812843,26,1.380253128,118,1.069519499,7.35,1.066083801,4.5,1.073451783,6.755713302
Caleb Benenoch,2016,OT,UCLA,311,6,5,77,4.98,1.295392503,28,1.15562263,,0,104,1.210483551,8.15,1.518030397,5.11,1.565343959,6.74487304
Derrick Henry,2016,RB,Alabama,247,6,3,75,4.54,1.099213293,37,1.181318031,22,1.16020312,130,1.17051237,7.2,1.037438732,4.38,1.037934851,6.686620397
John Theus,2016,OT,Georgia,313,6,6,78,5.22,1.259934724,28,1.178158887,,0,103,1.222223427,7.9,1.500160674,4.78,1.492810235,6.653287947
Noah Spence,2016,DE,East. Kentucky,251,6,2,74,4.8,1.042422584,35,1.120418775,25,1.321899936,121,1.092358646,7.21,1.041627533,4.35,1.033552318,6.652279792
Shilique Calhoun,2016,DE,Michigan State,251,6,4,76,4.82,1.06615386,35,1.150700363,23,1.249016804,115,1.066251347,6.97,1.034169766,4.25,1.037084184,6.603376324
Dan Vitale,2016,FB,Northwestern,239,6,1,73,4.6,1.021745038,38.5,1.157679606,30,1.490030463,123,1.043038433,7.12,0.966212162,4.12,0.919508492,6.598214194
B.J. Goodson,2016,OLB,Clemson,242,6,1,73,4.69,1.014717128,34.5,1.050422978,30,1.508733774,118,1.013198813,7.05,0.968721833,4.51,1.019183855,6.574978381
Bryce Williams,2016,TE,East Carolina,257,6,6,78,4.94,1.093151576,29.5,1.019193474,19,1.084262552,111,1.081496563,7.19,1.121058721,4.53,1.161618969,6.560781855
Austin Hooper,2016,TE,Stanford,254,6,4,76,4.72,1.101754716,33,1.09791354,19,1.04412872,117,1.097760525,7,1.051034795,4.32,1.066765159,6.459357454
Deforest Buckner,2016,DE,Oregon,291,6,7,79,5.05,1.226332704,32,1.267876495,,0,116,1.296141775,7.51,1.342863168,4.47,1.314514469,6.447728611
Quinton Jefferson,2016,DT,Maryland,291,6,4,76,4.95,1.203596705,29,1.105379666,24,1.511022581,,0,7.95,1.367557057,4.37,1.236305455,6.423861465
Andy Janovich,2016,FB,Nebraska,238,6,1,73,4.81,0.973048189,34,1.018088722,30,1.483796026,119,1.004896231,7.28,0.983791218,4.32,0.960110748,6.423731133
Nick Vannett,2016,TE,Ohio State,257,6,6,78,4.76,1.13448924,30.5,1.053742405,17,0.970129652,111,1.081496563,7.05,1.099230039,4.2,1.076997719,6.416085619
Ben Braunecker,2016,TE,Harvard,250,6,3,75,4.73,1.067873328,35.5,1.147193076,20,1.067540597,121,1.102709412,6.9,1.006287569,4.2,1.007368415,6.398972396
Devaunte Sigler,2016,DT,Jacksonville State,298,6,3,75,5.15,1.169095278,25,0.962995878,23,1.46338465,,0,7.9,1.373334606,4.97,1.420926728,6.38973714
Jarran Reed,2016,DT,Alabama,307,6,3,75,5.21,1.190533235,31,1.230178761,,0,104,1.163877887,7.77,1.391529452,4.75,1.399042848,6.375162183
Joe Haeg,2016,OT,North Dakota State,304,6,6,78,5.16,1.237935715,27.5,1.123848505,,0,111,1.279279981,7.47,1.377718636,4.47,1.355855717,6.374638555
Darius Latham,2016,DT,Indiana,311,6,4,76,5.32,1.196856153,29,1.181350777,,0,100,1.148810563,7.76,1.426617173,4.63,1.399886223,6.35352089
D.J. Pettway,2016,DE,Alabama,265,6,2,74,4.99,1.05866037,28,0.946329802,17,0.949029356,108,1.029380147,7.74,1.180566076,4.69,1.176489901,6.340455652
Ryan Malleck,2016,TE,Virginia Tech,247,6,4,76,4.77,1.060160879,34.5,1.116185902,18,0.96191386,121,1.104003257,7,1.022069269,4.33,1.03976743,6.304100597
James Cowser,2016,DE,Southern Utah,248,6,3,75,4.82,1.039550314,31.5,1.00978843,21,1.111950285,111,1.003483791,6.8,0.983770062,4.31,1.025481858,6.17402474
Temarrick Hemingway,2016,TE,South Carolina State,244,6,5,77,4.71,1.074581235,30.5,0.987614103,18,0.962733731,115,1.050153613,6.88,1.005404292,4.31,1.035846944,6.116333917
Joe Schobert,2016,OLB,Wisconsin,244,6,1,73,4.76,1.008057585,33.5,1.028405488,22,1.115548609,111,0.960970607,7.11,0.985040376,4.3,0.979758205,6.07778087
Isaac Seumalo,2016,OG,Oregon State,303,6,4,76,5.19,1.195276747,26,1.031897264,,0,105,1.175222124,7.4,1.325438818,4.52,1.33147318,6.059308133
Devante Bond,2016,OLB,Oklahoma,235,6,1,73,4.7,0.983269284,37.5,1.108737872,21,1.0255649,121,1.008905598,7.07,0.943369609,4.36,0.956786368,6.02663363
Nick Kwiatkoski,2016,ILB,West Virginia,243,6,2,74,4.73,1.024133236,32,0.991733226,19,0.972623427,120,1.048802414,7.16,1.001434988,4.22,0.970707112,6.009434403
Steve Longa,2016,ILB,Rutgers,241,6,1,73,4.78,0.991497478,32,0.970279315,19,0.951582914,116,0.991910142,7.5,1.026296649,4.56,1.026224816,5.957791315
Tyler Matakevich,2016,OLB,Temple,238,6,1,73,4.81,0.973048189,31,0.928257364,22,1.088117086,112,0.945784688,7.19,0.971628964,4.5,1.000115362,5.906951653
Dadi Nicolas,2016,DE,Virginia Tech,235,6,3,75,4.74,1.001683205,41,1.245431582,14,0.702441713,116,0.993714332,7.04,0.965102698,4.38,0.987508866,5.895882396
Glenn Gronkowski,2016,FB,Kansas State,239,6,2,74,4.71,1.011552253,33,1.005889912,17,0.855917042,120,1.031538177,7.1,0.976696686,4.45,1.006763354,5.888357424
Blake Martinez,2016,ILB,Stanford,237,6,2,74,4.71,1.00308738,28.5,0.861453456,22,1.09838825,113,0.963236538,6.98,0.952154081,4.2,0.94225212,5.820571826
Darron Lee,2016,OLB,Ohio State,232,6,1,73,4.47,1.020664312,35.5,1.03620597,17,0.819620662,133,1.094805385,7.12,0.937913061,4.2,0.909908878,5.819118268
Miles Killebrew,2016,S,Southern Utah,217,6,2,74,4.65,0.930289477,38,1.05167595,22,1.005697258,127,0.991218989,6.93,0.865558515,4.18,0.858628901,5.703069091
Daniel Lasco,2016,RB,California,209,6,1,73,4.46,0.921539373,41.5,1.091249694,23,0.998964635,135,1.001099752,7.22,0.856797299,4.26,0.831412429,5.701063183
Kentrell Brothers,2016,OLB,Missouri,245,6,1,73,4.89,0.985280059,28.5,0.878497837,19,0.967376821,110,0.956216137,6.99,0.972384137,4.11,0.940304541,5.700059532
Shaq Lawson,2016,DE,Clemson,269,6,3,75,4.7,1.156365946,33,1.147451599,,0,120,1.176709415,7.16,1.123565281,4.21,1.086509196,5.690601436
Devon Cajuste,2016,WR,Stanford,234,6,4,76,4.62,1.036972125,36,1.103414896,12,0.607524543,123,1.06318539,6.49,0.897730316,4.2,0.955468794,5.664296064
Montese Overton,2016,OLB,East Carolina,223,6,2,74,4.61,0.96430688,34,0.966990911,18,0.845594636,123,0.986543258,7.15,0.917728818,4.47,0.943586835,5.624751339
Steven Daniels,2016,ILB,Boston Col.,243,5,11,71,4.86,0.956330399,32,0.951527825,16,0.785846524,112,0.939197837,7.33,0.983649424,4.54,1.00197813,5.61853014
Brandon Wilds,2016,RB,South Carolina,220,6,1,73,4.54,0.952948204,36.5,1.01028824,21,0.960103311,118,0.92108983,7.08,0.884403685,4.33,0.889551722,5.618384992
Keyarris Garrett,2016,WR,Tulsa,220,6,3,75,4.53,0.981217647,36.5,1.037967369,14,0.657605007,128,1.026522216,7.3,0.936868311,4.33,0.913923002,5.554103552
Robert Nkemdiche,2016,DT,Mississippi,294,6,3,75,4.87,1.21971746,35,1.330097663,28,1.757598838,116,1.243200059,,0,,0,5.550614019
Eric Striker,2016,OLB,Oklahoma,227,5,11,71,4.8,0.904529169,30,0.833321051,23,1.055273843,116,0.908691852,7.3,0.91512161,4.46,0.919510794,5.53644832
Marquez North,2016,WR,Tennessee,223,6,2,74,4.48,0.992288999,35,0.99543182,17,0.798617157,123,0.986543258,6.9,0.885640398,4.13,0.87181513,5.530336762
Brandon Shell,2016,OT,South Carolina,324,6,5,77,5.22,1.287492893,30.5,1.311422006,22,1.562469498,112,1.358088892,,0,,0,5.519473288
Ronnie Stanley,2016,OT,Notre Dame,312,6,6,78,5.2,1.260739794,28.5,1.195366137,,0,,0,8.03,1.519975147,4.9,1.525397548,5.501478626
Paxton Lynch,2016,QB,Memphis,244,6,7,79,4.86,1.068464892,36,1.195986591,,0,118,1.105537208,7.14,1.0705005,4.26,1.050423149,5.490912339
Duke Williams,2016,WR,Auburn,229,6,2,74,4.72,0.967174442,30,0.876184062,14,0.67538027,121,0.996614063,7.43,0.979327074,4.47,0.968974822,5.463654733
Beniquez Brown,2016,OLB,Mississippi State,229,6,1,73,4.77,0.944103421,31,0.893155195,18,0.856611655,110,0.893769369,7.07,0.919283576,4.28,0.915250298,5.422173514
Thomas Duarte,2016,TE,UCLA,231,6,2,74,4.72,0.97562138,33.5,0.986950562,12,0.583953247,118,0.980392874,6.97,0.926719332,4.24,0.92714428,5.380781675
Juston Burris,2016,CB,North Carolina State,212,6,1,73,4.53,0.920322685,36.5,0.973550485,19,0.837077086,122,0.917683643,7.1,0.854651019,4.4,0.871062194,5.374347111
Michael Thomas,2016,WR,Ohio State,212,6,3,75,4.57,0.93726097,35,0.959118042,18,0.814746983,126,0.973737977,6.8,0.84096473,4.13,0.840010942,5.365839645
Keanu Neal,2016,S,Florida,211,6,1,73,4.62,0.898137744,38,1.008778469,17,0.745430861,132,0.988220106,7.09,0.84942159,4.38,0.863012713,5.353001482
Jerell Adams,2016,TE,South Carolina,247,6,5,77,4.64,1.104203974,32.5,1.065314729,,0,117,1.08155343,7.05,1.042914103,4.31,1.048582767,5.342569003
Travis Feeney,2016,OLB,Washington,230,6,4,76,4.5,1.046426002,40,1.205059003,,0,130,1.104483467,7.2,0.978916547,4.42,0.988328832,5.323213851
Peyton Barber,2016,RB,Auburn,228,5,10,70,4.64,0.926604733,32.5,0.893970402,20,0.908690556,111,0.861053834,7,0.868965776,4.21,0.859513595,5.318798895
Alex McCalister,2016,DE,Florida,239,6,6,78,4.8,1.046238926,34.5,1.108456082,,0,128,1.159783463,7.01,1.016441215,4,0.953872355,5.284792042
Jalen Ramsey,2016,CB,Florida State,209,6,1,73,4.41,0.931987666,41.5,1.091249694,14,0.60806543,135,1.001099752,6.94,0.823569703,4.18,0.81579905,5.271771295
Landon Turner,2016,OG,North Carolina,330,6,4,76,5.58,1.210801475,19,0.821273908,30,2.141913453,88,1.072715716,,0,,0,5.246704551
Tyvis Powell,2016,S,Ohio State,211,6,3,75,4.46,0.95584719,34.5,0.940956845,15,0.675753198,120,0.922995117,7.03,0.865308139,4.25,0.860340596,5.221201085
James Bradberry,2016,CB,Samford,211,6,1,73,4.5,0.922088084,36,0.955684865,16,0.701581987,124,0.928327978,6.91,0.827856585,4.21,0.829516785,5.165056284
Kenneth Dixon,2016,RB,Louisiana Tech,215,5,10,70,4.56,0.889101341,37.5,0.972690468,18,0.771191327,121,0.885108088,6.97,0.815907684,4.28,0.823982591,5.157981498
Mekale McKay,2016,WR,Cincinnati,207,6,4,76,4.55,0.931434133,35,0.948983965,12,0.537425557,123,0.940510153,7.08,0.866341144,4.63,0.931757068,5.156452021
Joel Stave,2016,QB,Wisconsin,236,6,5,77,4.8,1.019861268,33.5,1.049190688,,0,115,1.015722347,7.29,1.030390869,4.33,1.006533866,5.121699038
Sean Davis,2016,CB,Maryland,201,6,1,73,4.46,0.886265139,37.5,0.948324733,21,0.877185298,126,0.898594801,6.64,0.757807226,3.97,0.745155981,5.113333177
Josh Doctson,2016,WR,TCU,202,6,2,74,4.5,0.894849878,41,1.056267307,14,0.595750282,131,0.951763014,6.84,0.795263291,4.08,0.780155221,5.074048993
Aaron Burbridge,2016,WR,Michigan State,206,6,1,73,4.56,0.888392423,30.5,0.790490786,20,0.856196026,115,0.840547691,7.22,0.844498773,4.31,0.829096569,5.049222268
Charone Peake,2016,WR,Clemson,209,6,2,74,4.45,0.936262444,35.5,0.946266033,12,0.528338652,122,0.91709067,6.96,0.837257392,4.46,0.882369792,5.047584983
Jeff Driskel,2016,QB,Louisiana Tech,234,6,4,76,4.56,1.050616495,32,0.980813241,,0,122,1.054541606,7.19,0.994557931,4.25,0.966843422,5.047372695
Victor Ochi,2016,DE,Stony Brook,246,6,1,73,4.86,0.995408411,32,0.990409592,,0,119,1.038674256,7.24,1.011272688,4.4,1.010760848,5.046525794
Justin Simmons,2016,S,Boston Col.,202,6,2,74,4.61,0.873497712,40,1.03050469,16,0.680857465,126,0.915436181,6.58,0.765033984,3.85,0.736175883,5.001505915
Carson Wentz,2016,QB,North Dakota State,237,6,5,77,4.77,1.030624115,30.5,0.959280912,,0,118,1.046635635,6.86,0.973721887,4.15,0.968779489,4.979042037
Scooby Wright III,2016,ILB,Arizona,239,6,1,73,4.9,0.95918922,31,0.932157605,22,1.092689006,113,0.958238561,,0,4.47,0.997622077,4.939896469
Deandre Washington,2016,RB,Texas Tech,204,5,8,68,4.49,0.832285536,34.5,0.824831176,24,0.947771082,116,0.782116608,7.03,0.758518452,4.2,0.745291448,4.890814301
Charles Tapper,2016,DE,Oklahoma,271,6,3,75,4.59,1.192881976,34,1.19101262,23,1.330796108,119,1.175579366,,0,,0,4.89027007
Cory Littleton,2016,OLB,Washington,238,6,3,75,4.73,1.016615408,29.5,0.907542827,,0,114,0.989048322,7.11,0.987141854,4.32,0.986415152,4.886763563
Malcolm Mitchell,2016,WR,Georgia,198,6,1,73,4.45,0.874999183,36,0.896803807,15,0.617209271,129,0.906258722,6.94,0.780223929,4.34,0.802445502,4.877940415
Darian Thompson,2016,S,Boise State,208,6,2,74,4.69,0.884100874,32.5,0.862154914,12,0.525810716,118,0.882777999,7.26,0.869167383,4.33,0.852551687,4.876563573
Shadrach Thornton,2016,RB,North Carolina State,217,6,1,73,4.75,0.898397619,31,0.846352302,12,0.541149139,116,0.893130709,6.85,0.844004788,4.21,0.853104941,4.876139498
Braxton Miller,2016,WR,Ohio State,201,6,1,73,4.5,0.878387227,35,0.885103084,17,0.710102384,123,0.877199687,6.65,0.758948501,4.07,0.763925653,4.873666536
Daryl Worley,2016,CB,West Virginia,204,6,1,73,4.64,0.864598853,35.5,0.911146629,14,0.59351841,123,0.890292219,6.98,0.808500318,4.15,0.790567381,4.858623811
Kenyan Drake,2016,RB,Alabama,210,6,1,73,4.45,0.928029436,34.5,0.911524072,10,0.436410596,123,0.916477285,7.04,0.839434006,4.21,0.825585426,4.857460821
Sterling Shepard,2016,WR,Oklahoma,194,5,10,70,4.48,0.816584936,41,0.959600618,20,0.773184069,123,0.81185659,7,0.73938316,4.35,0.755660627,4.856269999
Jacoby Brissett,2016,QB,North Carolina State,231,6,4,76,4.94,0.95736651,31,0.937981252,,0,113,0.964225149,7.17,0.979076153,4.53,1.017329274,4.855978338
Alonzo Russell,2016,WR,Toledo,206,6,4,76,4.54,0.928976157,29.5,0.795993865,12,0.534829299,112,0.852262293,7.18,0.874333265,4.33,0.867174455,4.853569335
Chris Moore,2016,WR,Cincinnati,206,6,1,73,4.53,0.894275816,37,0.958956035,10,0.428098013,130,0.950184347,6.76,0.790694142,4.2,0.807936332,4.830144685
Jared Norris,2016,ILB,Utah,241,6,1,73,4.8,0.987366239,29.5,0.894476244,19,0.951582914,114,0.974808243,,0,4.52,1.017222844,4.825456484
Leshaun Sims,2016,CB,Southern Utah,203,6,1,73,4.53,0.881252382,37,0.944990656,11,0.464049934,120,0.864320041,7.08,0.8160634,4.42,0.837874426,4.808550838
Lamarcus Brutus,2016,S,Florida State,206,6,1,73,4.76,0.85106501,33,0.855285112,14,0.599337218,114,0.833238581,7.08,0.828123451,4.33,0.832943885,4.799993257
Dominick Jackson,2016,OT,Alabama,313,6,5,77,5.38,1.206791924,26,1.07997898,20,1.372202449,97,1.136269203,,0,,0,4.795242556
Nick Vigil,2016,ILB,Utah State,239,6,2,74,4.72,1.009409133,31.5,0.960167643,,0,115,0.988557419,6.73,0.925798408,4,0.904955824,4.788888428
Eric Murray,2016,CB,Minnesota,199,5,11,71,4.49,0.847704897,39.5,0.961867859,15,0.603331244,124,0.851544894,7.08,0.778065982,4.05,0.731988428,4.774503304
Maurice Canady,2016,CB,Virginia,193,6,1,73,4.49,0.845304997,38,0.922721538,16,0.64173139,124,0.849134122,7.03,0.770383973,4.09,0.737125176,4.766401196
Nelson Spruce,2016,WR,Colorado,206,6,1,73,4.69,0.863767473,35,0.907120574,12,0.513717616,114,0.833238581,7.09,0.829293117,4.2,0.807936332,4.755073692
Stephen Weatherly,2016,OLB,Vanderbilt,267,6,4,76,4.61,1.185778403,31,1.084160149,23,1.328635405,117,1.153945118,,0,,0,4.752519076
Marshaun Coprich,2016,RB,Illinois State,207,5,8,68,4.47,0.848303664,34,0.824831176,17,0.681210465,112,0.766252174,7.26,0.794854475,4.58,0.824674381,4.740126336
Josh Woodrum,2016,QB,Liberty,231,6,3,75,4.8,0.972325362,31,0.925639394,,0,116,0.976800046,6.74,0.908248909,4.31,0.955186731,4.738200441
Wendell Smallwood,2016,RB,West Virginia,208,5,10,70,4.47,0.877472389,33.5,0.840645852,14,0.580286601,120,0.849213833,6.83,0.773488433,4.28,0.797155251,4.718262359
Jalin Marshall,2016,WR,Ohio State,200,5,10,70,4.6,0.819879093,37.5,0.904828342,16,0.637677583,125,0.850574753,6.8,0.740472089,4.13,0.739632276,4.693064136
Deandre Houston-Carson,2016,S,William & Mary,201,6,1,73,4.54,0.870648132,32.5,0.821881435,13,0.54301947,115,0.820146048,7.15,0.816012299,4.28,0.803341964,4.675049349
Dak Prescott,2016,QB,Mississippi State,226,6,2,74,4.79,0.940555123,32.5,0.936764474,,0,116,0.942915092,7.11,0.924871729,4.32,0.924190868,4.669297287
D.J. White,2016,CB,Georgia Tech,193,5,11,71,4.49,0.822145956,33,0.779357088,17,0.663159065,132,0.87915212,7.18,0.765264993,4.33,0.758999206,4.668078428
Christian Hackenberg,2016,QB,Penn State,223,6,4,76,4.78,0.955146892,31,0.905497053,,0,114,0.939069522,7.04,0.928031803,4.33,0.938737396,4.666482666
Jimmy Landes,2016,LS,Baylor,240,6,1,73,4.95,0.953473245,27.5,0.830373896,,0,110,0.936701522,7.05,0.960715868,4.38,0.981625834,4.662890364
Anthony Brown,2016,CB,Purdue,192,5,11,71,4.33,0.848108252,35,0.822307997,19,0.73733748,115,0.761959445,7.03,0.745395295,4.19,0.730653329,4.645761799
Jalen Mills,2016,S,LSU,191,6,1,73,4.61,0.814769775,37,0.889129139,16,0.635081324,123,0.833557911,6.86,0.743964286,4,0.713434301,4.629936738
Xavien Howard,2016,CB,Baylor,201,6,1,73,4.58,0.863044218,33,0.834525765,11,0.459478013,122,0.870067982,7.18,0.819436126,4.15,0.778941391,4.625493495
Brandon Williams,2016,CB,Texas A&M,197,5,11,71,4.37,0.862229239,30.5,0.735243691,18,0.716721136,118,0.802196977,6.85,0.7452241,4.19,0.74968076,4.611295902
Connor Cook,2016,QB,Michigan State,217,6,4,76,4.79,0.92750748,33,0.937981252,,0,113,0.905787261,7.21,0.92486924,4.28,0.902931621,4.599076855
Ryan Smith,2016,CB,North Carolina Central,189,5,11,71,4.47,0.808708928,36,0.832586847,18,0.687615709,122,0.795709279,6.88,0.718092409,4.09,0.702071313,4.544784486
Tyler Boyd,2016,WR,Pittsburgh,197,6,1,73,4.58,0.845869209,34,0.84270369,11,0.450334172,119,0.831783855,6.9,0.771809148,4.35,0.800232362,4.542732436
Kevin Hogan,2016,QB,Stanford,218,6,3,75,4.78,0.921445107,32.5,0.915815543,,0,113,0.89798822,6.9,0.87748276,4.31,0.901431633,4.514163264
Joshua Perry,2016,ILB,Ohio State,254,6,4,76,4.68,1.111171423,33.5,1.114548593,20,1.099082863,124,1.163438505,,0,,0,4.488241384
Jayron Kearse,2016,S,Clemson,216,6,4,76,4.62,0.957205038,31.5,0.891219724,16,0.747722514,124,0.989380776,7.06,0.901454455,,0,4.486982507
Jonathan Jones,2016,CB,Auburn,186,5,9,69,4.33,0.79846107,36,0.796290304,19,0.694174678,123,0.767258282,7.25,0.72372202,4.25,0.697732146,4.477638501
Avery Young,2016,OT,Auburn,328,6,5,77,5.39,1.262279159,,0,,0,,0,8.22,1.614760553,4.91,1.586294536,4.463334247
Elijah Shumate,2016,S,Notre Dame,216,6,1,73,4.58,0.927450503,33,0.896803807,18,0.807983046,119,0.912006664,,0,4.51,0.909684763,4.453928783
Trevor Davis,2016,WR,California,188,6,1,73,4.42,0.836446268,38.5,0.910643372,11,0.42976053,124,0.827135829,6.6,0.70452497,4.22,0.740851096,4.449362064
Hunter Sharp,2016,WR,Utah State,198,5,11,71,4.58,0.826870825,32.5,0.787433328,12,0.480239543,116,0.792603466,7.12,0.778529866,4.19,0.753486246,4.419163273
A.J. Stamps,2016,S,Kentucky,193,5,11,71,4.79,0.77065456,33,0.779357088,15,0.585140352,115,0.765927984,7.17,0.764199164,4.25,0.744976126,4.410255273
Jared Goff,2016,QB,California,215,6,4,76,4.82,0.913239362,27,0.760366034,,0,110,0.873613177,7.17,0.911261355,4.47,0.934323651,4.392803579
Jordan Payton,2016,WR,UCLA,207,6,1,73,4.47,0.910678934,34.5,0.898502299,,0,121,0.888695569,7.08,0.832143467,4.33,0.836987302,4.367007571
Jordan Lomax,2016,S,Iowa,202,5,10,70,4.75,0.801928056,36,0.87732156,8,0.322027179,120,0.82471728,7.18,0.789669926,4.15,0.750646171,4.366310173
D.J. Foster,2016,WR,Arizona State,193,5,10,70,4.57,0.796377088,35.5,0.826590851,14,0.538439009,117,0.76827314,6.75,0.709301481,4.07,0.703375967,4.342357537
Jordan Jenkins,2016,OLB,Georgia,259,6,3,75,4.8,1.090182981,36.5,1.221970676,16,0.884777646,121,1.14240695,,0,,0,4.339338254
Will Fuller,2016,WR,Notre Dame,186,6,1,73,4.32,0.846704105,33.5,0.783948446,10,0.386535099,126,0.831535487,6.93,0.731881524,4.27,0.741654176,4.322258838
Bralon Addison,2016,WR,Oregon,197,5,9,69,4.66,0.785794542,34.5,0.808241794,13,0.50305075,116,0.766386322,6.95,0.7348046,4.14,0.719868923,4.318146932
Deiondre Hall,2016,CB,Northern Iowa,199,6,2,74,4.68,0.847653874,37,0.939060152,,0,127,0.908998059,7.07,0.809796611,4.06,0.764801264,4.27030996
Derrick Kindred,2016,S,TCU,207,5,10,70,4.5,0.86743208,37.5,0.936497334,,0,123,0.866259351,7.05,0.794564664,4.29,0.795176332,4.259929762
Cody Kessler,2016,QB,USC,220,6,1,73,4.89,0.884741278,29.5,0.816534331,,0,104,0.811807986,7.32,0.914383471,4,0.821756787,4.249223852
Cyrus Jones,2016,CB,Alabama,197,5,10,70,4.49,0.827365739,33,0.784305207,10,0.392570262,116,0.77749337,6.71,0.719711648,4.21,0.742649904,4.24409613
Geronimo Allison,2016,WR,Illinois,196,6,3,75,4.67,0.847969169,33,0.836061388,,0,127,0.907393146,7.4,0.846098255,4.28,0.804820205,4.242342164
Briean Boddy-Calhoun,2016,CB,Minnesota,193,5,9,69,4.47,0.8025618,35,0.803306602,10,0.379105017,123,0.796133594,7.16,0.741636622,4.22,0.718880359,4.241623993
Brandon Allen,2016,QB,Arkansas,217,6,1,73,4.84,0.881691878,28,0.764447241,,0,110,0.846934293,7.06,0.869879387,4.33,0.877421471,4.24037427
Brandon Doughty,2016,QB,Western Kentucky,213,6,3,75,5.22,0.824422758,27,0.743381113,,0,103,0.799746836,7.49,0.930667246,4.52,0.92367049,4.221888443
Demarcus Robinson,2016,WR,Florida,203,6,1,73,4.59,0.869732743,34.5,0.881139936,,0,123,0.885928042,6.77,0.780331811,4.19,0.794274625,4.211407157
Ron Thompson,2016,DE,Syracuse,253,6,3,75,4.92,1.038953929,,0,18,0.972315975,,0,7.46,1.101012772,4.5,1.092275181,4.204557857
Soma Vainuku,2016,FB,USC,246,5,11,71,4.68,1.005372984,32,0.963275082,26,1.292766041,108,0.916835984,,0,,0,4.178250092
Kevin Peterson,2016,CB,Oklahoma State,181,5,10,70,4.58,0.745230713,35.5,0.775196601,14,0.504960936,121,0.745137506,6.94,0.683923978,4.31,0.698540599,4.152990334
Kamalei Correa,2016,DE,Boise State,243,6,3,75,4.69,1.046825522,33,1.036545496,21,1.089531933,108,0.956677878,,0,,0,4.129580828
Kenny Lawler,2016,WR,California,203,6,2,74,4.64,0.872146385,31,0.802594804,,0,111,0.810448038,7.13,0.833084458,4.2,0.807076711,4.125350396
Kyler Fackrell,2016,OLB,Utah State,245,6,5,77,4.72,1.076699271,34.5,1.121715695,15,0.805566134,121,1.109472696,,0,,0,4.113453796
Harlan Miller,2016,CB,SE Louisiana,182,6,1,73,4.65,0.769698966,35.5,0.812885718,6,0.22693351,118,0.761992496,7.44,0.768845238,4.43,0.752897303,4.09325323
Vernon Hargreaves III,2016,CB,Florida,204,5,10,70,4.5,0.854860601,39,0.959841905,15,0.609779189,130,0.902289698,,0,3.98,0.727024501,4.053795893
Deandre Elliott,2016,CB,Colorado State,188,6,1,73,4.55,0.812547804,41,0.969776059,,0,125,0.833806279,6.93,0.739751218,3.94,0.691695099,4.047576458
Terrance Smith,2016,ILB,Florida State,235,6,3,75,4.77,0.99538331,34.5,1.047985112,19,0.953313753,120,1.027980344,,0,,0,4.024662519
Reggie Ragland,2016,ILB,Alabama,247,6,1,73,4.72,1.029099632,31.5,0.97889759,,0,116,1.016605,,0,4.28,0.987191369,4.011793591
Cayleb Jones,2016,WR,Arizona,209,6,3,75,4.65,0.908101106,33.5,0.905022234,9,0.401608772,,0,6.99,0.852229317,4.14,0.830129138,3.897090567
Stephen Anderson,2016,TE,California,230,6,2,74,4.59,0.99891027,38,1.114679578,16,0.775233747,119,0.984421196,,0,,0,3.873244791
De'Vondre Campbell,2016,OLB,Minnesota,232,6,4,76,4.58,1.037088234,34,1.033207111,16,0.803109367,116,0.994108999,,0,,0,3.867513711
Tavon Young,2016,CB,Temple,183,5,9,69,4.46,0.762684517,34.5,0.750803291,9,0.323516043,118,0.724196842,6.8,0.667852934,3.93,0.634790616,3.863844242
Ricardo Louis,2016,WR,Auburn,215,6,2,74,4.43,0.967489057,38,1.041983084,18,0.815259403,132,1.020748028,,0,,0,3.845479572
Vernon Adams,2016,QB,Oregon,200,5,11,71,4.83,0.791992049,29.5,0.721966843,,0,114,0.786805948,6.82,0.753259233,4.2,0.762913679,3.816937753
Jordan Howard,2016,RB,Indiana,230,6,1,73,4.57,0.989724005,34,0.983867252,16,0.764757616,122,0.995600178,,0,,0,3.733949051
Josh Forrest,2016,ILB,Kentucky,249,6,3,75,4.91,1.024610321,30.5,0.98167412,11,0.584798739,118,1.071068031,,0,,0,3.662151211
De'Vante Harris,2016,CB,Texas A&M,176,5,11,71,4.56,0.738219957,38.5,0.829160564,,0,124,0.753125132,6.82,0.662868125,4.06,0.648985237,3.632359015
Lawrence Thomas,2016,DT,Michigan State,286,6,3,75,4.98,1.160319422,35,1.293904529,,0,113,1.178094637,,0,,0,3.632318588
Gionni Paul,2016,ILB,Utah,231,5,10,70,5.05,0.862577747,31,0.863930101,22,1.012711712,113,0.888102111,,0,,0,3.62732167
Leonard Floyd,2016,OLB,Georgia,244,6,6,78,4.6,1.114567064,39.5,1.29565214,,0,127,1.174796351,,0,,0,3.585015555
Kevon Seymour,2016,CB,USC,186,5,11,71,4.39,0.810375646,35,0.796610872,12,0.451134116,124,0.795916333,,0,4.18,0.706131104,3.560168071
Parker Ehinger,2016,OT,Cincinnati,310,6,6,78,5.26,1.238369252,27.5,1.146029726,,0,97,1.139993748,,0,,0,3.524392726
Dominique Alexander,2016,ILB,Oklahoma,232,6,1,73,4.64,0.983269284,28.5,0.831883666,17,0.819620662,104,0.856088421,,0,,0,3.490862033
T.J. Green,2016,S,Clemson,209,6,2,74,4.34,0.959992598,35.5,0.946266033,13,0.572366873,129,0.969710627,,0,,0,3.44833613
Trevone Boykin,2016,QB,TCU,212,6,1,73,4.77,0.874017141,32,0.853523713,,0,110,0.827419678,,0,4.4,0.871062194,3.426022726
Su'A Cravens,2016,OLB,USC,226,6,1,73,4.58,0.970388027,27,0.767718411,16,0.751457483,114,0.914135531,,0,,0,3.403699451
Laquon Treadwell,2016,WR,Mississippi,221,6,2,74,4.52,0.974686984,33,0.930132513,12,0.558673885,117,0.930002881,,0,,0,3.393496263
Leonte Carroo,2016,WR,Rutgers,211,6,1,73,4.5,0.922088084,35.5,0.942411464,14,0.613884238,120,0.898381914,,0,,0,3.3767657
Paul Perkins,2016,RB,UCLA,208,5,10,70,4.54,0.863943079,32,0.803004993,19,0.787531815,124,0.877520961,,0,,0,3.332000848
Corey Coleman,2016,WR,Baylor,194,5,11,71,4.42,0.839493654,40.5,0.961439573,17,0.666595123,129,0.863623055,,0,,0,3.331151405
Deon Bush,2016,S,Miami (FL),199,6,1,73,4.64,0.843407704,36,0.901333119,17,0.703036688,123,0.868471332,,0,,0,3.316248844
Kolby Listenbee,2016,WR,TCU,197,6,1,73,4.39,0.882478583,35.5,0.879881794,15,0.614092053,129,0.901681658,,0,,0,3.278134087
Cody Core,2016,WR,Mississippi,205,6,3,75,4.47,0.926589147,31.5,0.834704145,14,0.612768302,119,0.889275904,,0,,0,3.263337499
Alex Collins,2016,RB,Arkansas,217,5,10,70,4.59,0.891506874,28.5,0.746121451,18,0.7783652,113,0.83427774,,0,,0,3.250271265
Josh Ferguson,2016,RB,Illinois,198,5,9,69,4.48,0.821515714,34.5,0.812344544,21,0.816745419,120,0.79683787,,0,,0,3.247443548
Jimmy Pruitt,2016,CB,San Jose State,198,6,1,73,4.73,0.823202191,32,0.79715894,19,0.78179841,117,0.821955585,,0,,0,3.224115126
Tyler Ervin,2016,RB,San Jose State,192,5,10,70,4.41,0.820994575,39,0.903380617,17,0.650431135,130,0.849213833,,0,,0,3.224020159
Rashawn Scott,2016,WR,Miami (FL),199,6,1,73,4.54,0.861984967,32.5,0.81370351,17,0.703036688,116,0.819046134,,0,,0,3.197771299
Kelvin Taylor,2016,RB,Florida,207,5,10,70,4.6,0.848574861,32,0.799144392,15,0.61874653,113,0.795831762,,0,,0,3.062297544
Pharoh Cooper,2016,WR,South Carolina,203,5,11,71,4.52,0.859004739,31,0.770057176,15,0.615458505,115,0.805613371,,0,,0,3.050133792
Zack Sanchez,2016,CB,Oklahoma,185,5,11,71,4.5,0.786316106,35.5,0.80364699,19,0.710455384,116,0.740563844,,0,,0,3.040982324
David Grinnage,2016,TE,North Carolina State,248,6,5,77,4.9,1.049846812,29.5,0.970892875,,0,106,0.983836,,0,,0,3.004575688
Rashard Higgins,2016,WR,Colorado State,196,6,1,73,4.64,0.830693015,32,0.789106829,13,0.529511523,116,0.806698705,,0,,0,2.956010072
Tajae Sharpe,2016,WR,Massachusetts,194,6,2,74,4.55,0.84996621,33.5,0.828867572,11,0.449551309,114,0.795449732,,0,,0,2.923834823
Keith Marshall,2016,RB,Georgia,219,5,11,71,4.31,0.971862447,30.5,0.817352123,25,1.106612582,,0,,0,,0,2.895827153
C.J. Prosise,2016,RB,Notre Dame,220,6,1,73,4.48,0.965710904,35.5,0.98260911,,0,121,0.944507368,,0,,0,2.892827381
Roger Lewis,2016,WR,Bowling Green,201,6,1,73,4.57,0.864932718,33.5,0.847170095,8,0.334165828,116,0.827277753,,0,,0,2.873546393
Luther Maddy,2016,DT,Virginia Tech,287,6,1,73,4.96,1.137896308,,0,29,1.729640662,,0,,0,,0,2.86753697
Ezekiel Elliott,2016,RB,Ohio State,225,6,1,73,4.47,0.989868406,32.5,0.920016532,,0,118,0.94202369,,0,,0,2.851908628
Kris Frost,2016,OLB,Auburn,240,6,2,74,4.97,0.962645047,29,0.887662456,,0,113,0.975429406,,0,,0,2.825736908
Nate Sudfeld,2016,QB,Indiana,234,6,6,78,5.02,0.979459202,29,0.912253105,,0,105,0.931481423,,0,,0,2.82319373
Deion Jones,2016,OLB,LSU,222,6,1,73,4.59,0.9511363,33,0.921715024,,0,120,0.94521699,,0,,0,2.818068315
Rees Odhiambo,2016,OT,Boise State,314,6,4,76,5.17,1.243461391,,0,23,1.562515046,,0,,0,,0,2.805976437
Kyle Murphy,2016,OT,Stanford,305,6,6,78,5.19,1.234828636,,0,23,1.557669835,,0,,0,,0,2.792498471
De'Runnya Wilson,2016,WR,Mississippi State,224,6,5,77,4.85,0.958024494,28,0.83234556,,0,113,0.947308918,,0,,0,2.737678972
Johnny Holton,2016,WR,Cincinnati,190,6,1,73,4.54,0.823000722,31.5,0.752998146,8,0.315878146,123,0.829193734,,0,,0,2.721070747
Shon Coleman,2016,OT,Auburn,307,6,5,77,5.18,1.229359634,,0,22,1.480488073,,0,,0,,0,2.709847707
Max Tuerk,2016,C,USC,298,6,5,77,5.12,1.207303991,,0,22,1.437086143,,0,,0,,0,2.644390134
Le'Raven Clark,2016,OT,Texas Tech,316,6,5,77,5.16,1.270304142,,0,18,1.246819094,,0,,0,,0,2.517123236
Joseph Cheek,2016,OG,Texas A&M,295,6,6,78,5.27,1.176212015,,0,20,1.31008582,,0,,0,,0,2.486297835
Ken Crawley,2016,CB,Colorado,187,6,1,73,4.43,0.830118989,36.5,0.858745004,,0,119,0.789561325,,0,,0,2.478425317
Cleveland Wallace III,2016,CB,San Jose State,188,5,11,71,4.68,0.768333825,35.5,0.816679103,,0,123,0.797986875,,0,,0,2.382999803
Raphael Kirby,2016,ILB,Miami (FL),236,6,1,73,4.72,0.983269284,,0,27,1.324194437,,0,,0,,0,2.30746372
Cardale Jones,2016,QB,Ohio State,253,6,5,77,4.81,1.091052825,36,1.208705892,,0,,0,,0,,0,2.299758717
KJ Dillon,2016,S,West Virginia,210,6,1,73,4.53,0.911640395,,0,11,0.480051655,121,0.901575215,,0,,0,2.293267266
Jimmy Bean,2016,DE,Oklahoma State,264,6,5,77,4.87,1.124463334,,0,20,1.157384813,,0,,0,,0,2.281848147
Rashard Robinson,2016,CB,Louisiana St,171,6,1,73,4.49,0.748948987,35.5,0.763755263,,0,121,0.734139818,,0,,0,2.246844067
Taveze Calhoun,2016,CB,Mississippi State,192,6,1,73,4.58,0.824400447,33.5,0.809237105,14,0.558605563,,0,,0,,0,2.192243116
Demarcus Ayers,2016,WR,Houston,182,5,9,69,4.72,0.716734134,33,0.7142353,,0,123,0.750758104,,0,,0,2.181727538
Cassanova McKinzy,2016,ILB,Auburn,248,6,1,73,4.83,1.009734088,,0,21,1.082298278,,0,,0,,0,2.092032366
Tre Madden,2016,RB,USC,223,6,1,73,4.53,0.968075277,,0,24,1.112223576,,0,,0,,0,2.080298853
Myles Jack,2016,OLB,UCLA,245,6,1,73,4.56,1.056583221,,0,19,0.967376821,,0,,0,,0,2.023960042
William Jackson III,2016,CB,Houston,189,6,1,73,4.37,0.85051668,,0,10,0.392769536,116,0.777888037,,0,,0,2.021174253
Jake McGee,2016,TE,Florida,250,6,5,77,4.83,1.073651193,,0,17,0.931607094,,0,,0,,0,2.005258287
C.J. Johnson,2016,ILB,Mississippi,234,6,1,73,4.81,0.956694438,,0,,0,,0,,0,4.52,0.987676952,1.944371391
Devontae Booker,2016,RB,Utah,219,5,11,71,4.56,0.918580515,,0,22,0.973819072,,0,,0,,0,1.892399587
Tevin Carter,2016,S,Utah,218,6,1,73,4.48,0.956931714,,0,19,0.860767947,,0,,0,,0,1.81769966
Tra Carson,2016,RB,Texas A&M,227,5,11,71,4.63,0.937740823,,0,19,0.871747958,,0,,0,,0,1.809488781
Hunter Henry,2016,TE,Arkansas,250,6,5,77,4.79,1.082616965,,0,13,0.712405425,,0,,0,,0,1.79502239
Kavon Frazier,2016,S,Central Michigan,217,6,1,73,4.53,0.942028409,,0,18,0.811723708,,0,,0,,0,1.753752117
Jonathan Williams,2016,RB,Arkansas,220,5,11,71,4.56,0.922774947,,0,16,0.711465989,,0,,0,,0,1.634240936
Artie Burns,2016,CB,Miami (FL),193,6,1,73,4.46,0.850990905,31.5,0.764887591,,0,,0,,0,,0,1.615878495
Byron Marshall,2016,WR,Oregon,201,5,9,69,4.42,0.845283685,,0,17,0.671192664,,0,,0,,0,1.516476349
Vonn Bell,2016,S,Ohio State,199,5,11,71,4.52,0.842078537,,0,16,0.643553326,,0,,0,,0,1.485631864
Keivarae Russell,2016,CB,Notre Dame,192,5,11,71,4.49,0.817886132,,0,17,0.659723008,,0,,0,,0,1.47760914
Eli Apple,2016,CB,Ohio State,199,6,1,73,4.4,0.889411761,,0,13,0.537616291,,0,,0,,0,1.427028052
Kendall Fuller,2016,CB,Virginia Tech,187,5,11,71,4.48,0.79836511,,0,15,0.56694946,,0,,0,,0,1.36531457
Laremy Tunsil,2016,OT,Mississippi,310,6,5,77,5.23,1.22950511,,0,,0,,0,,0,,0,1.22950511
Mackensie Alexander,2016,CB,Clemson,190,5,10,70,4.43,0.808774636,,0,11,0.416483171,,0,,0,,0,1.225257807
Antwaun Woods,2016,DL,USC,318,6,1,73,5.18,1.207257267,,0,,0,,0,,0,,0,1.207257267
Adam Gotsis,2016,DT,Georgia Tech,287,6,4,76,4.88,1.204079812,,0,,0,,0,,0,,0,1.204079812
Nile Lawrence-Stample,2016,DL,Florida State,320,6,1,73,5.24,1.200939583,,0,,0,,0,,0,,0,1.200939583
Kevin Dodd,2016,DE,Clemson,277,6,5,77,4.86,1.182262278,,0,,0,,0,,0,,0,1.182262278
Drew Ott,2016,DE,Iowa,273,6,4,76,4.88,1.145344212,,0,,0,,0,,0,,0,1.145344212
Tyler Higbee,2016,TE,Western Kentucky,249,6,6,78,4.77,1.096870051,,0,,0,,0,,0,,0,1.096870051
Quayvon Hicks,2016,FB,Georgia,259,6,1,73,4.82,1.056708483,,0,,0,,0,,0,,0,1.056708483
Curt Maggitt,2016,OLB,Tennessee,247,6,3,75,4.73,1.055058848,,0,,0,,0,,0,,0,1.055058848
Devon Johnson,2016,RB,Marshall,238,6,1,73,4.64,1.008698662,,0,,0,,0,,0,,0,1.008698662
David Morgan,2016,TE,Texas-San Antonio,262,6,4,76,,1,,0,,0,,0,,0,,0,1
Antonio Morrison,2016,ILB,Florida,232,6,1,73,4.76,0.958480982,,0,,0,,0,,0,,0,0.958480982
Jaylon Smith,2016,OLB,Notre Dame,223,6,2,74,4.67,0.951917498,,0,,0,,0,,0,,0,0.951917498
Jeremy Cash,2016,S,Duke,212,6,1,73,4.56,0.91426793,,0,,0,,0,,0,,0,0.91426793
Riley Dixon,2016,P,Syracuse,221,6,4,76,5.04,0.897749015,,0,,0,,0,,0,,0,0.897749015
John Lunsford,2016,K,Liberty,214,6,1,73,4.74,0.887846526,,0,,0,,0,,0,,0,0.887846526
Nick O'Toole,2016,P,West Virginia,219,6,3,75,5.05,0.87618055,,0,,0,,0,,0,,0,0.87618055
Jordan Lucas,2016,S,Penn State,201,6,1,73,4.54,0.870648132,,0,,0,,0,,0,,0,0.870648132
Chris Brown,2016,WR,Notre Dame,194,6,2,74,4.48,0.863246932,,0,,0,,0,,0,,0,0.863246932
Lachlan Edwards,2016,P,Sam Houston State,209,6,4,76,4.98,0.859231408,,0,,0,,0,,0,,0,0.859231408
Drew Kaser,2016,P,Texas A&M,212,6,2,74,4.95,0.853772161,,0,,0,,0,,0,,0,0.853772161
Will Monday,2016,P,Duke,212,6,4,76,5.1,0.851057464,,0,,0,,0,,0,,0,0.851057464
Karl Joseph,2016,S,West Virginia,205,5,10,70,4.57,0.845892762,,0,,0,,0,,0,,0,0.845892762
Marshall Koehn,2016,K,Iowa,197,6,1,73,4.61,0.840364637,,0,,0,,0,,0,,0,0.840364637
Roberto Aguayo,2016,K,Florida State,207,6,1,73,4.96,0.820712668,,0,,0,,0,,0,,0,0.820712668
Will Redmond,2016,CB,Mississippi State,182,5,11,71,4.45,0.782256776,,0,,0,,0,,0,,0,0.782256776
Tom Hackett,2016,P,Utah,198,5,10,70,4.86,0.768257076,,0,,0,,0,,0,,0,0.768257076
Brad Craddock,2016,K,Maryland,186,6,1,73,4.88,0.749541339,,0,,0,,0,,0,,0,0.749541339
Jaden Oberkrom,2016,K,TCU,186,6,2,74,4.96,0.747554044,,0,,0,,0,,0,,0,0.747554044
Ka'Imi Fairbairn,2016,K,UCLA,183,5,11,71,4.96,0.705679286,,0,,0,,0,,0,,0,0.705679286
Donovan Smith,2015,OT,Penn State,338,6,6,78,5.27,1.347659868,32,1.454012611,26,1.951361727,109,1.396729287,7.95,1.630234864,4.79,1.615416757,9.395415114
Ellis McCarthy,2015,DT,UCLA,338,6,5,77,5.21,1.345703277,32,1.435371424,24,1.77816394,109,1.378822502,8.16,1.651845137,5.07,1.687925025,9.277831306
Deon Simon,2015,DT,NW State (LA),321,6,4,76,5.12,1.283595754,29.5,1.240359373,35,2.430747237,105,1.2450373,7.92,1.502849708,4.76,1.485468151,9.188057521
Danny Shelton,2015,DT,Washington,339,6,2,74,5.64,1.198207192,30.5,1.318676144,34,2.428082655,95,1.158322419,7.99,1.559013738,4.65,1.492183172,9.15448532
Trenton Brown,2015,OG,Florida,355,6,8,80,5.21,1.468453588,23.5,1.150252258,20,1.616968157,97,1.338950474,8.23,1.817983429,4.78,1.736536851,9.129144756
Jordan Phillips,2015,DT,Oklahoma,329,6,5,77,5.17,1.32000534,30,1.309829508,28,2.019285776,105,1.292856613,7.88,1.552689391,4.68,1.516597178,9.011263805
Mitch Morse,2015,OG,Missouri,305,6,5,77,5.14,1.230855451,31,1.254755623,36,2.406834327,112,1.278447876,7.6,1.388276275,4.5,1.351888412,8.911057965
Jeremiah Poutasi,2015,OG,Utah,335,6,5,77,5.32,1.306181438,26.5,1.178116662,26,1.909246538,95,1.191059826,8.09,1.623139321,4.89,1.613549,8.821292786
Cameron Erving,2015,C,Florida State,313,6,5,77,5.15,1.260687485,30.5,1.266898419,30,2.058303673,112,1.311980935,7.48,1.402194972,4.63,1.427426716,8.727492202
Jarvis Harrison,2015,OG,Texas A&M,330,6,4,76,5.19,1.301786556,29.5,1.275135804,26,1.856324993,102,1.243375034,7.51,1.465005362,4.62,1.482201591,8.623829339
Tyeler Davison,2015,DT,Fresno State,316,6,2,74,5.18,1.216098214,33,1.329963231,32,2.130207514,105,1.193390401,7.53,1.369574065,4.46,1.334109351,8.573342777
Laken Tomlinson,2015,OG,Duke,323,6,3,75,5.33,1.224379881,31.5,1.315167995,25,1.724078063,103,1.212761633,8.17,1.53942164,4.87,1.509143419,8.524952632
Mark Glowinski,2015,OG,West Virginia,307,6,4,76,5.2,1.208727025,29.5,1.186262702,31,2.059049528,113,1.281459397,7.56,1.371972822,4.58,1.366958132,8.474429606
Rob Crisp,2015,OT,Boise State,301,6,7,79,5.26,1.217832194,32.5,1.33193748,26,1.760029984,107,1.236664242,8.07,1.492584291,4.6,1.399230251,8.438278442
Leterrius Walton,2015,DT,Central Michigan,319,6,5,77,5.25,1.260380609,27,1.143015355,25,1.748133312,103,1.229682725,7.91,1.511226765,4.78,1.501920939,8.394359704
Laurence Gibson,2015,OT,Virginia Tech,305,6,6,78,5.04,1.271579488,33.5,1.373555275,24,1.625394611,113,1.306614052,7.72,1.428510666,4.56,1.387704677,8.393358768
Ali Marpet,2015,OG,Hobart & William Smith,307,6,4,76,4.98,1.262124604,30.5,1.226474997,30,1.992628576,108,1.224757654,7.33,1.330232908,4.47,1.33412726,8.370345999
Terry Poole,2015,OT,San Diego State,307,6,5,77,5.09,1.251096837,31,1.262983528,25,1.682372811,113,1.298320705,7.9,1.452539452,4.66,1.409135592,8.356448926
Derrick Lott,2015,DT,Tenn-Chattanooga,314,6,4,76,4.99,1.28831571,26.5,1.089923475,30,2.038063104,106,1.229485877,7.3,1.354995477,4.44,1.355389066,8.356172708
D.J. Humphries,2015,OT,Florida,307,6,5,77,5.12,1.243766192,31,1.262983528,26,1.749667723,104,1.194914631,7.87,1.447023479,4.64,1.4030878,8.301443354
Rakeem Nunez-Roches,2015,DT,Southern Miss,307,6,2,74,5.02,1.219118681,34,1.331238608,26,1.681498851,114,1.2587787,7.67,1.35530551,4.69,1.362952452,8.208892801
Arik Armstead,2015,DE,Oregon,292,6,7,79,5.06,1.228114995,34,1.351748051,24,1.576065695,117,1.311807904,7.57,1.358243287,4.53,1.336736824,8.162716755
Gabe Wright,2015,DT,Auburn,300,6,3,75,5.07,1.195512625,26.5,1.027626474,34,2.177782817,100,1.093596111,7.73,1.352800506,4.56,1.312457134,8.159775667
Malcom Brown,2015,DT,Texas,319,6,2,74,5.05,1.259246153,29.5,1.200193612,26,1.74722519,98,1.124405386,7.84,1.439495165,4.59,1.386030718,8.156596224
T.J. Clemmings,2015,OT,Pittsburgh,309,6,5,77,5.14,1.246997818,32.5,1.332721665,22,1.490132947,111,1.283649991,7.68,1.421288263,4.54,1.38179248,8.156583164
Chaz Green,2015,OT,Florida,314,6,5,77,5.16,1.262264242,29.5,1.229275657,21,1.445415806,106,1.245663323,8,1.504465057,4.7,1.453637099,8.140721185
Jamil Douglas,2015,OG,Arizona State,304,6,4,76,5.25,1.185516166,29,1.154760888,28,1.84161286,99,1.11172356,7.99,1.43583885,4.75,1.403843039,8.133295363
Takoby Cofield,2015,OT,Duke,310,6,4,76,5.19,1.222890402,30,1.218157471,23,1.542610396,101,1.156567805,8.09,1.482502904,4.79,1.443605629,8.066334605
Rob Havenstein,2015,OT,Wisconsin,321,6,7,79,5.46,1.25117797,28.5,1.245615133,16,1.155061845,96,1.183253494,8.28,1.633180574,4.87,1.579788151,8.048077167
Grady Jarrett,2015,DT,Clemson,304,6,1,73,5.06,1.181477716,31,1.185673271,30,1.895268873,112,1.208061114,7.37,1.27214225,4.56,1.294491055,8.03711428
Ty Sambrailo,2015,OT,Colorado State,311,6,6,78,5.36,1.219185559,29,1.212438956,23,1.588312521,97,1.143671147,7.54,1.422650047,4.58,1.421209942,8.007468172
Angelo Blackson,2015,DT,Auburn,318,6,4,76,5.02,1.2969302,31,1.291246919,20,1.376017127,101,1.186414716,7.5,1.409852636,4.57,1.412845522,7.97330712
J.T. Surratt,2015,DT,South Carolina,304,6,1,73,5.19,1.151883862,30,1.147425747,29,1.832093244,106,1.143343555,7.78,1.342912714,4.71,1.337072997,7.954732119
John Miller,2015,OG,Louisville,303,6,2,74,5.33,1.13325266,27,1.043385999,29,1.851081233,104,1.133397177,8.2,1.430078724,4.75,1.36240342,7.953599212
Andrew Donnal,2015,OT,Iowa,313,6,6,78,5.31,1.238579898,32,1.3464673,17,1.181519771,101,1.198490933,7.84,1.488767049,4.77,1.489687201,7.943512152
"Mario Edwards, Jr.",2015,DE,Florida State,279,6,3,75,4.76,1.184235626,32.5,1.172075856,32,1.906200489,120,1.220453259,7.44,1.210905208,4.55,1.217908413,7.911778852
Xavier Cooper,2015,DT,Washington State,293,6,3,75,4.86,1.218069931,29,1.098332346,29,1.81417849,110,1.174886755,7.23,1.235773637,4.37,1.228423421,7.769664579
Andy Gallik,2015,C,Boston Col.,306,6,2,74,5.5,1.109098364,27,1.053716553,29,1.86940877,96,1.056571321,7.66,1.349129569,4.58,1.326650092,7.764574669
La'el Collins,2015,OT,LSU,305,6,4,76,5.1,1.22439871,27,1.078658793,21,1.385753098,108,1.216778776,7.7,1.388276275,4.63,1.372878772,7.666744424
Jesse James,2015,TE,Penn State,261,6,7,79,4.83,1.15000592,37.5,1.332618256,26,1.526138956,121,1.212627486,7.53,1.207631186,4.5,1.186910248,7.615932051
Austin Shepherd,2015,OT,Alabama,315,6,4,76,5.39,1.196506298,29,1.196544999,17,1.158580459,94,1.093771086,8.04,1.497103893,4.7,1.439327991,7.581834726
Reese Dismukes,2015,C,Auburn,296,6,3,75,5.31,1.126258447,27.5,1.0521861,23,1.453563276,107,1.154545867,8.14,1.405559142,4.7,1.334715179,7.526828013
Lynden Trail,2015,DE,Norfolk State,269,6,7,79,4.91,1.16594345,32.5,1.190336153,24,1.451923534,117,1.208480569,7.32,1.209935439,4.48,1.217853792,7.444472937
Owamagbe Odighizuwa,2015,DE,UCLA,267,6,3,75,4.62,1.167643207,39,1.345996789,25,1.425166696,127,1.236091684,7.36,1.146362799,4.19,1.073307873,7.394569048
Vic Beasley,2015,OLB,Clemson,246,6,3,75,4.53,1.097179732,41,1.30372838,35,1.838304907,130,1.165773454,6.91,0.991622021,4.15,0.979449919,7.376058413
Preston Smith,2015,DE,Mississippi State,271,6,5,77,4.74,1.185936081,34,1.222772957,24,1.425687656,121,1.227212655,7.07,1.147495985,4.28,1.142461444,7.351566779
Tyrus Thompson,2015,OT,Oklahoma,324,6,5,77,5.35,1.256208019,29,1.246925841,29,2.059618883,97,1.176201986,,0,4.92,1.570140824,7.309095554
Al Bond,2015,OG,Memphis,303,6,4,76,5.57,1.113731835,23.5,0.932676373,22,1.442221725,90,1.007333249,7.9,1.414995494,4.65,1.369767763,7.280726439
Trey Flowers,2015,DE,Arkansas,266,6,2,74,4.93,1.07558824,36.5,1.238263618,28,1.569005693,121,1.157639043,7.34,1.123779644,4.4,1.10790826,7.272184498
Ryan Russell,2015,DE,Purdue,269,6,4,76,4.75,1.159449588,32.5,1.145133515,25,1.454986664,119,1.182462217,7.25,1.152857486,4.47,1.168990987,7.263880455
Daryl Williams,2015,OT,Oklahoma,327,6,5,77,5.34,1.270213806,26,1.128284749,27,1.935331537,97,1.187092746,,0,5.15,1.658759695,7.179682532
Anthony Chickillo,2015,DE,Miami (FL),267,6,3,75,4.79,1.126202843,34.5,1.190689467,27,1.539180032,114,1.109562614,7.17,1.116769194,4.25,1.088677437,7.171081587
Za'Darius Smith,2015,DE,Kentucky,274,6,4,76,4.83,1.161439608,29,1.040804222,23,1.363468543,113,1.143712947,7.42,1.201821047,4.66,1.24133168,7.152578046
Jake Fisher,2015,OT,Oregon,306,6,6,78,5.01,1.283387814,32.5,1.336922654,25,1.698670597,,0,7.25,1.34594025,4.33,1.322031164,6.986952478
Frank Clark,2015,DE,Michigan,271,6,3,75,4.79,1.143074796,38.5,1.348646644,19,1.099353306,118,1.165700547,7.08,1.119271787,4.05,1.052987813,6.929034893
Kyle Emanuel,2015,OLB,North Dakota State,255,6,3,75,4.77,1.080096783,34,1.120694532,27,1.470003401,120,1.115468033,7.1,1.056164431,4.25,1.039748114,6.882175295
Andrus Peat,2015,OT,Stanford,313,6,7,79,5.18,1.285941692,31,1.321113148,,0,105,1.261929715,8.01,1.540549615,4.62,1.461339662,6.870873832
Carl Davis,2015,DT,Iowa,320,6,5,77,5.07,1.309219159,33,1.401398136,,0,103,1.233537529,7.91,1.515964153,4.47,1.408918896,6.869037874
Leon Orr,2015,DT,Florida,323,6,5,77,5.16,1.298443791,28,1.20021257,,0,100,1.208836839,8.26,1.597883234,4.9,1.558931723,6.864308156
Lorenzo Mauldin,2015,OLB,Louisville,259,6,4,76,4.85,1.093329901,32,1.08560098,23,1.288826105,112,1.07153366,7.47,1.143683099,4.58,1.153231779,6.836205524
Geneo Grissom,2015,OLB,Oklahoma,262,6,3,75,4.81,1.100517838,37,1.253057992,20,1.118782545,117,1.117436506,7.24,1.106554646,4.38,1.100967331,6.797316858
Eric Tomlinson,2015,TE,Texas-El Paso,263,6,6,78,4.98,1.109687302,30.5,1.078343395,19,1.109576075,110,1.09677483,7.46,1.190312306,4.54,1.191362625,6.776056533
Robert Myers,2015,OG,Tennessee State,326,6,5,77,5.44,1.243051247,27.5,1.189728626,,0,94,1.14686056,8.1,1.581485044,4.91,1.576622008,6.737747484
Martin Ifedi,2015,DE,Memphis,275,6,3,75,4.88,1.138554288,31,1.101951659,16,0.939435725,111,1.112734043,7.39,1.185523427,4.58,1.208362398,6.68656154
Obum Gwacham,2015,DE,Oregon State,246,6,5,77,4.72,1.081093962,36,1.175263437,22,1.186319433,121,1.114001156,7.28,1.072578177,4.28,1.037068322,6.666324487
Nick Boyle,2015,TE,Pittsburgh,268,6,4,76,5.04,1.088673014,30.5,1.070668727,20,1.159662233,112,1.10876842,7.13,1.129560927,4.23,1.102114004,6.659447326
Clive Walford,2015,TE,Miami (FL),251,6,4,76,4.79,1.072831233,35,1.150700363,20,1.086101569,120,1.112610102,7.32,1.086100815,4.57,1.115170522,6.623514604
Dante Fowler,2015,OLB,Florida,261,6,3,75,4.6,1.14636666,32.5,1.096458059,19,1.058786764,112,1.06560005,7.4,1.126692064,4.32,1.081740986,6.575644583
Corey Crawford,2015,DE,Clemson,299,6,5,77,5.01,1.237951971,33,1.309431383,,0,110,1.230917759,7.64,1.3681289,4.65,1.369470349,6.515900363
Edmond Robinson,2015,OLB,Newberry,245,6,3,75,4.61,1.073757055,37,1.171752703,20,1.046189785,121,1.080655223,7.49,1.070485799,4.38,1.02953052,6.472371085
Joey Iosefa,2015,FB,Hawaii,247,6,1,73,5.02,0.967599654,31.5,0.97889759,30,1.53990596,110,0.964021983,7.24,1.015383553,4.33,0.998723978,6.464532718
Stephone Anthony,2015,ILB,Clemson,243,6,3,75,4.56,1.076669232,37,1.162187375,23,1.193296879,122,1.080691676,7.07,1.002209917,4.03,0.939529347,6.454584426
Darius Philon,2015,DT,Arkansas,298,6,1,73,5,1.172056986,31,1.162271825,26,1.610147284,107,1.131350937,8,1.353632759,,0,6.429459791
Benardrick McKinney,2015,ILB,Mississippi State,246,6,4,76,4.66,1.08079267,40.5,1.30500031,16,0.851572864,121,1.099533608,7.21,1.048469277,4.27,1.021208313,6.406577043
Xzavier Dickson,2015,OLB,Alabama,260,6,3,75,4.74,1.108245248,29.5,0.99143334,19,1.054730109,100,0.947783296,7.56,1.146642809,4.53,1.129979542,6.378814344
Leonard Williams,2015,DT,USC,302,6,5,77,4.97,1.260436257,29.5,1.182296969,,0,106,1.198058355,7.59,1.372812386,4.53,1.34751509,6.361119058
MyCole Pruitt,2015,TE,Southern Illinois,251,6,2,74,4.58,1.092495285,38,1.21645467,17,0.898891956,118,1.065275374,7.25,1.047406326,4.37,1.038304283,6.358827894
Nick O'Leary,2015,TE,Florida State,252,6,3,75,4.93,1.03274831,30.5,0.993501519,21,1.129884967,110,1.010482806,7.4,1.087840614,4.5,1.087957888,6.342416104
Maxx Williams,2015,TE,Minnesota,249,6,4,76,4.78,1.06650931,34.5,1.125223844,17,0.915830267,117,1.076151065,7.3,1.074502782,4.37,1.057869616,6.316086885
Jalston Fowler,2015,FB,Alabama,254,5,11,71,4.94,0.98343288,33.5,1.041223028,23,1.180790997,114,0.999243554,7.56,1.060438791,4.4,1.015038486,6.280167735
Damien Wilson,2015,ILB,Minnesota,245,6,1,73,4.77,1.010066979,37,1.140505964,22,1.120120529,119,1.034452003,7.21,1.002988501,4.2,0.960895152,6.269029128
Brett Boyko,2015,OG,UNLV,301,6,7,79,5.6,1.143892382,25,1.024567293,,0,103,1.190433803,7.91,1.462991542,4.75,1.444857324,6.266742344
B.J. Finney,2015,C,Kansas State,318,6,4,76,5.25,1.240112305,24,0.999675034,20,1.376017127,99,1.162921355,,0,4.76,1.471585271,6.250311092
Blake Bell,2015,TE,Oklahoma,252,6,6,78,4.8,1.10314732,33,1.117933513,14,0.783386911,116,1.108224052,6.85,1.047267099,4.32,1.086217155,6.24617605
Darrian Miller,2015,OT,Kentucky,307,6,5,77,5.51,1.155731924,25,1.018535104,,0,97,1.114487685,7.91,1.454378109,4.87,1.472637411,6.215770233
Henry Anderson,2015,DE,Stanford,294,6,6,78,4.97,1.242982895,30,1.185687059,,0,111,1.237198403,7.2,1.284239946,4.19,1.229118409,6.179226713
Bryce Hager,2015,ILB,Baylor,234,6,1,73,4.6,1.000369619,35,1.030418516,26,1.264343841,117,0.971402056,7.15,0.949984467,4.36,0.952714936,6.169233434
Joey Mbu,2015,DT,Houston,313,6,3,75,5.54,1.14149876,22.5,0.910321943,,0,97,1.106755717,8.2,1.497239232,5.01,1.504461554,6.160277206
Darren Waller,2015,WR,Georgia Tech,238,6,6,78,4.46,1.121285766,37,1.183805016,12,0.634170356,125,1.127862122,7.07,1.020851846,4.25,1.009248836,6.097223942
Amarlo Herrera,2015,ILB,Georgia,244,6,1,73,4.83,0.993448055,32,0.982357481,23,1.166255364,111,0.960970607,7.35,1.018290684,4.27,0.972922683,6.094244873
Taiwan Jones,2015,ILB,Michigan State,245,6,3,75,4.95,1.000004045,32,1.013407743,19,0.993880295,115,1.027069014,7.25,1.036184519,4.33,1.017777888,6.088323504
David Johnson,2015,RB,New Mexico,224,6,1,73,4.5,0.978899198,41.5,1.16956905,25,1.163761589,127,1.009366852,6.82,0.86741514,4.27,0.893174922,6.082186751
Michael Burton,2015,FB,Rutgers,242,5,11,71,4.65,0.995406265,33,0.97722495,25,1.222832169,115,0.960386383,7.2,0.962227924,4.34,0.953896404,6.071974095
Alani Fua,2015,OLB,BYU,238,6,5,77,4.73,1.043725152,34.5,1.089666676,18,0.939059951,118,1.05105182,6.83,0.973554191,4.15,0.972867166,6.069924955
Jake Ryan,2015,OLB,Michigan,240,6,2,74,4.65,1.028891588,34.5,1.056012232,20,1.011174453,120,1.035854236,7.11,0.982164668,4.2,0.954179362,6.068276539
Tony Washington,2015,OLB,Oregon,247,6,4,76,4.99,1.01342032,32.5,1.051479473,17,0.908474201,110,1.003639325,7.2,1.051271248,4.31,1.034964809,6.063249375
Zack Wagenmann,2015,DE,Montana,247,6,3,75,4.81,1.037511092,37.5,1.197281788,14,0.738311077,109,0.981429603,7.07,1.018707199,4.26,1.009498279,5.982739038
Jordan Hicks,2015,OLB,Texas,236,6,1,73,4.68,0.991673295,38,1.128301984,20,0.980884768,124,1.038319445,6.78,0.908523786,4.15,0.914577951,5.962281228
Kwon Alexander,2015,OLB,LSU,227,6,1,73,4.55,0.981108252,36,1.02815386,24,1.132173774,121,0.974559875,7.14,0.920277225,4.2,0.890298773,5.926571759
Josue Matias,2015,OG,Florida State,309,6,5,77,5.52,1.161153765,17.5,0.717619358,,0,84,0.971410804,8.19,1.515670686,5.12,1.558321034,5.924175648
Cameron Clear,2015,OT,Texas A&M,277,6,5,77,4.98,1.15377403,32,1.176325102,,0,108,1.119614949,7.52,1.247556088,4.48,1.222323821,5.91959399
Dorial Green-Beckham,2015,WR,Oklahoma,237,6,5,77,4.49,1.094894661,33.5,1.053636411,13,0.675360343,119,1.055505429,6.89,0.977980146,4.45,1.038811741,5.89618873
Bobby Richardson,2015,DT,Indiana,283,6,3,75,5.16,1.108096556,32.5,1.188879811,,0,106,1.093523204,7.57,1.249727491,4.41,1.197358098,5.83758516
Zach Zenner,2015,FB,South Dakota State,223,5,11,71,4.6,0.927224691,41,1.118803872,25,1.126824684,121,0.931157233,7.08,0.871903085,4.14,0.838496627,5.814410193
Chris Conley,2015,WR,Georgia,213,6,2,74,4.35,0.976116545,45,1.222448942,18,0.807675594,139,1.064879735,7.06,0.865541248,4.3,0.866996903,5.803658967
Louis Trinca-Pasat,2015,DT,Iowa,290,6,1,73,4.96,1.149790695,32,1.167556023,,0,105,1.080400051,7.4,1.218496603,4.3,1.164466719,5.78071009
T.J. Yeldon,2015,RB,Alabama,226,6,1,73,4.61,0.964073137,36,1.023624548,22,1.033254039,117,0.938191729,7.19,0.922639268,4.22,0.890597594,5.772380315
Hayes Pullard,2015,ILB,USC,240,6,1,73,4.78,0.987383381,31,0.936057846,19,0.947634437,110,0.936701522,7.07,0.963441303,4.39,0.983866989,5.755085477
Kevin White,2015,WR,West Virginia,215,6,3,75,4.35,0.99859658,36.5,1.014377202,23,1.05579765,123,0.964004971,6.92,0.867915736,4.14,0.853960596,5.754652736
Clayton Geathers,2015,S,Central Florida,218,6,2,74,4.55,0.955116669,37,1.028719162,22,1.010331808,120,0.940900931,7.21,0.904680487,4.27,0.881158136,5.720907193
Geremy Davis,2015,WR,Connecticut,216,6,2,74,4.49,0.959000289,36.5,1.005507299,23,1.046565559,124,0.963344439,6.86,0.852867041,4.18,0.854672086,5.681956713
Sammie Coates,2015,WR,Auburn,212,6,1,73,4.43,0.941097463,41,1.093577258,23,1.013303841,131,0.985381616,6.98,0.840206213,4.06,0.803752843,5.677319233
Max Valles,2015,OLB,Virginia,251,6,5,77,4.83,1.077945798,36.5,1.215805779,,0,121,1.136643456,7.59,1.140979831,4.37,1.0803977,5.651772563
Ben Heeney,2015,ILB,Kansas,231,6,1,73,4.59,0.98969588,33.5,0.973613392,19,0.912098145,120,0.983536598,6.68,0.876159244,4,0.862844626,5.597947886
Jay Ajayi,2015,RB,Boise State,221,6,1,73,4.57,0.950995675,39,1.084392819,19,0.872613377,121,0.948800583,7.1,0.890933373,4.1,0.846129346,5.593865174
Karlos Williams,2015,RB,Florida State,230,6,1,73,4.48,1.009606854,33.5,0.969398616,16,0.764757616,117,0.954796892,7.16,0.935051354,4.46,0.957906945,5.591518277
David Parry,2015,DT,Stanford,308,6,1,73,5.38,1.125825053,29,1.123772672,34,2.176234171,103,1.125602996,,0,,0,5.551434892
Devante Davis,2015,WR,UNLV,220,6,3,75,4.57,0.972629308,35.5,1.009529907,16,0.75154858,115,0.922266053,7.25,0.930451404,4.12,0.869598791,5.456024045
Wes Saxton,2015,TE,South Alabama,248,6,3,75,4.65,1.077555379,36,1.15404392,,0,119,1.075806947,7.29,1.054659375,4.49,1.068309407,5.430375028
Gus Johnson,2015,RB,Stephen F. Austin,215,5,10,70,4.7,0.862617471,36.5,0.946752055,26,1.113943028,120,0.877793145,7.09,0.829954875,4.13,0.795104697,5.42616527
Josh Shaw,2015,CB,USC,201,6,1,73,4.44,0.890257324,37.5,0.948324733,26,1.08603894,130,0.92712162,7.01,0.800034435,4.12,0.773310489,5.425087542
John Crockett,2015,RB,North Dakota State,217,6,1,73,4.62,0.923677206,40,1.092067487,15,0.676436424,125,0.962425333,7.15,0.880968501,4.25,0.861210451,5.396785401
Jean Sifrin,2015,TE,Massachusetts,245,6,5,77,4.84,1.050004247,33,1.072945448,,0,114,1.045288325,7.5,1.10049942,4.6,1.110075221,5.378812661
Melvin Gordon,2015,RB,Wisconsin,215,6,1,73,4.52,0.935411044,35,0.946752055,19,0.848922516,126,0.961183494,7.04,0.85942053,4.07,0.817134405,5.368824044
Dez Lewis,2015,WR,Central Arkansas,214,6,4,76,4.58,0.956624492,33.5,0.93902913,16,0.740799158,119,0.940694849,7.11,0.89943278,4.28,0.890448695,5.367029103
Malcolm Brown,2015,RB,Texas,224,5,11,71,4.62,0.92735069,34.5,0.945654197,19,0.860227059,117,0.904412732,6.86,0.848598437,4.15,0.844291138,5.330534254
Eli Harold,2015,OLB,Virginia,247,6,3,75,4.6,1.084875728,35,1.117463002,,0,123,1.107484781,7.07,1.018707199,4.16,0.985801137,5.314331848
Martrell Spaight,2015,ILB,Arkansas,236,6,1,73,4.81,0.964871314,35,1.039225512,25,1.22610596,120,1.004825269,7.66,1.026444277,,0,5.261472331
Donatella Luckett,2015,WR,Harding,211,6,1,73,4.4,0.943044631,34,0.902591262,17,0.745430861,118,0.883408882,7.51,0.899739936,4.5,0.886656897,5.260872468
Nate Orchard,2015,DE,Utah,250,6,3,75,4.8,1.052300175,31.5,1.017931885,,0,115,1.048029606,7.28,1.061706305,4.43,1.062533828,5.242501798
Jerry Lovelocke,2015,QB,Prairie View,248,6,4,76,4.99,1.017523236,31.5,1.023252275,,0,113,1.035185441,7.3,1.07018751,4.51,1.087375597,5.233524059
Ameer Abdullah,2015,RB,Nebraska,205,5,9,69,4.6,0.828370698,42.5,1.036093082,24,0.966423151,130,0.893759648,6.79,0.747041057,3.95,0.714723093,5.186410729
Aaron Davis,2015,OLB,Colorado State,225,6,1,73,4.95,0.893881167,29,0.820937829,16,0.74813245,107,0.854207922,7.38,0.9428302,4.37,0.918173137,5.178162704
Tre McBride,2015,WR,William & Mary,210,6,1,73,4.41,0.936446937,38,1.003997528,16,0.698256953,122,0.90902625,6.96,0.829894984,4.08,0.80009229,5.177714941
Eric Rowe,2015,CB,Utah,205,6,1,73,4.45,0.905933497,39,1.005884742,19,0.809437748,125,0.909203655,6.7,0.779871894,3.97,0.759984956,5.170316491
Javorius Allen,2015,RB,USC,221,6,1,73,4.53,0.959392988,35.5,0.987075515,11,0.505197218,121,0.948800583,6.96,0.873365673,4.28,0.883276488,5.157108465
Ramik Wilson,2015,ILB,Georgia,237,6,2,74,4.77,0.990469929,35,1.057925297,23,1.148314988,111,0.946188104,,0,4.51,1.011799301,5.154697619
Terrence Magee,2015,RB,LSU,213,5,8,68,4.62,0.844551521,37,0.92362809,22,0.907119136,115,0.80958191,7.52,0.847184696,4.37,0.809669389,5.141734742
Ezell Ruffin,2015,WR,San Diego State,218,6,1,73,4.68,0.916037196,27.5,0.754256288,17,0.770160794,110,0.850837216,7.35,0.909784299,4.58,0.93235778,5.133433574
Jahwan Edwards,2015,RB,Ball State,220,5,9,69,4.8,0.851942222,35.5,0.928767515,16,0.691424694,117,0.863241026,7.63,0.9008823,4.5,0.873820145,5.110077901
Da'Ron Brown,2015,WR,Northern Illinois,205,6,1,73,4.54,0.887974463,37,0.954300909,17,0.724233775,120,0.872835509,7.04,0.819447482,4.11,0.786785433,5.04557757
Jon Feliciano,2015,OG,Miami (FL),323,6,4,76,5.33,1.240704946,26.5,1.121163319,,0,97,1.157343529,,0,4.74,1.488443053,5.007654848
Rannell Hall,2015,WR,Central Florida,198,6,1,73,4.6,0.846466601,41,1.021359891,16,0.658356556,132,0.927334507,6.86,0.771229993,4.15,0.7673154,4.992062948
Mike Davis,2015,RB,South Carolina,217,5,9,69,4.61,0.874958606,34,0.877393947,17,0.724620936,116,0.84419204,7,0.815227103,4.18,0.800613435,4.937006066
Cody Prewitt,2015,S,Mississippi,208,6,2,74,4.6,0.9013985,35,0.928474523,11,0.481993156,125,0.935146185,7.12,0.85240658,4.23,0.832862272,4.932281215
Davis Tull,2015,OLB,Tenn-Chattanooga,246,6,2,74,4.57,1.07307539,42.5,1.333406749,26,1.347389959,132,1.167925651,,0,,0,4.921797749
Nick Marshall,2015,CB,Auburn,207,6,1,73,4.54,0.896637629,37.5,0.976632934,12,0.516211391,124,0.910729343,6.96,0.818039341,4.15,0.802193372,4.92044401
Alex Carter,2015,CB,Stanford,196,6,1,73,4.51,0.854637603,40,0.986383536,17,0.692438145,121,0.841470201,7.05,0.784584625,4.07,0.744922527,4.904436638
Craig Mager,2015,CB,Texas State,201,5,11,71,4.44,0.865866713,38,0.934641143,17,0.690647524,130,0.901721028,6.83,0.758135538,4.07,0.742996183,4.894008128
Marcus Peters,2015,CB,Washington,197,6,1,73,4.53,0.855205514,37.5,0.929452599,17,0.695970993,121,0.845763416,7.08,0.7919433,4.08,0.750562767,4.868898589
Brandon Bridge,2015,QB,South Alabama,229,6,4,76,4.72,0.993314291,33,0.989851183,,0,110,0.930499617,7.18,0.971952998,4.37,0.972900169,4.858518259
Landon Collins,2015,S,Alabama,228,6,1,73,4.53,0.989781001,35,1.003997528,,0,120,0.970763395,7.38,0.955401269,4.33,0.921899057,4.841842251
Marcus Mariota,2015,QB,Oregon,222,6,4,76,4.52,1.005559423,36,1.046829517,,0,121,0.992262037,6.87,0.901560859,4.11,0.887046029,4.833257864
Ross Scheuerman,2015,WR,Lafayette,204,6,1,73,4.62,0.868341705,33,0.846981373,15,0.635912583,121,0.875815923,7.08,0.820083417,4.11,0.782947455,4.830082456
Dean Marlowe,2015,S,James Madison,203,6,1,73,4.58,0.871631723,33.5,0.855599648,16,0.674981722,114,0.821104039,7,0.806842345,4.18,0.792378982,4.822538458
Bryce Petty,2015,QB,Baylor,230,6,3,75,4.87,0.954200734,34,1.010822519,,0,121,1.014492659,6.91,0.92712628,4.13,0.911332626,4.817974817
Sean Mannion,2015,QB,Oregon State,229,6,6,78,5.14,0.936152441,31,0.954330208,,0,105,0.911577974,7.29,1.012813213,4.39,1.003072612,4.817946447
Brett Hundley,2015,QB,UCLA,226,6,3,75,4.63,0.986207542,36,1.051669056,,0,120,0.988610884,6.93,0.91363911,3.98,0.862959754,4.803086346
Trae Waynes,2015,CB,Michigan State,186,6,1,73,4.31,0.848668616,38,0.889254954,19,0.734416688,122,0.805137535,7.06,0.745610904,4.39,0.762496917,4.785585614
Ty Montgomery,2015,WR,Stanford,221,6,1,73,4.55,0.955175876,40.5,1.126100235,,0,121,0.948800583,6.97,0.874620509,4.21,0.868830377,4.77352758
P.J. Williams,2015,CB,Florida State,194,6,1,73,4.57,0.834810683,40,0.976318398,12,0.483792318,132,0.908600476,7.08,0.77988325,4.28,0.775364881,4.758770006
Matt Jones,2015,RB,Florida,231,6,2,74,4.61,0.998900849,31.5,0.928028141,20,0.973255411,112,0.930542389,,0,4.2,0.918397636,4.749124425
Kyshoen Jarrett,2015,S,Virginia Tech,200,5,10,70,4.57,0.825261231,33,0.796248941,21,0.836951828,109,0.741701184,6.95,0.756806033,4.4,0.78798596,4.744955177
Justin Cox,2015,CB,Mississippi State,191,6,1,73,4.36,0.861488226,38,0.913159657,15,0.595388742,129,0.874219273,7.05,0.764569711,4.07,0.725919401,4.734745009
Tye Smith,2015,CB,Towson,195,6,1,73,4.6,0.833641349,36.5,0.895482758,15,0.607857616,124,0.857933439,6.97,0.771723978,3.96,0.72109158,4.687730721
Paul Dawson,2015,ILB,TCU,235,6,1,73,4.93,0.93739668,28,0.827857611,21,1.0255649,109,0.908848844,,0,4.49,0.985314402,4.684982437
Vince Mayle,2015,WR,Washington State,224,6,2,74,4.67,0.956186187,35.5,1.014179863,,0,117,0.942627355,6.93,0.893479757,4.13,0.875724615,4.682197777
Jermaine Whitehead,2015,S,Auburn,197,5,11,71,4.59,0.820902347,37,0.891934969,15,0.597267613,128,0.870179772,6.95,0.756103284,4.11,0.735367046,4.671755031
Anthony Jefferson,2015,S,UCLA,198,6,1,73,4.72,0.824946263,33.5,0.834525765,15,0.617209271,116,0.814930324,7.18,0.807205736,4.15,0.7673154,4.66613276
Gerald Christian,2015,TE,Louisville,244,6,3,75,4.87,1.012282518,,0,28,1.458687471,,0,7.62,1.084620494,4.7,1.100238188,4.655828671
Jordan Richards,2015,S,Stanford,211,5,11,71,4.65,0.867895545,32,0.82622375,13,0.554417957,111,0.808236058,6.74,0.785366632,4.22,0.808706665,4.650846606
Jameis Winston,2015,QB,Florida State,231,6,4,76,4.97,0.951587638,28.5,0.862337603,,0,103,0.87889549,7.16,0.977710635,4.36,0.979151354,4.64968272
Shaq Thompson,2015,OLB,Washington,228,6,1,73,4.64,0.966316365,33.5,0.960969063,,0,117,0.946494311,6.99,0.904912584,4.08,0.868671629,4.647363951
Ladarius Gunter,2015,S,Miami (FL),202,6,1,73,4.62,0.859828551,33.5,0.851384871,12,0.503742516,108,0.774056076,7.18,0.823512923,4.41,0.83186066,4.644385598
Braylon Heard,2015,RB,Kentucky,198,5,10,70,4.63,0.806421034,30.5,0.728567781,19,0.749669709,116,0.781440037,7.19,0.775110938,4.4,0.7801061,4.621315599
Steven Nelson,2015,CB,Oregon State,197,5,10,70,4.49,0.827365739,34.5,0.819955443,19,0.745883498,115,0.770790841,6.88,0.737945773,4.07,0.717953708,4.619895002
Ronald Darby,2015,CB,Florida State,193,5,11,71,4.38,0.842793457,41.5,0.980100581,12,0.468112281,129,0.85917139,6.94,0.739685104,4.14,0.725694391,4.615557204
Tevin McDonald,2015,S,East. Washington,195,5,11,71,4.63,0.805548284,33,0.787433328,19,0.748858378,112,0.753677277,7.01,0.75488835,4.26,0.754467135,4.604872751
Kenny Bell,2015,WR,Nebraska,197,6,1,73,4.42,0.876488909,41.5,1.02859421,7,0.286576291,129,0.901681658,6.66,0.744963613,4.15,0.763440069,4.60174475
Quinten Rollins,2015,CB,Miami (OH),195,5,11,71,4.57,0.816124411,36.5,0.870948984,14,0.551790384,122,0.820969891,7.1,0.764580212,4.28,0.758009234,4.582423115
Damarious Randall,2015,S,Arizona State,196,5,11,71,4.46,0.840541517,38,0.911391364,14,0.554620078,120,0.811652452,6.83,0.739276445,4.07,0.724513691,4.581995546
Adrian Amos,2015,S,Penn State,218,6,1,73,4.56,0.940143438,35.5,0.9736763,,0,122,0.943655821,7.09,0.877601453,4.03,0.820393418,4.55547043
Byron Jones,2015,CB,Connecticut,199,6,1,73,4.43,0.883388657,44.5,1.114147884,,0,147,1.037929152,6.78,0.766085735,3.94,0.732166621,4.533718048
Cody Fajardo,2015,QB,Nevada,223,6,1,73,4.63,0.947166524,32.5,0.911838607,,0,118,0.933650146,6.95,0.880003243,4.1,0.853786625,4.526445145
Randy Gregory,2015,DE,Nebraska,235,6,5,77,4.64,1.050558437,36.5,1.138304215,24,1.236297414,125,1.099367868,,0,,0,4.524527934
Bryan Bennett,2015,QB,SE Louisiana,211,6,2,74,4.81,0.874477635,37,0.995686895,,0,125,0.948633871,7.13,0.865915373,4.2,0.838882689,4.523596463
Justin Coleman,2015,CB,Tennessee,185,5,11,71,4.53,0.781108715,37.5,0.848922877,20,0.747847773,124,0.791637213,6.61,0.675310157,3.98,0.668730169,4.513556902
Bobby McCain,2015,CB,Memphis,195,5,9,69,4.51,0.803686676,36,0.834820481,17,0.651157062,130,0.850161616,6.8,0.711646569,3.82,0.65748346,4.508955864
Quandre Diggs,2015,CB,Texas,196,5,9,69,4.56,0.7989506,35.5,0.827447422,17,0.654496329,113,0.742776311,7.22,0.759476088,4.15,0.717944753,4.501091504
D'Joun Smith,2015,CB,Florida Atlantic,187,5,10,70,4.37,0.806933634,36,0.81217392,18,0.670757108,124,0.788925095,6.96,0.70863179,4.26,0.71332429,4.500745835
Deon Long,2015,WR,Maryland,192,6,1,73,4.51,0.83719602,34,0.821315271,12,0.478804768,120,0.817484965,6.98,0.760941476,4.27,0.765578505,4.481321004
Kurtis Drummond,2015,S,Michigan State,208,6,1,73,4.65,0.879655961,39.5,1.033689686,,0,119,0.878228639,7.09,0.837344506,4.33,0.841030719,4.469949511
Anthony Boone,2015,QB,Duke,231,6,1,73,5.03,0.903122086,26.5,0.770171788,,0,100,0.819613832,7.47,0.979776879,4.62,0.996585543,4.469270128
Keith Mumphery,2015,WR,Michigan State,215,6,1,73,4.54,0.931290291,32.5,0.879126908,,0,121,0.923041291,7.07,0.863082834,4.25,0.853273027,4.449814351
Kenny Hilliard,2015,RB,LSU,226,6,1,73,4.83,0.920160903,27,0.767718411,,0,111,0.890079333,7.17,0.920072817,4.4,0.928585169,4.426616632
Tony Lippett,2015,WR,Michigan State,192,6,2,74,4.61,0.830255251,36,0.881540646,10,0.404469781,114,0.787249219,6.92,0.764734684,4.13,0.750621098,4.41887068
Tayo Fabuluje,2015,OG,TCU,353,6,6,78,5.55,1.336459902,29.5,1.399903877,,0,,0,,0,4.77,1.680062563,4.416426341
Julian Wilson,2015,CB,Oklahoma,205,6,2,74,4.58,0.892277025,36,0.941228294,,0,125,0.9216585,6.94,0.818873461,4.22,0.818909292,4.392946572
Jeremy Langford,2015,RB,Michigan State,208,6,1,73,4.42,0.925429914,34.5,0.90284289,,0,118,0.870848566,7.22,0.85269779,4.32,0.839088384,4.390907545
Mike Hull,2015,OLB,Penn State,237,6,1,73,4.68,0.9958753,,0,31,1.526813642,,0,6.99,0.940632818,4.15,0.918453281,4.381775041
Josh Harper,2015,WR,Fresno State,191,6,1,73,4.64,0.809501867,32,0.768976553,13,0.516003576,108,0.731904507,7.15,0.775414672,4.36,0.777643388,4.379444563
Zack Hodges,2015,OLB,Harvard,250,6,2,74,4.68,1.064891801,33.5,1.068128314,,0,125,1.12397378,,0,4.65,1.100430068,4.357423964
Durell Eskridge,2015,S,Syracuse,208,6,3,75,4.56,0.921593417,31,0.833476164,,0,117,0.887125165,7.09,0.860285451,4.26,0.850103814,4.352584011
Trey Williams,2015,RB,Texas A&M,195,5,7,67,4.49,0.783867541,33.5,0.754329536,18,0.669476059,119,0.755667622,6.84,0.69508395,4.12,0.688564134,4.346988842
Shane Carden,2015,QB,East Carolina,218,6,2,74,4.94,0.879712722,29.5,0.820195008,,0,104,0.815447474,7.17,0.899661455,4.45,0.918302976,4.333319633
Amari Cooper,2015,WR,Alabama,211,6,1,73,4.42,0.938777461,33,0.87604446,,0,120,0.898381914,6.71,0.803895468,3.98,0.784198766,4.30129807
Jalen Collins,2015,CB,LSU,203,6,1,73,4.48,0.891087788,36,0.919450368,,0,124,0.893130709,6.77,0.780331811,4.27,0.809439773,4.293440449
Phillip Dorsett,2015,WR,Miami (FL),185,5,10,70,4.33,0.805677954,37,0.825806667,13,0.479254558,122,0.767898887,6.7,0.674864084,4.11,0.680846732,4.234348883
Justin Hardy,2015,WR,East Carolina,192,5,10,70,4.56,0.793988174,36.5,0.845471603,11,0.420867205,114,0.744695207,6.63,0.693081876,4.21,0.723800922,4.221904987
Kaelin Clay,2015,WR,Utah,195,5,10,70,4.51,0.815334309,33,0.776342717,10,0.388584777,113,0.749696587,6.97,0.740009294,4.26,0.743840837,4.213808522
Garry Peters,2015,CB,Clemson,191,6,1,73,4.61,0.814769775,32.5,0.780991812,7,0.277848079,119,0.806450337,6.8,0.73745731,4,0.713434301,4.130951614
Devin Funchess,2015,WR,Michigan,232,6,4,76,4.7,1.010609386,38.5,1.16995511,17,0.853303703,122,1.04552843,,0,,0,4.079396629
Stefon Diggs,2015,WR,Maryland,195,6,1,73,4.46,0.859809463,35,0.858682096,,0,115,0.795664077,7.03,0.778367226,4.32,0.78664536,4.079168223
Denzel Perryman,2015,ILB,Miami (FL),236,5,11,71,4.78,0.944326252,32,0.924117559,27,1.287915137,113,0.920286887,,0,,0,4.076645835
Kevin Johnson,2015,CB,Wake Forest,188,6,1,73,4.52,0.81794082,41.5,0.981602596,,0,130,0.86715853,6.79,0.724806749,3.89,0.682917242,4.074425937
Titus Davis,2015,WR,Central Michigan,196,6,1,73,4.51,0.854637603,32.5,0.801436623,,0,119,0.827561602,7.14,0.794600599,4.28,0.783358333,4.061594761
Alvin Dupree,2015,DE,Kentucky,269,6,4,76,4.56,1.207759988,42,1.47986485,,0,138,1.371258705,,0,,0,4.058883542
Doran Grant,2015,CB,Ohio State,200,5,10,70,4.44,0.849424285,33,0.796248941,21,0.836951828,116,0.78933337,,0,4.33,0.77544982,4.047408244
Eric Kendricks,2015,ILB,UCLA,232,6,1,73,4.61,0.989667999,38,1.109178222,19,0.916046622,124,1.02072081,,0,,0,4.035613653
J.R. Tavai,2015,OLB,USC,249,6,2,74,4.91,1.01094885,30.5,0.968585132,20,1.049093495,112,1.003052185,,0,,0,4.031679663
Ereck Flowers,2015,OT,Miami (FL),329,6,6,78,5.31,1.301893886,,0,37,2.70299571,,0,,0,,0,4.004889596
Jamison Crowder,2015,WR,Duke,185,5,8,68,4.56,0.743182383,37,0.802212191,10,0.358124285,115,0.703157997,7.17,0.701570859,4.32,0.695187821,4.003435537
Senquez Golson,2015,CB,Mississippi,176,5,9,69,4.46,0.733510792,33.5,0.701154067,15,0.51856852,120,0.708300329,6.81,0.643251215,4.2,0.652452375,3.957237298
Lorenzo Doss,2015,CB,Tulane,182,5,10,70,4.5,0.762669752,33.5,0.73556512,9,0.326411213,115,0.712101183,7.2,0.713466637,4.26,0.694251448,3.944465353
DeAndrew White,2015,WR,Alabama,193,5,11,71,4.44,0.831404356,34.5,0.814782411,,0,118,0.785908714,6.97,0.742882591,4.18,0.732705931,3.907684001
Mario Alford,2015,WR,West Virginia,180,5,8,68,4.43,0.744315905,34,0.717244501,13,0.452978826,121,0.719848704,6.64,0.632151601,4.07,0.637255503,3.903795039
Chris Hackett,2015,S,TCU,195,6,1,73,4.81,0.797245365,32,0.785080774,,0,110,0.761069987,7.12,0.788332098,4.2,0.7647941,3.896522324
Chris Jones,2015,WR,Alabama,182,5,10,70,4.63,0.741255698,32.5,0.713607952,8,0.2901433,119,0.73686992,6.91,0.684729786,4.19,0.682843561,3.849450217
Devin Smith,2015,WR,Ohio State,196,6,1,73,4.42,0.872039727,39,0.961723948,10,0.407316556,122,0.8484245,,0,4.15,0.759564739,3.84906947
Dee Hart,2015,RB,Colorado State,199,5,7,67,4.8,0.748283639,33,0.758313366,,0,113,0.732286051,7.2,0.746675877,4.38,0.747032948,3.732591881
David Cobb,2015,RB,Minnesota,229,5,11,71,4.81,0.910601503,38.5,1.078850961,17,0.786857129,121,0.95621079,,0,,0,3.732520383
Jacoby Glenn,2015,CB,Central Florida,179,6,1,73,4.64,0.758643111,34,0.765705383,,0,123,0.781187781,6.97,0.708403037,4.26,0.712070932,3.726010243
Rashad Greene,2015,WR,Florida State,182,5,11,71,4.53,0.768442087,36.5,0.812885718,,0,122,0.766238565,6.88,0.691496394,4.12,0.681027611,3.720090375
Michael Dyer,2015,RB,Louisville,218,5,8,68,4.58,0.871925816,34,0.868662784,26,1.097215378,120,0.864611666,,0,,0,3.702415644
Tyler Lockett,2015,WR,Kansas State,182,5,10,70,4.4,0.780003155,35.5,0.779479456,,0,121,0.749254288,6.89,0.682747934,4.07,0.663287182,3.654772015
DeVante Parker,2015,WR,Louisville,209,6,3,75,4.45,0.948914639,36.5,0.986069001,17,0.758594348,125,0.952339946,,0,,0,3.645917934
Charles Gaines,2015,CB,Louisville,180,5,10,70,4.44,0.764481857,34.5,0.749197867,,0,123,0.753269001,7.07,0.692885868,4.2,0.676951575,3.636786168
Sean Hickey,2015,OT,Syracuse,309,6,5,77,5.39,1.189159329,,0,35,2.370666052,,0,,0,,0,3.559825381
James Sample,2015,S,Louisville,209,6,2,74,4.56,0.913677165,32.5,0.866299889,,0,123,0.924607807,7.04,0.84688104,,0,3.551465902
Troy Hill,2015,CB,Oregon,180,5,10,70,4.55,0.745999878,32.5,0.705766107,,0,120,0.734896586,6.81,0.667404917,4.21,0.678563364,3.532630852
Joe Cardona,2015,LS,Navy,242,6,2,74,4.91,0.982528601,33,1.018516145,30,1.52940136,,0,,0,,0,3.530446107
B.J. Catalon,2015,RB,TCU,186,5,7,67,4.57,0.73460039,36,0.773209426,,0,114,0.690505333,6.9,0.66881897,4.15,0.66156666,3.52870078
Cameron Artis-Payne,2015,RB,Auburn,212,5,10,70,4.53,0.882501205,36.5,0.933541561,,0,118,0.851119121,7.13,0.82299117,,0,3.490153057
Tre Jackson,2015,OG,Florida State,330,6,4,76,5.52,1.22396236,25,1.080623563,,0,96,1.170235326,,0,,0,3.474821249
Marcus Murphy,2015,RB,Missouri,198,5,9,69,4.61,0.798349327,29,0.682840342,11,0.427819029,109,0.723794399,,0,4.4,0.768961727,3.401764824
Josh Robinson,2015,RB,Mississippi State,217,5,8,68,4.7,0.845766339,32,0.813814675,21,0.882147226,113,0.810441234,,0,,0,3.352169474
Corey Robinson,2015,OT,South Carolina,324,6,7,79,5.34,1.291250351,,0,28,2.040249427,,0,,0,,0,3.331499777
Thomas Rawls,2015,RB,Central Michigan,215,5,9,69,4.65,0.859437315,35.5,0.907659162,15,0.63347859,116,0.836411468,,0,,0,3.236986535
J.J. Nelson,2015,WR,Ala-Birmingham,156,5,10,70,4.28,0.687319202,36,0.677535462,,0,127,0.67406348,7.02,0.596254261,4.15,0.579706944,3.214879349
DaVaris Daniels,2015,WR,Notre Dame,201,6,1,73,4.62,0.855571974,37,0.935680403,13,0.54301947,122,0.870067982,,0,,0,3.204339829
Adam Shead,2015,OG,Oklahoma,338,6,4,76,5.74,1.205585478,,0,26,1.901326811,,0,,0,,0,3.106912289
Jaelen Strong,2015,WR,Arizona State,217,6,2,74,4.44,0.974289655,42,1.162378681,,0,123,0.959999493,,0,,0,3.09666783
Marcus Hardison,2015,DT,Arizona State,307,6,3,75,4.91,1.263274573,,0,27,1.769768801,,0,,0,,0,3.033043374
Brandon Scherff,2015,OT,Iowa,319,6,5,77,5.05,1.310296672,,0,23,1.608282647,,0,,0,,0,2.918579319
Kevin White,2015,CB,TCU,183,5,9,69,4.63,0.734680981,35.5,0.772565705,18,0.647032085,121,0.742608626,,0,,0,2.896887398
A.J. Cann,2015,OG,South Carolina,313,6,3,75,5.47,1.156106606,,0,26,1.737529075,,0,,0,,0,2.89363568
Cedric Ogbuehi,2015,OT,Texas A&M,306,6,5,77,4.98,1.274566257,,0,23,1.542741348,,0,,0,,0,2.817307605
B.J. Dubose,2015,DE,Louisville,284,6,4,76,5.06,1.149108464,,0,26,1.597564539,,0,,0,,0,2.746673003
Blake Sims,2015,QB,Alabama,218,5,11,71,4.57,0.912385239,30.5,0.813619922,,0,115,0.865141453,,0,,0,2.591146613
Tavaris Barnes,2015,DE,Clemson,282,6,4,76,4.8,1.202821192,,0,22,1.342265764,,0,,0,,0,2.545086956
Jeff Heuerman,2015,TE,Ohio State,254,6,5,77,4.81,1.095365286,,0,26,1.447607823,,0,,0,,0,2.542973109
Danielle Hunter,2015,DE,LSU,252,6,5,77,4.57,1.143812067,,0,25,1.380970516,,0,,0,,0,2.524782582
Duke Johnson,2015,RB,Miami (FL),207,5,9,69,4.54,0.8475068,33.5,0.824652795,,0,121,0.839999921,,0,,0,2.512159516
Cedric Reed,2015,DE,Texas,269,6,5,77,4.89,1.141073853,,0,22,1.297235478,,0,,0,,0,2.438309331
Damian Swann,2015,CB,Georgia,189,6,1,73,4.5,0.825946198,33,0.784703331,,0,118,0.791299899,,0,,0,2.401949429
Yannick Cudjoe-Virgil,2015,OLB,Maryland,248,6,2,74,4.8,1.02996335,,0,25,1.306100335,,0,,0,,0,2.336063685
Ryan Delaire,2015,DE,Towson,254,6,4,76,4.97,1.046334459,,0,23,1.263945292,,0,,0,,0,2.310279751
Mark Nzeocha,2015,OLB,Wyoming,232,6,2,74,4.56,1.01422537,,0,24,1.172962366,,0,,0,,0,2.187187736
Shane Ray,2015,DE,Missouri,245,6,3,75,4.68,1.057696586,,0,21,1.098499274,,0,,0,,0,2.15619586
Randall Telfer,2015,TE,USC,250,6,4,76,4.83,1.059707671,,0,20,1.081774471,,0,,0,,0,2.141482142
E.J. Bibbs,2015,TE,Iowa State,258,6,2,74,4.88,1.053928653,,0,20,1.087012537,,0,,0,,0,2.14094119
Neiron Ball,2015,OLB,Florida,236,6,2,74,4.65,1.011743395,,0,22,1.0937537,,0,,0,,0,2.105497095
Tyler Kroft,2015,TE,Rutgers,246,6,5,77,4.75,1.074266,,0,17,0.91670138,,0,,0,,0,1.99096738
Tyler Varga,2015,FB,Yale,222,5,11,71,4.69,0.905353299,,0,23,1.032029926,,0,,0,,0,1.937383225
AJ Derby,2015,TE,Arkansas,255,6,4,76,4.72,1.106092333,,0,15,0.82755747,,0,,0,,0,1.933649804
Jaquiski Tartt,2015,S,Samford,221,6,1,73,4.53,0.959392988,,0,,0,124,0.972324565,,0,,0,1.931717552
Ibraheim Campbell,2015,S,Northwestern,208,5,11,71,4.52,0.880162491,,0,23,0.966946958,,0,,0,,0,1.847109449
Dominique Brown,2015,RB,Louisville,234,6,2,74,4.63,1.007502643,,0,17,0.838010828,,0,,0,,0,1.845513471
Tevin Coleman,2015,RB,Indiana,206,5,11,71,4.4,0.89547301,,0,22,0.916012461,,0,,0,,0,1.811485471
Todd Gurley,2015,RB,Georgia,222,6,1,73,4.52,0.965866287,,0,17,0.784292185,,0,,0,,0,1.750158473
Gerod Holliman,2015,S,Louisville,218,6,1,73,4.62,0.927933783,,0,17,0.770160794,,0,,0,,0,1.698094577
Donald Celiscar,2015,CB,West. Michigan,194,5,11,71,4.62,0.803151937,,0,,0,120,0.803370284,,0,,0,1.606522221
Kyle Brindza,2015,K,Notre Dame,236,6,1,73,5.17,0.897684917,,0,14,0.686619338,,0,,0,,0,1.584304254
Detrick Bonner,2015,S,Virginia Tech,207,6,1,73,4.56,0.892705007,,0,15,0.645264238,,0,,0,,0,1.537969246
Cam Worthy,2015,WR,East Carolina,211,6,2,74,4.59,0.916391595,,0,12,0.533394524,,0,,0,,0,1.449786119
JaCorey Shepherd,2015,CB,Kansas,199,5,11,71,4.62,0.823851729,,0,14,0.563109161,,0,,0,,0,1.38696089
Nelson Agholor,2015,WR,USC,198,6,1,73,4.42,0.880938091,,0,12,0.493767417,,0,,0,,0,1.374705508
Dres Anderson,2015,WR,Utah,187,6,1,73,4.54,0.810005974,,0,13,0.505197218,,0,,0,,0,1.315203192
Eddie Goldman,2015,DT,Florida State,336,6,4,76,5.28,1.302862413,,0,,0,,0,,0,,0,1.302862413
Jamon Brown,2015,OT,Louisville,323,6,4,76,5.08,1.30176326,,0,,0,,0,,0,,0,1.30176326
Bobby Hart,2015,OG,Florida State,329,6,5,77,5.61,1.216475509,,0,,0,,0,,0,,0,1.216475509
Greg Mancz,2015,C,Toledo,301,6,4,76,5.08,1.213098271,,0,,0,,0,,0,,0,1.213098271
Max Garcia,2015,C,Florida,309,6,4,76,5.24,1.207314434,,0,,0,,0,,0,,0,1.207314434
Hroniss Grasu,2015,C,Oregon,297,6,3,75,5.03,1.192969487,,0,,0,,0,,0,,0,1.192969487
Christian Covington,2015,DT,Rice,289,6,2,74,4.9,1.175744864,,0,,0,,0,,0,,0,1.175744864
Arie Kouandjio,2015,OG,Alabama,310,6,5,77,5.48,1.173414549,,0,,0,,0,,0,,0,1.173414549
Chad Hamilton,2015,C,Coastal Carolina,292,6,2,74,4.97,1.171218141,,0,,0,,0,,0,,0,1.171218141
Mike Bennett,2015,DT,Ohio State,293,6,2,74,5.04,1.158906534,,0,,0,,0,,0,,0,1.158906534
Ben Koyack,2015,TE,Notre Dame,255,6,5,77,4.79,1.104269304,,0,,0,,0,,0,,0,1.104269304
Rory Anderson,2015,TE,South Carolina,244,6,5,77,4.73,1.070037551,,0,,0,,0,,0,,0,1.070037551
Markus Golden,2015,OLB,Missouri,260,6,2,74,4.9,1.057763546,,0,,0,,0,,0,,0,1.057763546
Hau'oli Kikaha,2015,OLB,Washington,253,6,2,74,4.93,1.023021897,,0,,0,,0,,0,,0,1.023021897
Trey DePriest,2015,ILB,Alabama,254,6,1,73,4.93,1.013186199,,0,,0,,0,,0,,0,1.013186199
Breshad Perriman,2015,WR,Central Florida,212,6,2,74,,1,,0,,0,,0,,0,,0,1
DeAndre Smelter,2015,WR,Georgia Tech,226,6,2,74,4.52,0.996738726,,0,,0,,0,,0,,0,0.996738726
Spencer Roth,2015,P,Baylor,227,6,4,76,5.06,0.91847754,,0,,0,,0,,0,,0,0.91847754
Bradley Pinion,2015,P,Clemson,229,6,5,77,5.18,0.917014189,,0,,0,,0,,0,,0,0.917014189
Trevor Pardula,2015,P,Kansas,227,6,4,76,5.12,0.907714131,,0,,0,,0,,0,,0,0.907714131
Garrett Grayson,2015,QB,Colorado State,213,6,2,74,4.75,0.893917257,,0,,0,,0,,0,,0,0.893917257
Antwan Goodley,2015,WR,Baylor,209,5,10,70,4.44,0.887648378,,0,,0,,0,,0,,0,0.887648378
Kyle Loomis,2015,P,Portland State,221,6,2,74,5.08,0.867241175,,0,,0,,0,,0,,0,0.867241175
Connor Halliday,2015,QB,Washington State,204,6,3,75,4.87,0.846334564,,0,,0,,0,,0,,0,0.846334564
Josh Lambo,2015,K,Texas A&M,216,6,1,73,5.16,0.823202191,,0,,0,,0,,0,,0,0.823202191
Jared Roberts,2015,K,Colorado State,210,6,1,73,5.02,0.822655576,,0,,0,,0,,0,,0,0.822655576
Derron Smith,2015,S,Fresno State,200,5,10,70,4.61,0.818100613,,0,,0,,0,,0,,0,0.818100613
Will Johnson,2015,P,Texas State,206,6,2,74,5.02,0.818040548,,0,,0,,0,,0,,0,0.818040548
Kyle Christy,2015,P,Florida,202,6,2,74,4.93,0.816800092,,0,,0,,0,,0,,0,0.816800092
Justin Manton,2015,K,La-Monroe,196,6,3,75,4.93,0.803248685,,0,,0,,0,,0,,0,0.803248685
Ifo Ekpre-Olomu,2015,CB,Oregon,192,5,9,69,4.52,0.789571552,,0,,0,,0,,0,,0,0.789571552
Anthony Harris,2015,S,Virginia,183,6,1,73,4.56,0.789202978,,0,,0,,0,,0,,0,0.789202978
Will Baumann,2015,P,Boise State,187,6,6,78,5.14,0.76445636,,0,,0,,0,,0,,0,0.76445636
Sam Ficken,2015,K,Penn State,191,6,1,73,5.06,0.742310013,,0,,0,,0,,0,,0,0.742310013
Matt Feiler,2014,OT,Bloomsburg,330,6,6,78,5.37,1.291260496,26.5,1.175604686,36,2.637935516,103,1.288606169,8.13,1.627686768,4.86,1.60023063,9.621324266
Greg Robinson,2014,OT,Auburn,332,6,5,77,4.92,1.399726916,28.5,1.25568458,32,2.328798533,113,1.404047147,7.8,1.55094057,4.86,1.589288882,9.528486628
Russell Bodine,2014,OG,North Carolina,310,6,3,75,5.18,1.209129468,29,1.162058113,42,2.779875713,109,1.231753753,8.26,1.493739101,4.66,1.385947059,9.262503207
Ra'Shede Hageman,2014,DT,Minnesota,310,6,6,78,4.92,1.323947615,35.5,1.479420191,32,2.202720565,114,1.339786467,7.87,1.480139927,4.5,1.391895329,9.217910095
Gabe Jackson,2014,OG,Mississippi State,336,6,3,75,5.34,1.2712732,29,1.259521052,30,2.152161843,108,1.322813855,8.25,1.617060372,4.78,1.540870727,9.163701049
Brandon Thomas,2014,OG,Clemson,317,6,3,75,5.09,1.258294653,29,1.188298135,35,2.368872584,98,1.132455226,8.13,1.503428629,4.83,1.468944622,8.92029385
Taylor Lewan,2014,OT,Michigan,309,6,7,79,4.87,1.350318499,30.5,1.283193947,29,2.015286058,117,1.388180282,7.39,1.403142419,4.49,1.402069942,8.842191146
Tyler Larsen,2014,C,Utah State,313,6,4,76,5.17,1.239501323,23.5,0.963457772,36,2.437886948,102,1.179322381,8.22,1.520902915,4.7,1.4301894,8.771260739
Ryan Carrethers,2014,DT,Arkansas State,337,6,1,73,5.47,1.211560324,26,1.102384253,32,2.241072317,88,1.052228043,7.89,1.509737732,4.6,1.447599285,8.564581954
Justin Britt,2014,OT,Missouri,325,6,6,78,5.19,1.315801005,27.5,1.201482777,23,1.65981212,100,1.232118285,8.14,1.604996588,4.69,1.520857674,8.535068449
Cameron Fleming,2014,OT,Stanford,323,6,5,77,5.28,1.268933704,23.5,1.007321264,26,1.840855618,97,1.172571733,8.24,1.594014267,5,1.590746657,8.474443243
Cyril Richardson,2014,OG,Baylor,329,6,5,77,5.36,1.273214106,25.5,1.113355082,25,1.802933729,91,1.120475731,7.7,1.517221867,4.83,1.565206062,8.392406575
Billy Turner,2014,OT,North Dakota State,315,6,5,77,5.16,1.266284192,28,1.170485943,25,1.726213145,108,1.273208336,7.92,1.494163784,4.71,1.461369212,8.391724611
Zach Kerr,2014,DT,Tennessee,326,6,1,73,5.06,1.266979393,28.5,1.168939979,28,1.89693139,99,1.145117611,7.93,1.467862557,4.71,1.433834859,8.379665789
DaQuan Jones,2014,DT,Penn State,322,6,4,76,5.35,1.232239965,27.5,1.159869291,25,1.741656899,101,1.201338171,7.73,1.471365955,4.78,1.496356684,8.302826964
Jack Mewhort,2014,OT,Ohio State,309,6,6,78,5.37,1.209089374,26,1.080023791,28,1.921163138,101,1.183174755,7.79,1.460367922,4.64,1.430569066,8.284388046
Zach Fulton,2014,OG,Tennessee,316,6,5,77,5.16,1.270304142,24.5,1.02742655,25,1.731693186,98,1.158986353,7.87,1.489444363,5.16,1.606072983,8.283927578
Ryan Groy,2014,OG,Wisconsin,316,6,5,77,5.19,1.262961343,26.5,1.111298105,26,1.800960914,108,1.277250267,7.49,1.4175271,4.47,1.39130741,8.26130514
John Urschel,2014,OG,Penn State,313,6,3,75,5.31,1.190942209,29,1.173303837,30,2.00484124,102,1.163804981,7.55,1.378555634,4.47,1.342304022,8.253751923
Jay Bromley,2014,DT,Syracuse,306,6,3,75,5.06,1.221832804,33.5,1.325056476,26,1.698670597,106,1.182396115,7.92,1.413772782,4.78,1.403292984,8.245021758
Zack Martin,2014,OG,Notre Dame,308,6,4,76,5.22,1.208018023,28,1.129611831,29,1.932481915,106,1.205992517,7.65,1.392828,4.59,1.374405111,8.243337397
Cyrus Kouandjio,2014,OT,Alabama,322,6,7,79,5.59,1.225887913,27.5,1.205653605,21,1.520741471,96,1.186939642,7.71,1.52548902,4.84,1.574947538,8.239659189
Justin Ellis,2014,DT,Louisiana Tech,334,6,1,73,5.27,1.246345126,28,1.176614647,25,1.735251655,92,1.090263802,7.81,1.481126341,4.75,1.481496752,8.211098324
David Yankey,2014,OG,Stanford,315,6,6,78,5.48,1.207825532,28.5,1.206860042,22,1.538795717,103,1.230033161,7.81,1.492546723,4.86,1.527492874,8.203554051
Khyri Thornton,2014,DT,Southern Miss,304,6,3,75,5.03,1.221086613,29,1.139566666,28,1.817381112,112,1.241158679,7.83,1.388571841,4.76,1.388287991,8.196052902
Kadeem Edwards,2014,OG,Tennessee State,313,6,4,76,5.25,1.220613684,27,1.106951482,26,1.760696129,99,1.144636428,7.95,1.47094625,4.82,1.466704874,8.170548848
Jonotthan Harrison,2014,C,Florida,304,6,3,75,5.15,1.192634109,27,1.060975862,27,1.752474643,113,1.252240453,7.97,1.413399435,4.86,1.417453705,8.089178207
Jake Matthews,2014,OT,Texas A&M,308,6,5,77,5.07,1.260123441,30.5,1.246660425,24,1.620338738,105,1.21033385,7.34,1.353970638,4.47,1.356084438,8.04751153
Ja'Wuan James,2014,OT,Tennessee,311,6,6,78,5.26,1.242363992,29,1.212438956,22,1.519255454,103,1.214413693,7.42,1.400008402,4.56,1.415003785,8.003484281
Wesley Johnson,2014,C,Vanderbilt,297,6,5,77,5.11,1.205607337,29,1.143015355,26,1.692675289,111,1.233799506,7.4,1.316287143,4.64,1.357384614,7.948769244
Tenny Palepoi,2014,DT,Utah,298,6,1,73,5.1,1.149075477,30.5,1.143525505,31,1.919790993,111,1.17364443,7.67,1.297795408,4.53,1.260593587,7.944425399
Aaron Donald,2014,DT,Pittsburgh,285,6,1,73,4.68,1.197571563,32,1.147425747,35,2.07295033,116,1.173005769,7.11,1.150559455,4.39,1.16834205,7.909854915
Dakota Dozier,2014,OG,Furman,313,6,4,76,5.42,1.182328753,24,0.983956873,23,1.557538884,101,1.167760397,8.14,1.50610094,4.89,1.488005568,7.885691414
Joel Bitonio,2014,OG,Nevada,302,6,4,76,4.92,1.256709912,32,1.265835892,22,1.437461917,114,1.271744375,7.37,1.315708765,4.44,1.303590757,7.851051619
James Stone,2014,C,Tennessee,306,6,4,76,5.17,1.211780846,27.5,1.102236034,22,1.456501148,105,1.186857987,8.16,1.476035907,4.63,1.377380014,7.810791936
Xavier Su'a-Filo,2014,OG,UCLA,307,6,4,76,5.04,1.247099311,25,1.005307375,25,1.660523813,102,1.156715562,7.6,1.379231937,4.44,1.325173386,7.774051384
Eathyn Manumaleuna,2014,DT,BYU,296,6,2,74,5.16,1.143545205,28,1.057032533,29,1.80831698,101,1.075274244,7.78,1.325484864,4.61,1.29170138,7.701355206
Travis Swanson,2014,C,Arkansas,312,6,5,77,5.28,1.225719244,26,1.076528568,20,1.367818416,95,1.109285569,7.73,1.444430193,4.65,1.429012538,7.652794529
Weston Richburg,2014,C,Colorado State,298,6,3,75,5.1,1.180556996,25.5,0.982255796,25,1.590635489,106,1.151483798,7.93,1.3785498,4.63,1.323720473,7.607202352
Troy Niklas,2014,TE,Notre Dame,270,6,6,78,4.84,1.172175428,32,1.161489364,27,1.618733157,114,1.166910794,7.57,1.240012295,4.55,1.225765887,7.585086925
Charles Leno,2014,OG,Boise State,303,6,4,76,5.25,1.181616442,29,1.150962333,21,1.376666192,108,1.208799899,7.57,1.355888088,4.4,1.296124335,7.570057288
Kareem Martin,2014,DE,North Carolina,272,6,6,78,4.72,1.210880028,35.5,1.29807191,22,1.328737889,129,1.330232811,7.2,1.188140358,4.33,1.175138812,7.531201809
Matt Paradis,2014,C,Boise State,306,6,3,75,5.34,1.157766665,26,1.028402041,23,1.502670144,103,1.148932074,7.6,1.35665065,4.46,1.309348683,7.503770256
Will Sutton,2014,DT,Arizona State,303,6,1,73,5.36,1.111681317,28.5,1.086468754,24,1.511227549,99,1.064327104,7.93,1.364301702,4.82,1.363798769,7.501805195
Gabe Ikard,2014,C,Oklahoma,304,6,4,76,5.13,1.213247538,26,1.035302865,22,1.446981533,103,1.156641683,7.3,1.311842754,4.37,1.291535596,7.45555197
Jace Amaro,2014,TE,Texas Tech,265,6,5,77,4.74,1.159679194,33,1.160532831,28,1.626476385,118,1.170288791,7.42,1.177639189,4.3,1.122387502,7.417003891
Anthony Johnson,2014,DT,LSU,308,6,2,74,5.24,1.171738655,24.5,0.962399553,20,1.297673881,102,1.129944329,7.93,1.405812396,4.83,1.408209709,7.375778523
Jadeveon Clowney,2014,DE,South Carolina,266,6,5,77,4.53,1.218018172,37.5,1.323763864,21,1.224460524,124,1.234435736,7.27,1.158186551,4.43,1.160683619,7.319548467
Zach Moore,2014,DE,Concordia (MN),269,6,5,77,4.84,1.152861806,33.5,1.195899555,23,1.356200727,123,1.238290541,7.41,1.193803803,4.46,1.181722844,7.318779277
Caraun Reid,2014,DT,Princeton,302,6,2,74,4.91,1.226130734,26.5,1.020684286,20,1.27239452,106,1.151380757,7.59,1.319326189,4.58,1.309308261,7.299224748
Chris Smith,2014,OLB,Arkansas,266,6,1,73,4.66,1.122530598,37,1.238263618,28,1.547802913,121,1.141995272,7.55,1.140310684,4.46,1.107840206,7.298743292
Will Clarke,2014,DE,West Virginia,271,6,6,78,4.77,1.193782265,32,1.165791177,22,1.323852824,112,1.150684744,7.26,1.193636964,4.57,1.235713698,7.26346167
Conor Boffeli,2014,OG,Iowa,298,6,4,76,5.3,1.151154445,25,0.975835823,21,1.353948928,101,1.111797438,7.44,1.310613197,4.61,1.335575824,7.238925656
Marcel Jensen,2014,TE,Fresno State,259,6,6,78,4.85,1.122101741,35,1.218622811,24,1.380253128,115,1.129189019,7.38,1.159638094,4.6,1.188748456,7.198553249
James Gayle,2014,DE,Virginia Tech,259,6,4,76,4.7,1.128223409,37,1.255226133,26,1.456933858,122,1.167206308,7.19,1.10081412,4.27,1.075174606,7.183578435
Josh Mauro,2014,DE,Stanford,271,6,6,78,5.21,1.092963801,32,1.165791177,21,1.263677695,116,1.191780628,7.43,1.22158714,4.51,1.219489886,7.155290326
C.J. Fiedorowicz,2014,TE,Iowa,265,6,5,77,4.76,1.154806592,31.5,1.107781339,25,1.452211058,116,1.150453387,7.1,1.126851515,4.26,1.111946688,7.104050579
Arthur Lynch,2014,TE,Georgia,258,6,5,77,4.82,1.110306803,29.5,1.010041782,28,1.583512858,116,1.120064053,7.38,1.140350974,4.35,1.105445803,7.069722273
I.K. Enemkpali,2014,DE,Louisiana Tech,261,6,1,73,4.86,1.056104045,34,1.116475447,28,1.518708874,112,1.037184049,7.67,1.136659736,4.65,1.133324005,6.998456156
Scott Crichton,2014,DE,Oregon State,273,6,3,75,4.84,1.139615,31.5,1.111581618,24,1.398905198,108,1.074786257,7.19,1.14505025,4.29,1.12361873,6.993557052
Kony Ealy,2014,DE,Missouri,273,6,4,76,4.92,1.13603247,31,1.108523298,22,1.299427495,114,1.149623227,6.83,1.102221017,4.45,1.181065592,6.976893099
Kerry Hyder,2014,DT,Texas Tech,290,6,2,74,5.1,1.133546002,29.5,1.091085102,20,1.221835797,108,1.126491482,7.23,1.206812389,4.33,1.188653795,6.968424566
Seantrel Henderson,2014,OT,Miami (FL),331,6,7,79,5.04,1.397668433,24,1.081616289,,0,95,1.207405443,8.15,1.657617941,4.77,1.595552987,6.939861093
Khalil Mack,2014,OLB,Buffalo,251,6,3,75,4.65,1.090590323,40,1.297782365,23,1.232582373,128,1.171168528,7.08,1.036668703,4.18,1.006581708,6.835374
Prince Shembo,2014,OLB,Notre Dame,253,6,1,73,4.71,1.056336003,38.5,1.225493474,26,1.367004238,122,1.095160196,7.29,1.047231398,4.31,1.018259378,6.809484687
Larry Webster,2014,TE,Bloomsburg,252,6,6,78,4.58,1.156136929,36.5,1.236502219,17,0.951255534,123,1.175099642,7.29,1.11453681,4.44,1.116389854,6.749920988
Max Bullough,2014,ILB,Michigan State,249,6,3,75,4.78,1.052476292,31,0.997767139,30,1.594905651,112,1.016606944,7.22,1.048744154,4.3,1.027227963,6.737728144
Marcus Smith,2014,DE,Louisville,251,6,3,75,4.66,1.088250001,35,1.135559569,23,1.232582373,121,1.107120249,7.48,1.095237557,4.47,1.076416324,6.735166072
Louis Nix III,2014,DT,Notre Dame,331,6,2,74,5.32,1.2403027,25.5,1.076482034,,0,97,1.154797637,8.29,1.579377654,4.94,1.547834169,6.598794195
Ethan Westbrooks,2014,DE,West Texas A&M,267,6,3,75,4.9,1.100920738,29,1.000869407,19,1.083126689,110,1.070630592,7.3,1.13701745,4.67,1.196264383,6.58882926
Jake Murphy,2014,TE,Utah,249,6,4,76,4.79,1.064282777,33,1.076301068,24,1.292936848,114,1.048557448,7.18,1.056839723,4.27,1.033662073,6.572579938
Jordan Najvar,2014,TE,Baylor,256,6,6,78,4.93,1.091106786,32.5,1.11847124,18,1.02319923,112,1.086993706,7.14,1.108931001,4.47,1.141773235,6.570475198
J.C. Copeland,2014,FB,LSU,271,5,11,71,4.95,1.047133488,28.5,0.945103544,23,1.259820315,111,1.038066216,7.68,1.149371978,4.58,1.12727762,6.56677316
Carl Bradford,2014,OLB,Arizona State,250,6,1,73,4.76,1.032845886,37.5,1.179508374,23,1.194933774,122,1.082174107,7.25,1.029135644,4.3,1.00385062,6.522448406
Timmy Jernigan,2014,DT,Florida State,299,6,2,74,5.06,1.177963949,29.5,1.124946364,27,1.700669033,102,1.096926475,,0,4.83,1.367060724,6.467566545
Morgan Moses,2014,OT,Virginia,314,6,6,78,5.35,1.233247026,21.5,0.907547997,,0,106,1.261840769,7.93,1.510668533,4.95,1.550840796,6.464145121
Ryan Shazier,2014,OLB,Ohio State,237,6,1,73,4.58,1.017619302,42,1.252354811,25,1.231301324,130,1.093173253,6.91,0.929867349,4.21,0.931732124,6.456048164
Jonathan Newsome,2014,OLB,Ball State,247,6,3,75,4.73,1.055058848,34,1.085535488,21,1.107466615,117,1.053461133,7.31,1.05328849,4.63,1.097177707,6.451988282
Tyler Starr,2014,OLB,South Dakota,250,6,4,76,4.95,1.034017788,32,1.047877394,24,1.298129365,116,1.071238146,6.64,0.98128108,4.15,1.008647613,6.441191386
Trent Murphy,2014,DE,Stanford,250,6,5,77,4.86,1.067023717,35.5,1.177784892,19,1.041207929,118,1.104046029,6.78,1.015154567,4.2,1.034231572,6.439448705
Demarcus Lawrence,2014,DE,Boise State,251,6,3,75,4.8,1.056509376,34.5,1.11933729,20,1.071810759,113,1.033922216,7.46,1.092309114,4.31,1.037886881,6.411775635
Anthony Barr,2014,OLB,UCLA,255,6,5,77,4.66,1.1350751,34.5,1.16750001,15,0.838446385,119,1.135670398,6.82,1.041566553,4.19,1.052404499,6.370662944
Devon Kennard,2014,OLB,USC,249,6,3,75,4.7,1.070390782,30,0.965581102,23,1.222760999,113,1.025683792,7.25,1.053101817,4.32,1.032005768,6.36952426
Jon Halapio,2014,OG,Florida,323,6,3,75,5.34,1.222087035,21.5,0.897654346,,0,100,1.177438479,8.26,1.556379773,4.83,1.49674799,6.350307623
Richard Rodgers,2014,TE,California,257,6,4,76,4.87,1.08043181,31.5,1.06038643,16,0.889651325,116,1.101232814,7.23,1.098390474,4.47,1.11684269,6.346935544
Kevin Pierre-Louis,2014,OLB,Boston Col.,232,6,1,73,4.51,1.011611857,39,1.138367122,28,1.349963443,128,1.053647288,6.92,0.911567188,4.02,0.870912784,6.336069682
Kasim Edebali,2014,OLB,Boston Col.,253,6,2,74,4.79,1.052922328,34.5,1.113212894,19,1.012649082,115,1.046464548,7.2,1.048471144,4.35,1.041787795,6.315507792
Preston Brown,2014,ILB,Louisville,251,6,1,73,4.86,1.015640289,33,1.042119239,23,1.19971351,116,1.033068239,6.98,0.99477245,4.26,0.998490525,6.283804251
Jackson Jeffcoat,2014,DE,Texas,247,6,3,75,4.63,1.077846296,36,1.149390517,18,0.949257098,123,1.107484781,6.97,1.004298328,4.18,0.990540565,6.278817585
Howard Jones,2014,OLB,Shepherd,235,6,2,74,4.6,1.018406959,40.5,1.213840147,21,1.039613735,124,1.048083071,7.16,0.968465935,4.41,0.981015657,6.269425503
Michael Sam,2014,DE,Missouri,261,6,2,74,4.91,1.059669277,25.5,0.848827223,17,0.934704385,114,1.070166908,7.8,1.171759747,4.7,1.161202206,6.246329745
Avery Williamson,2014,ILB,Kentucky,246,6,1,73,4.66,1.038129802,30.5,0.943984142,25,1.278059602,120,1.047402611,7.11,0.993114477,4.07,0.934953784,6.235644418
Chris Borland,2014,ILB,Wisconsin,248,5,11,71,4.83,0.982070141,31,0.940759506,27,1.353402347,114,0.975639376,7.18,0.98334569,4.27,0.961779845,6.196996906
Reggie Jordan,2014,FB,Missouri Western State,240,6,3,75,4.77,1.016561679,30,0.93068058,24,1.229806767,116,1.014857191,7.22,1.010837739,4.3,0.990099242,6.192843197
Kyle Van Noy,2014,OLB,BYU,243,6,3,75,4.71,1.042380403,32.5,1.020840261,21,1.089531933,112,0.992110392,7.22,1.023473211,4.2,0.979162099,6.147498298
Lamin Barrow,2014,ILB,LSU,237,6,1,73,4.64,1.004460432,35,1.04362901,22,1.083545165,123,1.034310078,7.24,0.974274907,4.35,0.96271609,6.102935682
Jordan Tripp,2014,OLB,Montana,234,6,3,75,4.67,1.012371355,37.5,1.134266957,22,1.099139798,120,1.02360596,6.89,0.940520114,3.96,0.889017017,6.0989212
Michael Schofield,2014,OT,Michigan,301,6,6,78,5.01,1.262417425,24,0.971134163,,0,93,1.061251912,7.62,1.391514751,4.57,1.372508572,6.058826823
Anthony Hitchens,2014,OLB,Iowa,240,6,1,73,4.74,0.99571573,31.5,0.951155553,23,1.147136423,116,0.987794332,7.15,0.974343043,4.45,0.997313918,6.053459
Cassius Marsh,2014,DE,UCLA,252,6,4,76,4.89,1.055078764,32,1.056260413,14,0.763300067,108,1.00533853,7.08,1.054676176,4.25,1.041215993,5.975869943
Kelvin Benjamin,2014,WR,Florida State,240,6,5,77,4.61,1.07989281,32.5,1.035123623,13,0.683909208,119,1.068866257,7.33,1.053604669,4.39,1.037777509,5.959174076
Daniel McCullers,2014,DT,Tennessee,352,6,7,79,5.18,1.446170849,20.5,0.98249536,27,2.137404161,97,1.311039957,,0,,0,5.877110327
James Morris,2014,ILB,Iowa,241,6,1,73,4.8,0.987366239,34.5,1.046082387,18,0.901499602,117,1.000461091,6.94,0.9496665,4.36,0.981214956,5.866290775
"James Wilder, Jr.",2014,RB,Florida State,232,6,3,75,4.65,1.008035677,35,1.049600877,18,0.891609906,121,1.023314334,6.92,0.936541632,4.24,0.943741107,5.852843533
Crockett Gillmore,2014,TE,Colorado State,260,6,6,78,4.89,1.117219994,33.5,1.170899579,,0,120,1.182833553,7.42,1.17042503,4.44,1.151830802,5.793208959
Marcus Lucas,2014,WR,Missouri,218,6,4,76,4.6,0.970268344,36,1.027967724,20,0.943307339,124,0.998541709,7.07,0.911089926,4.25,0.90073447,5.751909511
Jeff Janis,2014,WR,Saginaw Valley State,219,6,3,75,4.42,1.001066013,37.5,1.061557537,20,0.935165563,123,0.981939948,6.64,0.84829167,3.98,0.836230912,5.664251642
Jerick McKinnon,2014,RB,Georgia Southern,209,5,9,69,4.41,0.880919848,40.5,1.006600849,32,1.313706918,132,0.925217305,6.83,0.766104169,4.12,0.760029344,5.652578432
Jonathan Brown,2014,OLB,Illinois,238,6,1,73,5.03,0.930489421,31,0.928257364,16,0.791357881,108,0.912006664,7.77,1.050007935,4.56,1.013450234,5.625569498
Brandon Linder,2014,OG,Miami (FL),311,6,6,78,5.35,1.221464411,26.5,1.107918356,30,2.071711983,100,1.17904242,,0,,0,5.58013717
George Atkinson,2014,RB,Notre Dame,218,6,1,73,4.48,0.956931714,38,1.042245053,19,0.860767947,121,0.935920937,7.07,0.87512585,4.46,0.907929192,5.578920692
Donte Moncrief,2014,WR,Mississippi,221,6,2,74,4.4,1.001269356,39.5,1.113340432,13,0.605230042,132,1.04923402,7.02,0.892961738,4.3,0.899560167,5.561595755
Lorenzo Taliaferro,2014,RB,Coastal Carolina,229,6,1,73,4.58,0.983269284,33,0.95077811,18,0.856611655,118,0.958770777,6.88,0.894578643,4.22,0.902419686,5.546428156
Jordan Matthews,2014,WR,Vanderbilt,212,6,3,75,4.46,0.960377272,35.5,0.972819729,21,0.950538147,120,0.927369502,6.95,0.859515423,4.18,0.850180566,5.520800638
Logan Thomas,2014,QB,Virginia Tech,248,6,6,78,4.61,1.130381305,35.5,1.183536153,,0,118,1.109437215,7.05,1.060735602,4.18,1.034332885,5.518423159
Martavis Bryant,2014,WR,Clemson,211,6,4,76,4.42,0.977357356,39,1.077872884,16,0.730414123,124,0.966478443,7.18,0.895554946,4.15,0.851298585,5.498976338
Charles Sims,2014,RB,West Virginia,214,6,1,73,4.48,0.939373333,37.5,1.009659168,17,0.756029404,126,0.956712873,7.16,0.870004303,4.3,0.859296131,5.391075212
Shamar Stephen,2014,DT,Connecticut,309,6,5,77,5.25,1.220870245,30.5,1.250708024,25,1.693332894,103,1.191134677,,0,,0,5.35604584
Deone Bucannon,2014,S,Washington State,211,6,1,73,4.49,0.924141732,36.5,0.968958266,19,0.833128609,125,0.935814494,6.96,0.833846864,4.26,0.839368529,5.335258494
Damien Williams,2014,RB,Oklahoma,222,5,11,71,4.45,0.954181342,35.5,0.964376388,16,0.717933862,121,0.92698164,7.37,0.9035466,4.25,0.856915543,5.323935374
Alfred Blue,2014,RB,LSU,223,6,2,74,4.63,0.960141408,32,0.910109092,13,0.610707237,121,0.970501904,7.15,0.917728818,4.5,0.949919633,5.319108093
Kerry Wynn,2014,DE,Richmond,266,6,5,77,4.97,1.110185577,34,1.20021257,31,1.807536964,113,1.12492934,,0,,0,5.242864452
Bishop Sankey,2014,RB,Washington,209,5,9,69,4.49,0.865224172,35.5,0.882329139,26,1.067386871,126,0.883161973,6.75,0.757130767,4,0.737892567,5.193125488
Jerome Smith,2014,RB,Syracuse,220,5,11,71,4.84,0.869391272,36,0.969148711,14,0.62253274,118,0.895854492,7.53,0.914845488,4.6,0.919129337,5.190902041
Davante Adams,2014,WR,Fresno State,212,6,1,73,4.56,0.91426793,39.5,1.053568333,14,0.616793642,123,0.92520564,6.82,0.820946472,4.3,0.851265326,5.182047343
Antonio Andrews,2014,RB,Western Kentucky,225,5,10,70,4.82,0.880264379,29.5,0.800773083,20,0.896734101,106,0.811448314,7.24,0.886933113,4.49,0.904616836,5.180769826
Sammy Watkins,2014,WR,Clemson,211,6,1,73,4.43,0.936658324,34,0.902591262,16,0.701581987,126,0.94330101,6.95,0.832648809,4.34,0.855131318,5.171912709
Antone Exum,2014,CB,Virginia Tech,213,6,1,73,4.59,0.912576721,35,0.937945059,17,0.752496556,117,0.884224948,7.05,0.852635333,4.13,0.821467304,5.161345921
Ryan Hewitt,2014,FB,Stanford,246,6,4,76,4.87,1.034187647,33,1.063333586,,0,109,0.990488953,7.04,1.023748088,4.35,1.040341022,5.152099296
Antonio Richardson,2014,OT,Tennessee,336,6,6,78,5.3,1.332102424,24.5,1.106641255,36,2.68589798,,0,,0,,0,5.124641659
Brock Vereen,2014,S,Minnesota,199,6,1,73,4.47,0.875483613,34,0.851259057,25,1.033877483,117,0.826106876,6.9,0.779644774,4.07,0.756324403,5.122696206
Cody Hoffman,2014,WR,BYU,223,6,4,76,4.65,0.981849923,27.5,0.803263515,13,0.627212838,108,0.88964481,6.89,0.908258398,4.2,0.910553594,5.120783079
Brandon Coleman,2014,WR,Rutgers,225,6,6,78,4.56,1.036792594,32.5,0.983031363,21,1.049178898,,0,7.33,1.000582356,4.51,1.012491603,5.082076813
Shaquelle Evans,2014,WR,UCLA,213,6,1,73,4.51,0.928764334,34.5,0.924545844,13,0.575438543,122,0.922012339,7.07,0.855054156,4.21,0.837379504,5.04319472
Craig Loston,2014,S,LSU,217,6,1,73,4.65,0.917717998,32.5,0.887304833,12,0.541149139,119,0.916228917,7.15,0.880968501,4.35,0.881474226,5.024843614
Tre Boston,2014,S,North Carolina,204,6,1,73,4.58,0.875925475,35,0.898313578,18,0.763095099,116,0.839625182,7.04,0.815450178,4.31,0.821047088,5.0134566
Ahmad Dixon,2014,S,Baylor,212,6,1,73,4.64,0.89850469,32,0.853523713,14,0.616793642,111,0.834941675,7.55,0.908819041,4.5,0.890859062,5.003441824
C.J. Mosley,2014,ILB,Alabama,234,6,2,74,4.65,1.003169298,35,1.044533838,,0,118,0.993125249,7.3,0.983200707,4.4,0.974626063,4.998655155
Kelcy Quarles,2014,DT,South Carolina,297,6,4,76,5.03,1.208875747,23.5,0.914207534,27,1.734949897,102,1.119037531,,0,,0,4.977070708
Jordan Zumwalt,2014,OLB,UCLA,235,6,4,76,4.76,1.010774111,33,1.015786149,,0,116,1.006963857,6.99,0.971024919,4.25,0.970975232,4.975524268
Isaiah Lewis,2014,S,Michigan State,211,5,10,70,4.6,0.864972443,36.5,0.929138063,15,0.630702984,122,0.875819811,7.05,0.809918571,4.47,0.844550816,4.955102689
Blake Bortles,2014,QB,Central Florida,232,6,5,77,4.93,0.976138402,32.5,1.000619502,,0,115,0.998506714,7.08,0.983747661,4.21,0.962052058,4.921064338
Jacob Pedersen,2014,TE,Wisconsin,238,6,3,75,4.82,0.997632963,28.5,0.876778663,,0,111,0.963020735,7.55,1.048230802,4.4,1.004682099,4.890345261
Dustin Vaughan,2014,QB,West Texas A&M,235,6,5,77,4.95,0.984765888,29,0.904406089,,0,108,0.949853838,7.25,1.02039504,4.43,1.025415979,4.884836834
Dontae Johnson,2014,CB,North Carolina State,200,6,2,74,4.41,0.904071407,38.5,0.98204036,12,0.505587227,124,0.891985592,6.82,0.785087088,4.24,0.802722321,4.871493995
Allen Robinson,2014,WR,Penn State,220,6,3,75,4.6,0.966286074,39,1.109061025,,0,127,1.018502511,7,0.898366873,4,0.844270671,4.836487154
James White,2014,RB,Wisconsin,204,5,9,69,4.57,0.829741221,32,0.776311695,23,0.921637688,114,0.779935249,7.05,0.771862817,4.2,0.756251616,4.835740285
Andre Williams,2014,RB,Boston Col.,230,5,11,71,4.56,0.964719262,38,1.069489865,,0,129,1.023883004,7.27,0.923405252,4.06,0.848105707,4.829603091
Khairi Fortt,2014,OLB,California,248,6,2,74,4.7,1.051877464,36,1.138656667,30,1.567320402,120,1.07038271,,0,,0,4.828237244
Brandon Dixon,2014,CB,Northwest Missouri State,203,5,11,71,4.41,0.880431161,32.5,0.807318008,17,0.697519639,117,0.819624039,7.15,0.80155287,4.27,0.787263341,4.793709057
Matt Hazel,2014,WR,Coastal Carolina,198,6,1,73,4.5,0.86527697,36.5,0.909259416,15,0.617209271,118,0.828980847,7.08,0.795963317,4.2,0.776560163,4.793249984
Mo Alexander,2014,S,Utah State,220,6,1,73,4.5,0.961418855,38,1.051806934,,0,123,0.96011906,7.05,0.880656212,4.51,0.926530777,4.780531838
Ka'Deem Carey,2014,RB,Arizona,207,5,9,69,4.69,0.820401039,32.5,0.800036294,19,0.772549239,115,0.798347033,7.08,0.786546565,4.38,0.800260376,4.778140545
Ha Ha Clinton-Dix,2014,S,Alabama,208,6,1,73,4.58,0.893100485,33,0.863588851,11,0.475479735,119,0.878228639,7.16,0.845611659,4.16,0.808011037,4.764020406
Mike Evans,2014,WR,Texas A&M,231,6,5,77,4.53,1.057752623,37,1.134256616,12,0.607627027,,0,7.08,0.979507369,4.26,0.96928183,4.748425465
Keith McGill,2014,CB,Utah,211,6,3,75,4.51,0.945250215,39,1.063690347,,0,129,0.992219751,7.29,0.897311,4.18,0.84617028,4.744641593
Allen Hurns,2014,WR,Miami (FL),198,6,1,73,4.55,0.855768431,31,0.772247723,14,0.576061987,120,0.84303137,7.23,0.812826946,4.5,0.832028747,4.691965203
Pierre Desir,2014,CB,Lindenwood,198,6,1,73,4.59,0.848310754,35,0.87189259,11,0.452620132,133,0.934359768,6.86,0.771229993,4.3,0.795049691,4.67346293
Bennett Jackson,2014,CB,Notre Dame,195,6,1,73,4.51,0.850277208,38,0.932283419,13,0.526809934,128,0.885608712,6.75,0.747365402,4,0.728375334,4.670720008
LaDarius Perkins,2014,RB,Mississippi State,195,5,7,67,4.46,0.789140192,35.5,0.799364136,23,0.855441631,124,0.787418362,7.08,0.719472861,4.3,0.718647033,4.669484215
Stanley Jean-Baptiste,2014,CB,Nebraska,218,6,3,75,4.61,0.955424645,41.5,1.169426001,13,0.60508201,128,1.017190196,,0,4.33,0.905614611,4.652737463
Bennie Fowler,2014,WR,Michigan State,217,6,1,73,4.52,0.944112542,36,0.982860738,,0,126,0.970124735,7.06,0.869879387,4.18,0.847025808,4.614003211
Marqueston Huff,2014,S,Wyoming,196,5,11,71,4.49,0.834925426,35.5,0.851431405,15,0.594235798,118,0.798124911,7.26,0.785819471,4.19,0.745875274,4.610412286
Michael Campanaro,2014,WR,Wake Forest,192,5,9,69,4.46,0.800193591,39,0.890475179,20,0.754281484,122,0.785569456,6.77,0.697606845,4.01,0.679567279,4.607693833
Victor Hampton,2014,CB,South Carolina,197,5,9,69,4.69,0.780768138,33.5,0.784814496,20,0.773924231,118,0.779599879,7.01,0.741148237,4.2,0.730301806,4.590556787
Tom Savage,2014,QB,Pittsburgh,228,6,4,76,4.97,0.939229357,27,0.806341655,,0,105,0.884325559,7.33,0.987925417,4.36,0.966435102,4.58425709
Daniel Sorensen,2014,S,BYU,205,6,1,73,4.67,0.863255688,32,0.825341326,13,0.553825828,114,0.829193734,6.47,0.753100172,3.95,0.756156316,4.580873064
Kyle Fuller,2014,CB,Virginia Tech,190,6,1,73,4.49,0.832165541,38.5,0.920331068,12,0.473817218,128,0.862900796,6.9,0.744384458,4.19,0.743409748,4.577008828
Eric Ebron,2014,TE,North Carolina,250,6,4,76,4.6,1.112693055,32,1.047877394,24,1.298129365,120,1.108177392,,0,,0,4.566877206
Trey Burton,2014,WR,Florida,224,6,2,74,4.62,0.966534522,30,0.857053405,,0,112,0.902344134,7.14,0.920554902,4.32,0.916012188,4.562499151
Rashaad Reynolds,2014,CB,Oregon State,189,5,10,70,4.51,0.790247099,37.5,0.855062783,20,0.753256645,123,0.790932451,6.72,0.691513817,4,0.676951575,4.55796437
Boseko Lokombo,2014,OLB,Oregon,225,6,2,74,4.66,0.962515937,26.35,0.756139193,,0,122,0.987298569,7.15,0.92595957,4.3,0.915841799,4.547755067
Robert Herron,2014,WR,Wyoming,193,5,9,69,4.48,0.800770368,35.5,0.814782411,18,0.68238903,125,0.809078856,6.84,0.708490851,4.27,0.727397899,4.542909413
L'Damian Washington,2014,WR,Missouri,195,6,4,76,4.46,0.895144099,32,0.817344367,8,0.337513635,115,0.828362601,7.19,0.828798276,4.35,0.824660566,4.531823544
Bene' Benwikere,2014,CB,San Jose State,195,5,11,71,4.59,0.812568313,40.5,0.966395448,10,0.394135988,122,0.820969891,6.94,0.747350235,4.38,0.77571973,4.517139605
Henry Josey,2014,RB,Missouri,194,5,8,68,4.43,0.802207142,34.5,0.784398275,20,0.751093096,118,0.75660131,7.07,0.725440506,4.13,0.696944927,4.516685257
Bruce Ellington,2014,WR,South Carolina,197,5,9,69,4.45,0.822876982,39.5,0.925378286,15,0.580443173,120,0.792813436,6.69,0.707315507,3.95,0.68683146,4.515658845
Jimmy Garoppolo,2014,QB,East. Illinois,226,6,2,74,4.97,0.906490753,30.5,0.879117429,,0,110,0.894143622,7.04,0.915766101,4.26,0.911354884,4.506872788
Bryn Renner,2014,QB,North Carolina,228,6,3,75,4.87,0.945903336,25.5,0.751524569,,0,108,0.897623688,7.22,0.960295852,4.3,0.94059428,4.495941724
Albert Wilson,2014,WR,Georgia State,202,5,9,69,4.43,0.847571494,37.5,0.900821245,10,0.396783489,123,0.833258995,7,0.758874999,4.21,0.750620331,4.487930553
Ross Cockrell,2014,CB,Duke,191,6,1,73,4.56,0.823703654,36.5,0.877113881,10,0.396925828,122,0.826781018,7.28,0.78951312,4.32,0.770509045,4.484546546
Phillip Gaines,2014,CB,Rice,193,6,1,73,4.38,0.866534118,36.5,0.886298319,11,0.441190331,122,0.83543841,6.62,0.72545404,4.04,0.728113866,4.483029084
Kevin Norwood,2014,WR,Alabama,198,6,2,74,4.48,0.881045838,33,0.833331392,8,0.33368757,121,0.861701243,6.68,0.761281222,4.32,0.809689345,4.480736608
George Uko,2014,DT,USC,284,6,3,75,4.99,1.149896271,29.5,1.082950264,18,1.091453506,110,1.138798083,,0,,0,4.463098125
Bashaud Breeland,2014,CB,Clemson,197,5,11,71,4.62,0.815571812,34.5,0.831669093,11,0.43799625,123,0.836188374,7.04,0.76589455,4.33,0.774729759,4.462049837
Tyler Gaffney,2014,RB,Stanford,220,5,11,71,4.49,0.937161193,36.5,0.98260911,,0,116,0.880670518,6.78,0.82372542,4.18,0.835208833,4.459375073
Corey Linsley,2014,C,Ohio State,296,6,3,75,5.24,1.141303885,27,1.033055444,36,2.275142519,,0,,0,,0,4.449501848
Demetri Goodson,2014,CB,Baylor,194,5,11,71,4.52,0.820920785,37,0.878352203,11,0.431326256,123,0.823454541,6.8,0.728518754,4.34,0.764693811,4.447266351
A.C. Leonard,2014,TE,Tennessee State,252,6,2,74,4.5,1.116347373,34,1.092743092,20,1.061733176,128,1.160156744,,0,,0,4.430980385
Teddy Bridgewater,2014,QB,Louisville,214,6,2,74,,1,30,0.818792093,,0,113,0.869757887,7.17,0.883153905,4.2,0.850809931,4.422513816
Ryan Grant,2014,WR,Tulane,199,6,1,73,4.64,0.843407704,35.5,0.888814604,8,0.330840795,119,0.840228361,6.68,0.754786535,4.11,0.763757566,4.421835565
Nat Berhe,2014,S,San Diego State,193,5,10,70,4.71,0.772705582,35.5,0.826590851,15,0.576898938,117,0.76827314,7.08,0.743978443,4.22,0.729298915,4.417745869
Tim Cornett,2014,RB,UNLV,209,6,1,73,4.48,0.917425358,34.5,0.907183481,,0,125,0.926944214,7.01,0.831876602,4.26,0.831412429,4.414842085
Stephen Morris,2014,QB,Miami (FL),213,6,2,74,4.63,0.917085739,30,0.814965961,,0,111,0.850371587,7.36,0.902320621,4.49,0.905306068,4.390049976
Tajh Boyd,2014,QB,Clemson,222,6,1,73,4.84,0.902007359,30.5,0.851888128,,0,106,0.834941675,7.33,0.923956562,4.23,0.876907873,4.389701597
Jonathan Dowling,2014,S,Western Kentucky,190,6,3,75,4.52,0.849290053,33.5,0.822747485,8,0.324532341,118,0.817280827,7.04,0.780295798,4.24,0.772891424,4.367037928
Lavelle Westbrooks,2014,CB,Georgia Southern,186,5,11,71,4.63,0.768369133,36,0.819371183,15,0.563917645,121,0.776660293,6.98,0.716965834,4.27,0.721334884,4.366618971
Andre Hal,2014,CB,Vanderbilt,188,5,10,70,4.5,0.787812711,35.5,0.805176581,15,0.56195337,119,0.761162335,7.14,0.730845952,4.27,0.718822283,4.365773231
Jeff Mathews,2014,QB,Cornell,223,6,4,76,5.26,0.867985198,25.5,0.74484435,,0,105,0.864932455,7.14,0.941214073,4.36,0.94524135,4.364217426
Nevin Lawson,2014,CB,Utah State,190,5,9,69,4.48,0.78832316,33,0.745630258,16,0.597139508,120,0.764642401,7.12,0.726029772,4.4,0.737892567,4.359657666
Brandin Cooks,2014,WR,Oregon State,189,5,10,70,4.33,0.823098018,36,0.820860272,16,0.602605316,120,0.771641416,6.76,0.695629971,3.81,0.644796375,4.358631367
Willie Snead,2014,WR,Ball State,195,5,11,71,4.62,0.807291895,33.5,0.799364136,11,0.433549587,113,0.760406538,7.19,0.774272074,4.39,0.77749078,4.35237501
"Odell Beckham, Jr.",2014,WR,LSU,198,5,11,71,4.38,0.864627484,38.5,0.932805634,7,0.280139733,122,0.833600197,6.69,0.73151191,3.94,0.708528833,4.351213792
Justin Gilbert,2014,CB,Oklahoma State,202,6,1,73,4.37,0.909017827,35.5,0.902213819,20,0.839570861,126,0.903065422,6.92,0.793692121,,0,4.34756005
A.J. McCarron,2014,QB,Alabama,220,6,3,75,4.94,0.899780555,28,0.796248941,,0,99,0.793950776,7.18,0.921467736,4.34,0.916033678,4.327481686
Marcus Roberson,2014,CB,Florida,191,6,1,73,4.61,0.814769775,37.5,0.901144398,8,0.317540662,120,0.81322723,6.84,0.741795294,4.08,0.727702987,4.316180347
Devin Street,2014,WR,Pittsburgh,198,6,3,75,4.55,0.879214142,37,0.94696749,,0,124,0.894999057,6.89,0.795824712,4.01,0.761743213,4.278748614
Connor Shaw,2014,QB,South Carolina,206,6,1,73,4.66,0.869328208,34,0.881202843,,0,116,0.847856802,7.07,0.826953785,4.33,0.832943885,4.258285522
Keith Wenning,2014,QB,Ball State,218,6,3,75,5,0.880901523,28,0.789010314,,0,100,0.79467984,7.07,0.899101901,4.25,0.888882701,4.252576279
Colt Lyerla,2014,TE,Oregon,242,6,4,76,4.61,1.074750463,39,1.236233356,15,0.785368266,128,1.144230097,,0,,0,4.240582181
David Fales,2014,QB,San Jose State,212,6,2,74,4.99,0.846928296,28,0.757063842,,0,103,0.785378927,7.55,0.921268617,4.5,0.903062611,4.213702292
Lamarcus Joyner,2014,CB,Florida State,184,5,8,68,4.55,0.74078972,37.5,0.808658015,14,0.49866387,124,0.754089441,7.26,0.706537311,4.4,0.704234309,4.212972667
Damian Copeland,2014,WR,Louisville,184,5,11,71,4.5,0.782065749,40,0.900623044,12,0.446283211,120,0.761959445,6.53,0.663530817,3.9,0.651746257,4.206208524
Jordan Lynch,2014,QB,Northern Illinois,217,6,1,73,4.76,0.896510229,29.5,0.805399772,,0,109,0.83923489,6.55,0.807041075,4.2,0.851078563,4.199264528
Austin Franklin,2014,WR,New Mexico State,189,5,11,71,4.56,0.792747568,36,0.832586847,7,0.267406109,124,0.808753693,7.07,0.73792345,4.33,0.743268652,4.182686319
Isaiah Burse,2014,WR,Fresno State,188,5,10,70,4.58,0.77405179,31,0.703111944,16,0.599416928,115,0.735577046,6.74,0.689902201,3.94,0.663269273,4.165329182
Ronald Powell,2014,OLB,Florida,237,6,3,75,4.65,1.029760584,35.5,1.087539036,21,1.06262991,114,0.984892657,,0,,0,4.164822188
Dri Archer,2014,WR,Kent State,173,5,8,68,4.26,0.743917927,38,0.770451854,20,0.669789204,122,0.697572394,6.86,0.62769819,4.06,0.610968496,4.120398066
Jeremiah George,2014,ILB,Iowa State,234,5,11,71,4.91,0.911532845,33,0.944919993,28,1.324296921,116,0.936713187,,0,,0,4.117462945
Matt Patchan,2014,OT,Boston Col.,302,6,6,78,4.97,1.276805559,33.5,1.360044896,22,1.475289862,,0,,0,,0,4.112140317
Johnny Manziel,2014,QB,Texas A&M,207,6,1,73,4.68,0.869815135,31.5,0.820371664,,0,113,0.829938837,6.75,0.793357119,4.03,0.778997419,4.092480176
Dion Bailey,2014,S,USC,201,6,1,73,4.66,0.848228009,34,0.859814425,,0,113,0.805882639,6.97,0.795469332,4.15,0.778941391,4.088335794
Jared Abbrederis,2014,WR,Wisconsin,195,6,1,73,4.5,0.852166712,30.5,0.748280113,4,0.162095364,117,0.809501713,6.8,0.752901442,4.08,0.74294284,4.067888185
Yawin Smallwood,2014,ILB,Connecticut,246,6,2,74,,1,36.5,1.14516109,18,0.932808433,108,0.955575533,,0,,0,4.033545056
Trai Turner,2014,OG,LSU,310,6,3,75,4.93,1.270444349,27.5,1.101951659,25,1.654687925,,0,,0,,0,4.027083933
Tevin Mims,2014,DE,South Florida,260,6,4,76,4.95,1.0753785,27.5,0.936540421,17,0.956288633,109,1.046858243,,0,,0,4.015065796
Tim Flanders,2014,RB,SMU,207,5,9,69,4.75,0.810038078,32,0.787728043,20,0.813209725,113,0.784462736,7.07,0.785435624,,0,3.980874206
Bradley Roby,2014,CB,Ohio State,194,5,11,71,4.39,0.845230512,38.5,0.913961076,17,0.666595123,124,0.830149294,,0,4.04,0.711834792,3.967770797
Josh Stewart,2014,WR,Oklahoma State,178,5,10,70,4.69,0.715689767,35,0.751610743,11,0.390178971,117,0.708562792,7.1,0.688094578,4.33,0.690150339,3.94428719
Devonta Freeman,2014,RB,Florida State,206,5,8,68,4.58,0.823929899,31.5,0.760490125,,0,118,0.803401391,7.11,0.774671322,4.26,0.76334963,3.925842367
Isaiah Crowell,2014,RB,Arkansas,224,5,11,71,4.57,0.937496759,38,1.04159013,23,1.041327493,117,0.904412732,,0,,0,3.924827114
Pat O'Donnell,2014,P,Miami (FL),220,6,4,76,4.64,0.970728768,30.5,0.878907164,23,1.094755765,120,0.975196105,,0,,0,3.919587803
T.J. Jones,2014,WR,Notre Dame,188,6,1,73,4.46,0.828944508,33,0.780551462,,0,119,0.793783578,6.82,0.728009135,4.27,0.749628952,3.880917635
Jason Verrett,2014,CB,TCU,189,5,9,69,4.38,0.802077609,39,0.876561505,,0,128,0.811325831,6.69,0.678592035,4,0.667280838,3.835837817
Carlos Hyde,2014,RB,Ohio State,230,6,1,73,4.62,0.979012707,34.5,0.998335888,19,0.908149669,114,0.930314921,,0,,0,3.815813184
Terrence Brooks,2014,S,Florida State,198,5,11,71,4.42,0.856802801,38,0.920691275,10,0.400199619,119,0.813101831,7.35,0.803679005,,0,3.794474531
Kenny Ladler,2014,S,Vanderbilt,207,6,1,73,4.7,0.866113794,36.5,0.950589389,24,1.032422781,127,0.932763118,,0,,0,3.781889082
Terrance Mitchell,2014,CB,Oregon,192,5,11,71,4.63,0.793155234,34,0.798813483,,0,117,0.775210913,6.57,0.696621208,4,0.697521078,3.761321916
Jeremy Hill,2014,RB,LSU,233,6,1,73,4.56,1.004832206,29,0.850126729,20,0.968415894,113,0.934182363,,0,,0,3.757557192
Christian Kirksey,2014,OLB,Iowa,233,6,2,74,4.72,0.984068318,32,0.950921159,16,0.785345492,122,1.022402518,,0,,0,3.742737487
David Fluellen,2014,RB,Toledo,224,5,11,71,4.72,0.90770343,36.5,1.00047473,,0,120,0.927602802,6.9,0.853546533,,0,3.689327495
John Brown,2014,WR,Pittsburg State,179,5,10,70,4.34,0.777751665,36.5,0.78822613,,0,119,0.724723712,6.91,0.673443031,4.12,0.660368052,3.62451259
Adrian Hubbard,2014,OLB,Alabama,257,6,6,78,4.69,1.151421915,38.5,1.330133856,,0,117,1.139955837,,0,,0,3.621511608
Corey Brown,2014,WR,Ohio State,178,5,11,71,4.51,0.75488608,33,0.718785294,,0,116,0.71254251,7.16,0.703822454,4.22,0.682226475,3.572262814
Derek Carr,2014,QB,Fresno State,214,6,2,74,4.69,0.909603784,34.5,0.941610907,,0,110,0.846666969,,0,4.2,0.850809931,3.548691591
Ricardo Allen,2014,CB,Purdue,187,5,9,69,4.61,0.753996587,35.5,0.789452387,13,0.477515179,117,0.733754872,,0,4.15,0.684977902,3.439696928
Silas Redd,2014,RB,USC,212,5,10,70,4.7,0.850580948,37,0.946329802,18,0.760430518,122,0.879970616,,0,,0,3.437311884
Terrance West,2014,RB,Towson,225,5,9,69,4.56,0.917162679,33.5,0.896361734,16,0.707138891,120,0.90549758,,0,,0,3.426160884
Tevin Reese,2014,WR,Baylor,163,5,10,70,4.46,0.689176394,41,0.806262375,,0,132,0.732038655,6.63,0.588397634,4.18,0.610098129,3.425973188
Robert Thomas,2014,DT,Arkansas,327,6,1,73,5.26,1.222543938,,0,32,2.174571655,,0,,0,,0,3.397115593
Storm Johnson,2014,RB,Central Florida,209,6,1,73,4.6,0.893492523,35.5,0.933478654,16,0.69493192,118,0.875035338,,0,,0,3.396938436
Tre Mason,2014,RB,Auburn,207,5,8,68,4.5,0.842648307,38.5,0.934000008,,0,126,0.862033696,,0,4.15,0.747248621,3.385930631
Stephon Tuitt,2014,DT,Notre Dame,304,6,5,77,4.92,1.281677658,,0,31,2.06575653,,0,,0,,0,3.347434189
Marqise Lee,2014,WR,USC,192,6,1,73,4.52,0.835343816,38,0.917940597,,0,127,0.865171588,,0,4.01,0.718962483,3.337418484
Kapri Bibbs,2014,RB,Colorado State,212,5,9,69,4.67,0.843815851,29,0.731121982,24,0.999422966,106,0.753642282,,0,,0,3.328003081
Calvin Pryor,2014,S,Louisville,207,5,11,71,4.58,0.864455863,34.5,0.873885798,18,0.753102919,116,0.828630896,,0,,0,3.320075476
Lache Seastrunk,2014,RB,Baylor,201,5,9,69,4.51,0.828415496,41.5,0.991973652,15,0.592228821,134,0.903284141,,0,,0,3.315902111
Kendall James,2014,CB,Maine,180,5,10,70,4.44,0.764481857,39,0.846919328,9,0.322824276,,0,6.81,0.667404917,4.19,0.675339785,3.276970164
Kaleb Ramsey,2014,DT,Boston Col.,293,6,3,75,,1,,0,36,2.252083642,,0,,0,,0,3.252083642
Ed Reynolds,2014,S,Stanford,207,6,1,73,4.57,0.890751605,32.5,0.846415209,15,0.645264238,117,0.859317203,,0,,0,3.241748255
Josh Huff,2014,WR,Oregon,206,5,11,71,4.51,0.873632205,35.5,0.894871783,14,0.582917021,116,0.824627848,,0,,0,3.176048857
Jemea Thomas,2014,CB,Georgia Tech,192,5,9,69,4.52,0.789571552,37,0.844809785,19,0.71656741,125,0.804886737,,0,,0,3.155835485
Joe Don Duncan,2014,TE,Dixie State,268,6,3,75,4.79,1.130420831,,0,35,2.002706159,,0,,0,,0,3.13312699
Marcus Heit,2014,LS,Kansas State,258,6,3,75,4.91,1.061644429,29,0.967132236,,0,115,1.081566553,,0,,0,3.110343219
Paul Richardson,2014,WR,Colorado,175,6,1,73,4.4,0.782146021,38,0.836664607,,0,124,0.769940266,7.09,0.70449658,,0,3.093247474
Christian Jones,2014,OLB,Florida State,240,6,3,75,4.68,1.036110942,33.5,1.039259981,,0,115,1.006108422,,0,,0,3.081479345
Xavier Grimble,2014,TE,USC,257,6,4,76,4.76,1.105399773,26.5,0.892071124,,0,113,1.072752655,,0,,0,3.070223551
Jabari Price,2014,CB,North Carolina,200,5,11,71,4.45,0.859622831,,0,16,0.646787263,,0,7.04,0.777557918,4.3,0.781078291,3.065046303
Chris Watt,2014,OG,Notre Dame,310,6,3,75,5.5,1.138780117,,0,29,1.919437993,,0,,0,,0,3.058218109
Deandre Coleman,2014,DT,California,314,6,5,77,5.12,1.272125682,,0,24,1.651903779,,0,,0,,0,2.92402946
Ego Ferguson,2014,DT,LSU,315,6,3,75,4.98,1.277974189,,0,24,1.614121382,,0,,0,,0,2.892095571
Jarvis Landry,2014,WR,LSU,205,5,11,71,4.65,0.843216051,28.5,0.714930725,12,0.497217708,110,0.77817869,,0,,0,2.833543174
Telvin Smith,2014,OLB,Florida State,218,6,3,75,4.52,0.974448587,31.5,0.887636603,,0,119,0.94566901,,0,,0,2.8077542
Marcus Martin,2014,C,USC,320,6,3,75,5.38,1.201734624,,0,23,1.571419758,,0,,0,,0,2.773154382
Dominique Easley,2014,DT,Florida,288,6,2,74,4.93,1.164546665,,0,26,1.577432147,,0,,0,,0,2.741978812
Loucheiz Purifoy,2014,CB,Florida,190,5,11,71,4.61,0.788298377,35.5,0.825367179,6,0.230417962,120,0.786805948,,0,,0,2.630889466
Taylor Hart,2014,DE,Oregon,281,6,6,78,4.92,1.200094451,,0,21,1.310307869,,0,,0,,0,2.51040232
Trevor Reilly,2014,OLB,Utah,245,6,5,77,4.67,1.0882271,,0,26,1.396314633,,0,,0,,0,2.484541733
Cody Mandell,2014,P,Alabama,216,6,2,74,4.89,0.880554457,27,0.74379992,,0,109,0.846810838,,0,,0,2.471165215
De'Anthony Thomas,2014,RB,Oregon,174,5,9,69,4.39,0.736738604,32,0.66214821,8,0.273427038,124,0.723593177,,0,,0,2.395907029
Austin Seferian-Jenkins,2014,TE,Washington,262,6,5,77,4.75,1.144136959,,0,20,1.148616746,,0,,0,,0,2.292753705
Aaron Lynch,2014,DE,South Florida,249,6,5,77,4.76,1.085082421,,0,18,0.982461881,,0,,0,,0,2.067544302
Jalen Saunders,2014,WR,Oklahoma,165,5,9,69,4.44,0.690763964,34,0.667142863,,0,122,0.675098751,,0,,0,2.033005577
A.D. Denham,2014,TE,Kansas,235,6,4,76,4.69,1.025860292,32.5,1.00039545,,0,,0,,0,,0,2.026255741
Nic Jacobs,2014,TE,McNeese State,269,6,5,77,4.89,1.141073853,,0,15,0.884478735,,0,,0,,0,2.025552588
Cody Latimer,2014,WR,Indiana,215,6,2,74,4.52,0.948224894,,0,23,1.041720348,,0,,0,,0,1.989945242
Quincy Enunwa,2014,WR,Nebraska,225,6,2,74,4.41,1.017080332,,0,19,0.900577247,,0,,0,,0,1.91765758
Vinnie Sunseri,2014,S,Alabama,210,5,11,71,,1,,0,18,0.764017454,,0,,0,,0,1.764017454
Jaylen Watkins,2014,CB,Florida,194,5,11,71,4.41,0.841397267,,0,22,0.862652512,,0,,0,,0,1.704049779
Keith Reaser,2014,CB,Florida Atlantic,189,5,11,71,4.43,0.81601104,,0,22,0.8404192,,0,,0,,0,1.65643024
Travis Carrie,2014,CB,Ohio,206,6,1,73,4.49,0.902242639,,0,17,0.727766622,,0,,0,,0,1.630009261
Darqueze Dennard,2014,CB,Michigan State,199,5,11,71,4.52,0.842078537,,0,15,0.603331244,,0,,0,,0,1.445409781
Chris Davis,2014,CB,Auburn,202,5,10,70,4.54,0.839021644,,0,15,0.603800961,,0,,0,,0,1.442822606
Chris Boyd,2014,WR,Vanderbilt,206,6,4,76,4.73,0.89165999,,0,12,0.534829299,,0,,0,,0,1.426489289
E.J. Gaines,2014,CB,Missouri,190,5,10,70,4.44,0.806953071,,0,15,0.567931597,,0,,0,,0,1.374884669
Todd Washington,2014,CB,SE Louisiana,196,5,11,71,4.57,0.820309664,,0,13,0.515004358,,0,,0,,0,1.335314022
Cornelius Lucas,2014,OT,Kansas State,316,6,8,80,5.29,1.287362948,,0,,0,,0,,0,,0,1.287362948
Spencer Long,2014,OG,Nebraska,320,6,5,77,5.16,1.286383941,,0,,0,,0,,0,,0,1.286383941
Jeoffrey Pagan,2014,DE,Alabama,310,6,3,75,4.92,1.273026553,,0,,0,,0,,0,,0,1.273026553
Jeremy Gallon,2014,WR,Michigan,185,5,7,67,4.49,0.743669205,,0,15,0.529286628,,0,,0,,0,1.272955833
Mike Davis,2014,WR,Texas,197,6,1,73,4.52,0.857097561,,0,10,0.409394702,,0,,0,,0,1.266492263
Brent Urban,2014,DE,Virginia,295,6,7,79,4.98,1.260664062,,0,,0,,0,,0,,0,1.260664062
Anthony Steen,2014,OG,Alabama,314,6,3,75,5.33,1.190264033,,0,,0,,0,,0,,0,1.190264033
Bryan Stork,2014,C,Florida State,315,6,4,76,5.44,1.185508997,,0,,0,,0,,0,,0,1.185508997
Deion Belue,2014,CB,Alabama,182,5,11,71,4.48,0.777018449,,0,11,0.404646281,,0,,0,,0,1.181664731
Ed Stinson,2014,DE,Alabama,287,6,3,75,4.98,1.164376483,,0,,0,,0,,0,,0,1.164376483
Matt Armstrong,2014,C,Grand Valley State,302,6,2,74,5.18,1.162220445,,0,,0,,0,,0,,0,1.162220445
Jimmie Ward,2014,S,Northern Illinois,193,5,11,71,4.59,0.804234279,,0,9,0.351084211,,0,,0,,0,1.15531849
James Hurst,2014,OT,North Carolina,296,6,5,77,5.59,1.098373981,,0,,0,,0,,0,,0,1.098373981
D.J. Tialavea,2014,TE,Utah State,267,6,3,75,4.95,1.089800327,,0,,0,,0,,0,,0,1.089800327
Rob Blanchflower,2014,TE,Massachusetts,256,6,4,76,4.82,1.087391984,,0,,0,,0,,0,,0,1.087391984
Chris Whaley,2014,DT,Texas,269,6,3,75,5.02,1.082653375,,0,,0,,0,,0,,0,1.082653375
Trey Millard,2014,FB,Oklahoma,247,6,2,74,4.64,1.06118304,,0,,0,,0,,0,,0,1.06118304
Andrew Jackson,2014,ILB,Western Kentucky,254,6,1,73,4.9,1.01938938,,0,,0,,0,,0,,0,1.01938938
Jeremiah Attaochu,2014,OLB,Georgia Tech,252,6,3,75,,1,,0,,0,,0,,0,,0,1
Dee Ford,2014,DE,Auburn,252,6,2,74,,1,,0,,0,,0,,0,,0,1
Zach Mettenberger,2014,QB,LSU,224,6,5,77,,1,,0,,0,,0,,0,,0,1
Shayne Skov,2014,ILB,Stanford,245,6,2,74,5.09,0.959532369,,0,,0,,0,,0,,0,0.959532369
Dezmen Southward,2014,S,Wisconsin,211,6,1,73,4.38,0.947350771,,0,,0,,0,,0,,0,0.947350771
Uani' Unga,2014,ILB,BYU,231,6,1,73,4.82,0.942469728,,0,,0,,0,,0,,0,0.942469728
Steven Clark,2014,P,Auburn,231,6,5,77,5.18,0.925023047,,0,,0,,0,,0,,0,0.925023047
Tom Hornsey,2014,P,Memphis,221,6,3,75,5.05,0.884182199,,0,,0,,0,,0,,0,0.884182199
Marion Grice,2014,RB,Arizona State,208,6,1,73,4.67,0.875888698,,0,,0,,0,,0,,0,0.875888698
Anthony Fera,2014,K,Texas,211,6,1,73,4.85,0.855545645,,0,,0,,0,,0,,0,0.855545645
Aaron Murray,2014,QB,Georgia,207,6,1,73,4.84,0.841060916,,0,,0,,0,,0,,0,0.841060916
Richie Leone,2014,P,Houston,211,6,3,75,5.1,0.835897739,,0,,0,,0,,0,,0,0.835897739
Adam Muema,2014,RB,San Diego State,202,5,10,70,4.56,0.835341725,,0,,0,,0,,0,,0,0.835341725
Dexter McDougle,2014,CB,Maryland,196,5,10,70,4.47,0.826848982,,0,,0,,0,,0,,0,0.826848982
Kain Colter,2014,WR,Northwestern,198,5,10,70,4.71,0.792723862,,0,,0,,0,,0,,0,0.792723862
Zach Hocker,2014,K,Arkansas,189,6,1,73,4.9,0.758522019,,0,,0,,0,,0,,0,0.758522019
Aaron Colvin,2014,CB,Oklahoma,177,5,11,71,4.51,0.750645147,,0,,0,,0,,0,,0,0.750645147
Chris Boswell,2014,K,Rice,185,6,2,74,4.93,0.74805949,,0,,0,,0,,0,,0,0.74805949
Cairo Santos,2014,K,Tulane,164,5,8,68,4.76,0.631139579,,0,,0,,0,,0,,0,0.631139579
T.J. Barnes,2013,DT,Georgia Tech,369,6,6,78,5.3,1.462933912,22,1.091316048,25,2.048396897,97,1.3569603,8.26,1.849152637,4.96,1.826166672,9.634926466
Brandon Williams,2013,DT,Missouri Southern,335,6,1,73,5.37,1.226797803,29.5,1.243359094,38,2.645479469,102,1.212389811,8.09,1.538820395,4.91,1.53598483,9.402831402
Reid Fragel,2013,OT,Ohio State,308,6,8,80,5.14,1.291389326,30,1.273998305,33,2.314769626,113,1.353298455,7.62,1.460385189,4.68,1.475109717,9.168950618
Eric Herman,2013,OG,Ohio,320,6,4,76,5.25,1.247911754,28,1.173622681,36,2.492408382,95,1.122953091,7.99,1.511409316,5.09,1.583503838,9.131809061
Terron Armstead,2013,OT,Ark-Pine Bluff,306,6,5,77,4.71,1.347630565,34.5,1.401000012,31,2.079347034,112,1.282639509,7.62,1.396493337,4.72,1.422629852,8.929740308
Garrett Gilkey,2013,OT,Chadron State,318,6,6,78,5.29,1.263123045,30,1.28247784,28,1.977119346,108,1.30202678,7.65,1.475893101,4.75,1.507138276,8.807778388
Margus Hunt,2013,DE,SMU,277,6,8,80,4.62,1.292133507,34.5,1.317636884,38,2.397212228,121,1.303255496,7.07,1.218599273,4.51,1.278450935,8.807288324
Lane Johnson,2013,OT,Oklahoma,303,6,6,78,4.72,1.348884737,34,1.384914749,28,1.883859,118,1.355481758,7.31,1.343774369,4.52,1.366511948,8.683426561
Jonathan Cooper,2013,OG,North Carolina,311,6,2,74,5.07,1.222823447,27,1.070934144,35,2.293048734,108,1.208065003,7.78,1.392654705,4.84,1.424869983,8.612396015
Akeem Spence,2013,DT,Illinois,307,6,1,73,5.15,1.172286097,30,1.158749027,37,2.360565695,107,1.165519254,7.82,1.363137714,4.72,1.353134607,8.573392393
Emmett Cleary,2013,OT,Boston Col.,316,6,7,79,5.21,1.290791386,28.5,1.226213028,24,1.705605341,108,1.310425599,7.81,1.516480928,4.7,1.500893232,8.550409513
Nicholas Williams,2013,DT,Samford,309,6,4,76,4.94,1.280633124,33,1.335650723,28,1.871902545,111,1.266979212,7.55,1.379084154,4.65,1.396891877,8.531141635
Eric Fisher,2013,OT,Central Michigan,306,6,7,79,5.05,1.28954573,28.5,1.187408818,27,1.858084299,116,1.362953207,7.59,1.427125081,4.44,1.372995947,8.498113082
Vinston Painter,2013,OT,Virginia Tech,306,6,4,76,4.95,1.265637773,30.5,1.222479965,32,2.118547124,97,1.096430712,7.71,1.394636868,4.56,1.356555694,8.454288136
Larry Warford,2013,OG,Kentucky,332,6,3,75,5.58,1.202111512,22.5,0.965581102,28,1.984771477,96,1.161836508,7.78,1.506782921,5.1,1.624453523,8.445537044
Brian Schwenke,2013,C,California,314,6,3,75,4.99,1.271364187,26.5,1.075582376,31,2.078288033,108,1.236201043,7.31,1.338998324,4.74,1.427930337,8.428364301
Lamar Mady,2013,OG,Youngstown State,317,6,2,74,5.48,1.153161227,23,0.929877437,35,2.337287616,95,1.083151053,8.07,1.472435439,4.82,1.446357951,8.422270723
J.C. Tretter,2013,OG,Cornell,307,6,4,76,5.09,1.234848827,29.5,1.186262702,29,1.926207623,109,1.236098002,7.48,1.357454591,4.69,1.399789004,8.34066075
T.J. Johnson,2013,C,South Carolina,310,6,4,76,5.33,1.190769453,25.5,1.03543385,32,2.146240551,96,1.099311973,7.83,1.434857569,4.74,1.428536677,8.335150073
Travis Bond,2013,OG,North Carolina,329,6,6,78,5.27,1.311775434,22.5,0.99513021,22,1.607186638,98,1.222337161,7.85,1.566866164,4.96,1.628208225,8.331503833
Montori Hughes,2013,DT,Tennessee-Martin,329,6,4,76,5.23,1.287915617,26.5,1.141989883,22,1.565976724,104,1.263913255,7.85,1.526690109,4.7,1.503298124,8.289783711
Manese Foketi,2013,OG,Texas A&M,318,6,5,77,5.54,1.190659793,23.5,0.991728056,25,1.74265327,102,1.213926678,8.11,1.544580132,5.06,1.58491556,8.26846349
Luke Joeckel,2013,OT,Texas A&M,306,6,6,78,5.3,1.213164707,28.5,1.172378327,27,1.834564245,106,1.229691959,7.4,1.373787289,4.68,1.428892805,8.252479333
Josh Boyd,2013,DT,Mississippi State,310,6,3,75,5.14,1.218539035,26.5,1.06188069,32,2.118000544,104,1.175251287,7.16,1.294815008,4.64,1.379998788,8.248485352
John Wetzel,2013,OT,Boston Col.,315,6,7,79,5.46,1.227791466,25,1.072221585,22,1.558523868,105,1.269993163,7.9,1.529102088,4.81,1.531159695,8.188791865
Sylvester Williams,2013,DT,North Carolina,313,6,3,75,5.03,1.257237203,26.5,1.072156955,27,1.804357116,102,1.163804981,7.93,1.447939891,4.8,1.441400292,8.186896438
Nick Becton,2013,OT,Virginia Tech,323,6,5,77,5.2,1.288455761,29.5,1.264509672,19,1.345240644,109,1.317632154,7.77,1.50309355,4.57,1.453942444,8.172874226
Braden Brown,2013,OT,BYU,310,6,5,77,5.2,1.236598409,28,1.151906801,26,1.766765453,100,1.160183963,7.43,1.379472279,4.7,1.435119429,8.130046335
Ricky Wagner,2013,OT,Wisconsin,308,6,6,78,5.17,1.251798377,31.5,1.304255765,20,1.367818416,101,1.179345711,7.94,1.483670858,4.91,1.508914315,8.095803441
Chris Barker,2013,OG,Nevada,305,6,3,75,5.25,1.173765681,27.5,1.084178245,29,1.888479315,99,1.100704485,8.09,1.439399572,4.77,1.395780893,8.082308193
Jared Smith,2013,DT,New Hampshire,302,6,3,75,5.08,1.201113649,32.5,1.268698597,28,1.805424657,115,1.266019764,7.2,1.268447357,4.39,1.27195133,8.081655353
Jordan Devey,2013,OT,Memphis,317,6,7,79,5.25,1.285010446,24,1.035868168,21,1.497127473,98,1.192852838,7.91,1.540758534,4.77,1.528067362,8.079684821
Jordan Mills,2013,OT,Louisiana Tech,316,6,5,77,5.37,1.220627444,28.5,1.19516966,20,1.385354549,101,1.194465527,8.1,1.532973232,4.88,1.518921736,8.047512149
David Quessenberry,2013,OT,San Jose State,302,6,5,77,5.08,1.233143346,29.5,1.182296969,25,1.654972602,112,1.265872979,7.49,1.354725267,4.45,1.323717914,8.014729077
Bennie Logan,2013,DT,LSU,309,6,2,74,5.08,1.212567978,25,0.985228803,30,1.952830662,104,1.155840685,7.53,1.339235399,4.67,1.365981592,8.01168512
Edmund Kugbila,2013,OG,Valdosta State,317,6,4,76,5.13,1.265129834,22.5,0.934248189,23,1.577443534,105,1.229522816,7.72,1.446644765,4.65,1.433057362,7.886046501
Earl Watford,2013,OG,James Madison,300,6,3,75,5.06,1.197875298,30,1.163350725,24,1.537258459,107,1.170147838,7.77,1.359800767,5,1.439097735,7.867530823
Mark Jackson,2013,OG,Glenville State,328,6,5,77,5.65,1.204191976,20.5,0.892329646,20,1.43796295,91,1.11707003,8.07,1.585294119,5.03,1.625063445,7.861912166
David Bakhtiari,2013,OT,Colorado,299,6,4,76,5.18,1.181774539,25.5,0.998692649,28,1.811323175,101,1.115528302,7.7,1.360965922,4.74,1.377846665,7.846131251
Joe Madsen,2013,C,West Virginia,310,6,3,75,5.2,1.20447897,25,1.001774236,25,1.654687925,98,1.107448328,7.6,1.374384645,4.83,1.436507359,7.779281462
Jason Weaver,2013,OT,Southern Miss,313,6,4,76,5.44,1.177981956,21,0.860962264,23,1.557538884,94,1.086826508,8.23,1.522753162,5.07,1.542778779,7.748841552
Datone Jones,2013,DE,UCLA,283,6,4,76,4.8,1.207086516,31.5,1.167662879,29,1.775624617,112,1.170826354,7.32,1.224567852,4.32,1.188561181,7.734329398
Travis Frederick,2013,C,Wisconsin,312,6,4,76,5.58,1.144757758,28.5,1.164715724,21,1.417557267,97,1.117929353,7.81,1.440426044,4.76,1.443819511,7.729205656
Matt Stankiewitch,2013,C,Penn State,302,6,3,75,5.43,1.1236938,24,0.936885117,27,1.740945205,92,1.012815811,7.9,1.391768627,4.96,1.437102186,7.643210747
Vance McDonald,2013,TE,Rice,267,6,4,76,4.69,1.165551906,33.5,1.171592419,31,1.79076946,119,1.173670676,7.08,1.117454519,4.53,1.175874095,7.594913075
Jordan Hill,2013,DT,Penn State,303,6,1,73,5.23,1.139313931,22.5,0.85773849,28,1.763098807,103,1.10733022,7.49,1.288602742,4.51,1.27608557,7.43216976
Joe Kruger,2013,DE,Utah,269,6,6,78,4.83,1.170251913,34,1.229511774,24,1.433544755,117,1.193183347,7.17,1.170139886,4.46,1.197069894,7.39370157
Everett Dawkins,2013,DT,Florida State,292,6,2,74,5.06,1.150386197,30,1.117230332,23,1.414801589,103,1.081748333,7.61,1.279001262,4.88,1.348876413,7.392044126
Jamaal Johnson-Webb,2013,OG,Alabama A&M,313,6,5,77,5.37,1.209039208,23,0.955366021,17,1.166372082,92,1.077698625,8.12,1.522168873,4.74,1.461339662,7.391984472
William Gholston,2013,DE,Michigan State,281,6,6,78,4.96,1.19041627,28.5,1.076595784,23,1.435099094,110,1.171839267,7.2,1.227453826,4.59,1.286919482,7.388323723
Cory Grissom,2013,DT,South Florida,306,6,1,73,5.31,1.133259513,27.5,1.058726717,22,1.399007682,97,1.053150552,7.79,1.353485131,4.81,1.374444255,7.37207385
Oday Aboushi,2013,OT,Virginia,308,6,5,77,5.41,1.180928991,23.5,0.960541639,17,1.14773994,100,1.152698905,7.92,1.460960144,4.84,1.468333038,7.371202657
Ziggy Ansah,2013,DE,BYU,271,6,5,77,4.56,1.232749348,34.5,1.240754912,21,1.247476699,118,1.196785895,7.11,1.153988183,4.26,1.137122839,7.208877877
Kwame Geathers,2013,DT,Georgia,342,6,5,77,5.44,1.304059897,26.5,1.202734025,,0,96,1.228747092,8.11,1.661152218,5.27,1.775273269,7.171966501
Dion Sims,2013,TE,Michigan State,262,6,5,77,4.75,1.144136959,35,1.216933798,22,1.263478421,112,1.098207684,7.36,1.154892539,4.52,1.166455616,7.044105018
Tommy Bohanon,2013,FB,Wake Forest,246,6,1,73,4.88,0.991328868,35,1.083260491,36,1.840405827,119,1.038674256,7.27,1.015463045,4.42,1.015355215,6.984487702
Bjoern Werner,2013,DE,Florida State,266,6,3,75,4.83,1.112693055,31,1.065887787,25,1.419828993,111,1.076317292,7.3,1.132758957,4.4,1.122879993,6.930366077
Corey Lemonier,2013,DE,Auburn,255,6,3,75,4.6,1.120013404,33,1.087732928,27,1.470003401,119,1.106172466,7.14,1.062114653,4.4,1.076445106,6.922481958
Devin Taylor,2013,DE,South Carolina,266,6,7,79,4.72,1.199351099,35,1.267604185,14,0.837509796,128,1.307353809,6.89,1.126158955,4.3,1.155885859,6.893863703
Ty Powell,2013,OLB,Harding,249,6,2,74,4.64,1.069775615,37,1.175004914,28,1.468730893,122,1.092610416,6.98,1.000364415,4.4,1.037102093,6.843588346
Sio Moore,2013,OLB,Connecticut,245,6,1,73,4.65,1.036133224,38,1.17133045,29,1.476522516,127,1.103994994,7.49,1.041939511,4.31,0.986061453,6.815982148
Jamie Collins,2013,OLB,Southern Miss,250,6,3,75,4.64,1.088586388,41.5,1.341084864,19,1.014163567,139,1.266748828,7.1,1.035455325,4.32,1.036150369,6.782189341
Levine Toilolo,2013,TE,Stanford,260,6,8,80,4.86,1.152939912,31,1.111301552,17,1.006619613,113,1.142394799,7.09,1.147047269,4.57,1.215954438,6.776257584
Kyle Long,2013,OG,Oregon,313,6,6,78,4.91,1.339482537,28,1.178158887,,0,107,1.269688414,7.83,1.486868111,4.63,1.445964726,6.720162676
Tyler Eifert,2013,TE,Notre Dame,250,6,5,77,4.68,1.10806309,35.5,1.177784892,22,1.20560918,119,1.113402351,6.92,1.03611646,4.32,1.063781046,6.70475702
Michael Buchanan,2013,DE,Illinois,255,6,5,77,4.78,1.106579491,33,1.11673914,22,1.229721364,113,1.078409706,6.91,1.055311566,4.44,1.11519713,6.701958396
Zach Ertz,2013,TE,Stanford,249,6,5,77,4.76,1.085082421,30.5,1.007852097,24,1.309949175,111,1.034397566,7.08,1.055832619,4.47,1.096315016,6.589428893
David Bass,2013,DE,Missouri Western State,262,6,4,76,4.84,1.108279066,30.5,1.046698532,20,1.133699646,111,1.074267164,7.07,1.094979636,4.33,1.102911201,6.560835244
Oscar Johnson,2013,OT,Louisiana Tech,331,6,5,77,5.49,1.250621765,22,0.966380798,,0,88,1.090123821,8.06,1.597811364,5.06,1.649707706,6.554645454
Menelik Watson,2013,OT,Florida State,310,6,5,77,5.29,1.215559873,24.5,1.007918451,,0,103,1.194989482,8.31,1.542855268,5.01,1.529776243,6.491099316
Chris Pantale,2013,TE,Boston Col.,254,6,5,77,4.99,1.055853112,33.5,1.129213706,17,0.946512807,110,1.045662578,7.48,1.13788346,4.5,1.12583494,6.440960603
Philip Lutzenkirchen,2013,TE,Auburn,258,6,3,75,4.94,1.055197196,30.5,1.017156318,21,1.15678699,112,1.053351774,7.15,1.076115176,4.35,1.076732925,6.435340379
Chris Gragg,2013,TE,Arkansas,244,6,3,75,4.5,1.095514636,37.5,1.182739904,18,0.93772766,125,1.111822712,7.08,1.007757624,4.51,1.055760474,6.391323011
Johnathan Hankins,2013,DT,Ohio State,320,6,3,75,5.31,1.2175767,26,1.075453115,,0,104,1.213162619,7.59,1.416852897,4.61,1.415304653,6.338349983
Jake Stoneburner,2013,TE,Ohio State,252,6,3,75,4.65,1.094935305,34.5,1.123796801,18,0.968472829,116,1.06560005,7.12,1.046679077,4.27,1.032351151,6.331835213
Nathan Williams,2013,OLB,Ohio State,241,6,3,75,4.88,0.997787576,35,1.090318152,24,1.234930962,113,0.992730096,6.99,0.982714189,4.44,1.02659476,6.325075735
Justin Pugh,2013,OT,Syracuse,307,6,4,76,5.12,1.227613384,28.5,1.146050407,,0,103,1.16805591,7.45,1.352010254,4.63,1.381881256,6.275611212
Tanner Hawkinson,2013,OT,Kansas,298,6,5,77,5.07,1.219210342,28.5,1.127090376,,0,112,1.24910645,7.52,1.342136152,4.51,1.323796713,6.261340032
Zaviar Gooden,2013,OLB,Missouri,234,6,1,73,4.47,1.029463143,34,1.000977987,27,1.31297245,131,1.087638199,6.71,0.891523884,4.18,0.913382668,6.235958331
Jonathan Stewart,2013,ILB,Texas A&M,242,6,4,76,4.68,1.058675135,31,0.982647026,19,0.994799804,118,1.05483712,7.44,1.064323469,4.53,1.065773525,6.221056079
Matt Furstenburg,2013,TE,Maryland,242,6,4,76,4.62,1.072424163,35.5,1.125289337,18,0.942441919,115,1.028019227,7.09,1.014254489,4.35,1.023424908,6.205854043
Rogers Gaines,2013,OT,Tennessee State,334,6,6,78,5.24,1.339335532,23,1.032703854,28,2.076597049,,0,,0,5.24,1.746264896,6.19490133
Brandon Hepburn,2013,ILB,Florida A&M,240,6,2,74,4.68,1.022296129,32,0.979489606,21,1.061733176,124,1.07038271,7.4,1.022224831,4.55,1.033694309,6.189820761
Sharrif Floyd,2013,DT,Florida,297,6,3,75,4.92,1.219641569,30,1.151717218,,0,106,1.147619758,7.4,1.282097866,4.75,1.35347142,6.154547831
Alec Ogletree,2013,OLB,Georgia,242,6,2,74,4.7,1.026428816,33.5,1.033948208,20,1.019600907,122,1.06189446,7.16,0.997313856,4.39,1.005655824,6.144842071
Jon Bostic,2013,OLB,Florida,245,6,1,73,4.59,1.049677449,32.5,1.001795779,22,1.120120529,118,1.025759129,6.99,0.972384137,4.24,0.970046534,6.139783557
Knile Davis,2013,RB,Arkansas,227,5,11,71,4.37,0.993533184,33.5,0.93054184,31,1.422325615,121,0.947859605,6.96,0.872499507,4.38,0.903017327,6.069777078
Mark Harrison,2013,WR,Rutgers,231,6,3,75,4.46,1.04644882,38.5,1.149584408,17,0.838446385,129,1.086269017,6.99,0.941937667,4.33,0.959619152,6.022305448
Chase Thomas,2013,OLB,Stanford,244,6,3,75,4.91,1.004035817,32,1.009271385,18,0.93772766,113,1.005087732,7.17,1.020568102,4.31,1.008941828,5.985632524
Braxston Cave,2013,C,Notre Dame,303,6,3,75,5.33,1.148566885,25.5,0.998736598,,0,98,1.08244143,7.81,1.380469039,4.71,1.369186367,5.979400319
Lavar Edwards,2013,DE,LSU,277,6,4,76,4.8,1.181494575,33,1.197330907,,0,119,1.217628379,7.03,1.151119554,4.51,1.214528388,5.962101804
Hugh Thornton,2013,OG,Illinois,320,6,3,75,5.11,1.265231365,,0,27,1.844710151,,0,7.45,1.390718588,4.63,1.421444803,5.922104907
Jeff Baca,2013,OG,UCLA,302,6,3,75,5.03,1.213053148,26.5,1.034477317,,0,100,1.100886751,7.26,1.279017751,4.44,1.286438247,5.913873215
Mychal Rivera,2013,TE,Tennessee,242,6,3,75,4.81,1.016508843,31,0.96971746,17,0.878372403,112,0.988027633,7.17,1.01220279,4.43,1.028532745,5.893361874
Keith Pough,2013,ILB,Howard,239,6,2,74,4.87,0.978318503,33,1.005889912,17,0.855917042,118,1.014345874,7.28,1.001458011,4.47,1.011288133,5.867217475
Cornelius Washington,2013,DE,Georgia,265,6,4,76,4.55,1.192415678,39,1.353726608,36,2.064025691,128,1.252979238,,0,,0,5.863147215
Zach Boren,2013,FB,Ohio State,238,5,11,71,5,0.91042654,32,0.931949063,25,1.202620067,109,0.895233329,7.28,0.956838034,4.44,0.959745409,5.856812442
John Lotulelei,2013,OLB,UNLV,233,5,11,71,4.84,0.920764393,35.5,1.012160803,25,1.177354939,117,0.940750744,6.91,0.889127539,4.3,0.909956209,5.850114627
Tom Wort,2013,ILB,Oklahoma,235,6,1,73,4.78,0.966812894,31.5,0.931339812,21,1.0255649,111,0.92552497,7.41,0.988736747,4.51,0.98970333,5.827682653
Steve Beauharnais,2013,ILB,Rutgers,240,6,1,73,4.84,0.975143091,33,0.996448675,19,0.947634437,118,1.004825269,6.99,0.952539562,4.2,0.941285047,5.81787608
Le'Veon Bell,2013,RB,Michigan State,230,6,1,73,4.6,0.983269284,31.5,0.911524072,24,1.147136423,118,0.962957549,6.75,0.88150791,4.24,0.91065593,5.797051169
Christine Michael,2013,RB,Texas A&M,220,5,10,70,4.54,0.913785949,43,1.141290149,27,1.183689013,125,0.935632228,6.69,0.801343251,4.02,0.79192589,5.76766648
Armonty Bryant,2013,DE,East Central (OK),263,6,4,76,4.86,1.107930912,31.5,1.085142534,,0,118,1.146372573,7.32,1.138025954,5,1.278430468,5.75590244
Khaseem Greene,2013,OLB,Rutgers,241,6,1,73,4.71,1.00623311,30,0.909636858,17,0.851416291,116,0.991910142,7.58,1.037243814,4.2,0.945207068,5.741647282
Chris Harper,2013,WR,Kansas State,229,6,1,73,4.55,0.989752378,35.5,1.022806755,20,0.951790728,116,0.942520425,6.89,0.895878903,4.39,0.938773086,5.741522274
DeVonte Holloman,2013,OLB,South Carolina,243,6,1,73,4.76,1.003926201,33,1.008904283,15,0.757484106,113,0.974276026,7.3,1.007218604,4.26,0.966666126,5.718475346
MarQueis Gray,2013,QB,Minnesota,240,6,3,75,4.65,1.042795528,30,0.93068058,15,0.76862923,111,0.971113346,7.25,1.015037896,4.3,0.990099242,5.718355822
T.J. McDonald,2013,S,USC,219,6,2,74,4.59,0.9511363,40,1.117230332,19,0.876561854,131,1.031861881,6.89,0.868493958,4.2,0.870688668,5.715972994
Bruce Taylor,2013,ILB,Virginia Tech,237,6,1,73,5.01,0.930278723,30.5,0.909448137,19,0.935789006,115,0.967037878,7.21,0.970237856,4.39,0.971568652,5.684360253
Shawn Williams,2013,S,Georgia,213,6,1,73,4.46,0.939176491,36,0.96474349,25,1.106612582,120,0.906897383,7.01,0.847797685,4.25,0.845335604,5.610563234
Sam Montgomery,2013,DE,LSU,262,6,3,75,4.81,1.100517838,34.5,1.168391912,,0,114,1.088784288,7.18,1.097384303,4.51,1.133644444,5.588722785
Chris Jones,2013,DT,Bowling Green,302,6,2,74,5.33,1.129512552,,0,30,1.90859178,,0,7.34,1.275870123,4.44,1.269285737,5.583260193
Dion Jordan,2013,OLB,Oregon,248,6,6,78,4.54,1.147810091,32.5,1.083519013,,0,122,1.147045256,7.02,1.056221833,4.35,1.076399055,5.510995249
Abry Jones,2013,DT,Georgia,313,6,3,75,5.06,1.249783228,26.5,1.072156955,30,2.00484124,101,1.152395128,,0,,0,5.479176551
Gavin Escobar,2013,TE,San Diego State,254,6,6,78,4.84,1.102713181,32,1.092660365,,0,114,1.097760525,7.07,1.089480542,4.31,1.092303579,5.474918191
Eric Reid,2013,S,LSU,213,6,1,73,4.53,0.92466383,40.5,1.085336426,17,0.752496556,134,1.012702077,6.99,0.845378862,4.22,0.839368529,5.459946279
Sheldon Richardson,2013,DT,Missouri,294,6,2,74,5.02,1.167494763,32,1.199874768,30,1.858033057,116,1.226624058,,0,,0,5.452026645
Brad McDougald,2013,S,Illinois,215,6,1,73,4.51,0.937485126,34.5,0.933227026,19,0.848922516,122,0.930669732,7.07,0.863082834,4.44,0.891419351,5.404806584
Barkevious Mingo,2013,OLB,LSU,241,6,4,76,4.58,1.077320105,37,1.16799034,,0,128,1.139501873,6.84,0.97444758,4.39,1.028567795,5.387827694
Justice Cunningham,2013,TE,South Carolina,258,6,3,75,4.94,1.055197196,31.5,1.050505705,,0,116,1.09097148,7.12,1.071600007,4.45,1.101485406,5.369759795
Michael Ford,2013,RB,LSU,210,5,9,69,4.5,0.86743208,38.5,0.961470596,25,1.031244216,130,0.915558664,6.87,0.774277907,4.25,0.7877621,5.337745564
Lonnie Pryor,2013,FB,Florida State,227,5,11,71,4.7,0.923774471,30,0.833321051,17,0.779985015,114,0.893024751,7.28,0.912614427,4.55,0.938065945,5.28078566
Zac Stacy,2013,RB,Vanderbilt,216,5,8,68,4.55,0.869622715,33,0.835378889,27,1.128962612,122,0.87095744,6.7,0.765436577,4.17,0.783495463,5.253853696
Rex Burkhead,2013,RB,Nebraska,214,5,10,70,4.73,0.853159597,39,1.006892979,21,0.895538456,125,0.910114985,6.85,0.798130909,4.09,0.783741581,5.247578507
Da'Rick Rogers,2013,WR,Tennessee Tech,217,6,2,74,4.5,0.961299127,39.5,1.093189474,10,0.457135117,132,1.030243359,6.71,0.838080467,4.06,0.833979268,5.213926811
J.J. Wilcox,2013,S,Georgia Southern,213,6,1,73,4.57,0.916570492,35,0.937945059,17,0.752496556,124,0.937127295,7.02,0.849007097,4.09,0.813511204,5.206657704
E.J. Manuel,2013,QB,Florida State,237,6,5,77,4.65,1.057220866,34,1.069362328,,0,118,1.046635635,7.08,1.004949119,4.21,0.982785939,5.160953888
Marcus Davis,2013,WR,Virginia Tech,233,6,3,75,4.56,1.032361856,39.5,1.189655378,19,0.945200444,120,1.019231575,7.15,0.97184045,,0,5.158289703
Kenny Vaccaro,2013,S,Texas,214,6,1,73,4.63,0.908940072,38,1.023121291,15,0.667084768,121,0.918748076,6.78,0.82383089,4.06,0.811335417,5.153060514
Brandon Kaufman,2013,WR,East. Washington,216,6,5,77,4.67,0.959416545,33.5,0.960276223,9,0.426128045,115,0.929644182,7.11,0.919783939,4.44,0.944637569,5.139886503
Josh Boyce,2013,WR,TCU,206,5,11,71,4.38,0.899561928,34,0.857060299,22,0.916012461,131,0.93126076,6.68,0.759930327,4.1,0.76709154,5.130917315
D.J. Harper,2013,RB,Boise State,211,5,9,69,4.52,0.867706237,33.5,0.840588115,23,0.953262511,120,0.849155508,7.07,0.800613124,4.35,0.810137192,5.121462686
Stephane Milhim,2013,OG,Massachusetts,314,6,4,76,5.14,1.250718948,28.5,1.17218185,,0,104,1.206288031,,0,4.87,1.486654223,5.115843051
T.J. Moe,2013,WR,Missouri,204,5,11,71,4.74,0.82317047,36,0.898665168,26,1.072049888,120,0.844781124,6.53,0.735653732,3.96,0.733704984,5.108025366
Ryan Swope,2013,WR,Texas A&M,205,6,1,73,4.34,0.928894945,37,0.954300909,16,0.681631788,125,0.909203655,6.76,0.786855821,4.25,0.81358591,5.074473028
Dwayne Gratz,2013,CB,Connecticut,201,5,11,71,4.47,0.860055527,38,0.934641143,22,0.893779149,125,0.86703945,6.7,0.743705432,4.15,0.75760053,5.056821231
Aaron Mellette,2013,WR,Elon,217,6,2,74,4.54,0.952829531,33.5,0.927135377,9,0.411421606,123,0.959999493,7.11,0.888040554,4.41,0.905874032,5.045300593
Malliciah Goodman,2013,DE,Clemson,276,6,4,76,4.87,1.160308092,31.5,1.138780758,26,1.552562721,114,1.162256449,,0,,0,5.01390802
C.J. Anderson,2013,RB,California,224,5,8,68,4.6,0.892028453,32,0.840066761,17,0.737155286,119,0.881004915,7.15,0.84710007,4.12,0.802771442,5.000126928
Tyrone Goard,2013,WR,East. Kentucky,205,6,4,76,4.5,0.932684045,36,0.966666896,10,0.443527533,123,0.931423098,6.9,0.836157884,4.39,0.874922813,4.98538227
Lanear Sampson,2013,WR,Baylor,204,5,11,71,4.46,0.874849334,33.5,0.836257865,20,0.82465376,119,0.837741281,7.1,0.799868529,4.38,0.811522179,4.984892948
Zeke Motta,2013,S,Notre Dame,213,6,2,74,4.75,0.893917257,35.5,0.964376388,11,0.49357953,126,0.965286666,6.75,0.827535895,4.16,0.838769097,4.983464833
Jawanza Starling,2013,S,USC,202,6,1,73,4.64,0.856122393,36,0.914921056,17,0.713635232,122,0.874396678,6.68,0.766165226,4.34,0.818656522,4.943897108
Khalid Wooten,2013,CB,Nevada,210,5,11,71,4.53,0.886663946,33.5,0.860853685,17,0.72157204,117,0.847886936,6.95,0.805998425,4.18,0.797244795,4.920219827
Keelan Johnson,2013,S,Arizona State,209,6,1,73,4.54,0.905300794,36.5,0.959773828,12,0.52119894,125,0.926944214,6.77,0.803395805,4.07,0.794330654,4.910944236
Mike James,2013,RB,Miami (FL),223,5,10,70,4.53,0.928291362,35,0.941624695,28,1.244268384,115,0.872519581,,0,4.62,0.922534563,4.909238584
Manti Te'o,2013,ILB,Notre Dame,241,6,1,73,4.82,0.983269284,33,1.000600544,,0,113,0.966257293,7.13,0.975666015,4.27,0.960960519,4.886753655
D.J. Swearinger,2013,S,South Carolina,208,5,10,70,4.67,0.839893272,37,0.928474523,17,0.704633729,124,0.877520961,6.7,0.758766106,4.11,0.765492542,4.874781133
Rodney Smith,2013,WR,Florida State,225,6,4,76,4.51,1.021407815,34.5,1.016768534,,0,120,0.997359653,7.03,0.935024908,4.07,0.890283423,4.860844333
Shamarko Thomas,2013,S,Syracuse,213,5,9,69,4.42,0.895748383,40.5,1.025865937,28,1.17149343,133,0.950068183,,0,4.26,0.800895882,4.844071814
Terrance Williams,2013,WR,Baylor,208,6,2,74,4.52,0.917352456,32.5,0.862154914,11,0.481993156,119,0.890259168,7.01,0.839237377,4.32,0.850582746,4.841579816
Montee Ball,2013,RB,Wisconsin,214,5,10,70,4.66,0.865975299,32,0.826168598,15,0.639670325,118,0.859148546,6.88,0.801626373,4.4,0.843144977,4.835734119
Ryan Spadola,2013,WR,Lehigh,204,6,1,73,4.48,0.895477383,33.5,0.859814425,15,0.635912583,119,0.861339627,6.72,0.77838426,4.07,0.775327528,4.806255806
Nick Kasa,2013,TE,Colorado,269,6,6,78,4.71,1.200067249,31.5,1.139106496,22,1.314082692,113,1.152390754,,0,,0,4.805647191
Robert Woods,2013,WR,USC,201,6,1,73,4.51,0.876439583,33.5,0.847170095,14,0.584790198,117,0.834409458,7.15,0.816012299,4.47,0.839004341,4.797825974
Stefphon Jefferson,2013,RB,Nevada,213,5,10,70,4.68,0.85824523,31,0.796610872,15,0.636681212,117,0.847886936,6.97,0.808317845,4.44,0.846834184,4.794576279
Jamar Taylor,2013,CB,Boise State,192,5,11,71,4.39,0.836516796,35,0.822307997,22,0.853759187,127,0.841468256,6.82,0.723128864,4.06,0.707983894,4.785164995
Mike Gillislee,2013,RB,Florida,208,5,11,71,4.55,0.874359222,30.5,0.776297907,15,0.630617581,119,0.85416758,7.12,0.817849556,4.4,0.831212618,4.784504465
Stepfan Taylor,2013,RB,Stanford,214,5,9,69,4.76,0.835671362,30,0.763468303,17,0.714603135,110,0.789459742,7.13,0.818887306,4.5,0.849988686,4.772078533
Trevardo Williams,2013,OLB,Connecticut,241,6,1,73,4.57,1.037058632,38,1.152206687,30,1.502499337,124,1.060317738,,0,,0,4.752082394
Brad Sorensen,2013,QB,Southern Utah,229,6,4,76,4.97,0.943348784,29,0.869869222,,0,112,0.947417792,7.17,0.970599303,4.55,1.01297386,4.744208961
Collin Klein,2013,QB,Kansas State,226,6,5,77,4.78,0.980733196,29,0.86976926,,0,111,0.938850803,7.17,0.970487766,4.4,0.979466548,4.739307573
Johnathan Franklin,2013,RB,UCLA,205,5,10,70,4.49,0.860964348,31.5,0.779057202,18,0.735321963,115,0.802091992,6.89,0.769029267,4.31,0.791164767,4.737629539
Mike Glennon,2013,QB,North Carolina State,225,6,7,79,4.94,0.969309052,26.5,0.811824914,,0,102,0.881219746,7.49,1.035531161,4.52,1.027746039,4.725630912
Tyler Bray,2013,QB,Tennessee,232,6,6,78,5.05,0.965318918,26.35,0.821807498,,0,100,0.879542899,7.2,1.013413835,4.51,1.043991341,4.724074491
James Vandenberg,2013,QB,Iowa,226,6,3,75,4.92,0.928077423,32,0.934816938,,0,116,0.955657188,6.95,0.916275875,4.52,0.980044746,4.71487217
Blidi Wreh-Wilson,2013,CB,Connecticut,195,6,1,73,4.53,0.846523224,36,0.883215871,14,0.567333775,128,0.885608712,6.97,0.771723978,4.12,0.750226594,4.704632153
Montel Harris,2013,RB,Temple,208,5,8,68,4.68,0.814152953,32.5,0.792250461,19,0.765030906,113,0.776828463,6.95,0.764590323,4.18,0.75628641,4.669139518
Landry Jones,2013,QB,Oklahoma,225,6,4,76,5.11,0.901477348,31,0.913618103,,0,115,0.955803001,7.12,0.946995355,4.3,0.94059428,4.658488086
Kenjon Barner,2013,RB,Oregon,196,5,9,69,4.52,0.80602096,35.5,0.827447422,20,0.769995681,122,0.801935486,6.87,0.72265938,4.2,0.72659469,4.654653619
Darius Slay,2013,CB,Mississippi State,192,6,1,73,4.36,0.865998635,35.5,0.857549768,14,0.558605563,124,0.844734463,6.9,0.752220084,4.21,0.754820961,4.633929474
Giovani Bernard,2013,RB,North Carolina,202,5,8,68,4.53,0.816848824,33.5,0.793070839,19,0.742962707,122,0.814506495,6.91,0.738261251,4.12,0.723927818,4.629577934
Tourek Williams,2013,DE,Florida International,260,6,3,75,4.92,1.06769969,33,1.109061025,25,1.387802776,112,1.061517291,,0,,0,4.626080782
Markus Wheaton,2013,WR,Oregon State,189,5,11,71,4.45,0.812343575,37,0.85571426,20,0.764017454,120,0.782664864,6.8,0.709742498,4.02,0.690055423,4.614538074
Robert Alford,2013,CB,SE Louisiana,188,5,10,70,4.39,0.807552892,40,0.907241218,17,0.636880486,132,0.844314523,6.89,0.705256108,4.23,0.712088585,4.613333811
Micah Hyde,2013,CB,Iowa,197,6,1,73,4.56,0.849579162,33,0.817918287,12,0.491273642,121,0.845763416,6.78,0.75838638,4.2,0.772638142,4.53555903
Sanders Commings,2013,CB,Georgia,216,6,1,73,4.41,0.963202564,34.5,0.937567617,,0,117,0.896678821,7.1,0.87077651,4.3,0.867326936,4.535552446
Ryan Nassib,2013,QB,Syracuse,227,6,2,74,5.06,0.894307078,28.5,0.825105209,,0,105,0.857277282,7.34,0.95901496,4.53,0.973404941,4.509109469
Josh Johnson,2013,CB,Purdue,199,5,9,69,4.65,0.795479189,35,0.828279864,16,0.625425064,114,0.760819189,6.99,0.746536571,4.25,0.746498371,4.503038248
Ray Graham,2013,RB,Pittsburgh,199,5,9,69,4.8,0.770620464,32.5,0.769117017,18,0.703603197,112,0.747471483,7.17,0.765760689,4.21,0.739472504,4.496045354
Daimion Stafford,2013,S,Nebraska,221,6,1,73,4.69,0.926663163,30.5,0.848050794,21,0.964467417,111,0.870387312,7.06,0.885914031,,0,4.495482716
Quinton Patton,2013,WR,Louisiana Tech,204,6,1,73,4.53,0.885593527,33,0.846981373,8,0.339153377,118,0.854101479,6.91,0.800392149,4.01,0.763897638,4.490119544
Tavarres King,2013,WR,Georgia,189,6,1,73,4.47,0.831489461,36.5,0.867929442,11,0.43204649,123,0.824829556,6.91,0.741539785,4.33,0.764205797,4.462040531
Marquess Wilson,2013,WR,Washington State,194,6,3,75,4.51,0.869092615,34.5,0.865145156,7,0.289944026,122,0.862774425,6.65,0.752586431,4.33,0.80591392,4.445456572
Kerwynn Williams,2013,RB,Utah State,195,5,8,68,4.48,0.797342876,35,0.799868254,17,0.641720003,118,0.760501317,7.15,0.737430865,4.15,0.70392986,4.440793175
Brandon McGee,2013,CB,Miami (FL),193,5,11,71,4.4,0.838962577,33.5,0.791165529,14,0.546130995,119,0.792568957,6.71,0.715171045,4.18,0.732705931,4.416705034
Alec Lemon,2013,WR,Syracuse,202,6,1,73,4.59,0.865448345,32,0.813263161,7,0.293849801,112,0.802724819,7.04,0.807455568,4.29,0.809224996,4.391966691
Marc Anthony,2013,CB,California,196,5,11,71,4.63,0.809679301,35,0.839439414,12,0.475388638,118,0.798124911,6.74,0.729534881,4.07,0.724513691,4.376680836
Will Davis,2013,CB,Utah State,186,5,11,71,4.51,0.788813544,35.5,0.807991028,16,0.601512154,127,0.815172373,6.52,0.669715937,4.02,0.679102162,4.362307199
Kevin Minter,2013,ILB,LSU,246,6,1,73,4.81,1.005755691,33,1.021359891,25,1.278059602,119,1.038674256,,0,,0,4.343849441
DeAndre Hopkins,2013,WR,Clemson,214,6,1,73,4.57,0.92087364,36,0.969272802,15,0.667084768,115,0.87319032,,0,4.5,0.899263393,4.329684922
B.W. Webb,2013,CB,William & Mary,184,5,10,70,4.51,0.769341091,40.5,0.899037441,14,0.513330454,132,0.826350384,6.82,0.683237953,3.84,0.632681091,4.323978413
Johnthan Banks,2013,CB,Mississippi State,185,6,2,74,4.61,0.799985528,34,0.802212191,10,0.389723487,125,0.831740597,6.97,0.74217782,4.27,0.747771813,4.313611436
Kenbrell Thompkins,2013,WR,Cincinnati,193,6,1,73,4.54,0.83599547,33.5,0.813451882,8,0.320865695,121,0.828590555,6.88,0.753946192,4.21,0.75875232,4.311602115
Tyler Wilson,2013,QB,Arkansas,215,6,2,74,4.95,0.865853843,28.5,0.781487313,,0,112,0.866089236,7.22,0.893468246,4.39,0.893454555,4.300353192
Rontez Miles,2013,S,California (PA),203,6,1,73,4.62,0.864085128,36.5,0.932220512,,0,123,0.885928042,6.97,0.803384449,4.27,0.809439773,4.295057904
Dee Milliner,2013,CB,Alabama,201,6,1,73,4.37,0.904517739,36,0.910391744,,0,122,0.870067982,6.95,0.79318678,4.32,0.810849833,4.289014077
Mike Edwards,2013,CB,Hawaii,189,5,9,69,4.56,0.77041665,36,0.809133696,14,0.519747085,124,0.785971899,6.94,0.703950481,4.18,0.697308476,4.286528288
Matt Scott,2013,QB,Arizona,213,6,2,74,4.69,0.905353299,31,0.842131494,,0,118,0.903998624,6.69,0.820180021,3.99,0.804492475,4.276155912
Logan Ryan,2013,CB,Rutgers,191,5,11,71,4.56,0.801136431,32.5,0.759594776,14,0.540471606,116,0.764582131,6.69,0.705650378,4.06,0.704296478,4.275731801
Colby Cameron,2013,QB,Louisiana Tech,212,6,2,74,4.78,0.884136443,30.5,0.824658827,,0,112,0.85400427,6.98,0.851715887,4.28,0.858912883,4.273428311
Josh Evans,2013,S,Florida,207,6,1,73,4.58,0.888806732,34.5,0.898502299,,0,123,0.903384752,6.64,0.780428337,4.1,0.792528392,4.263650512
Leon McFadden,2013,CB,San Diego State,193,5,10,70,4.54,0.801639492,34.5,0.803306602,10,0.384599292,119,0.781406014,6.81,0.715606383,4.27,0.737939897,4.22449768
Stedman Bailey,2013,WR,West Virginia,193,5,10,70,4.52,0.805186569,34.5,0.803306602,11,0.423059221,117,0.76827314,6.81,0.715606383,4.09,0.70683236,4.222264276
Adrian Bushell,2013,CB,Louisville,186,5,9,69,4.58,0.754876951,33,0.729932779,17,0.621103659,116,0.723593177,6.92,0.69078019,4.25,0.697732146,4.218018902
Jordan Poyer,2013,CB,Oregon State,191,6,1,73,4.54,0.827332305,30.5,0.732930777,8,0.317540662,118,0.799673443,6.87,0.745048783,4.18,0.745538845,4.168064814
Demetrius McCray,2013,CB,Appalachian State,187,6,1,73,4.54,0.810005974,36,0.846981373,4,0.155445298,126,0.836006108,7.17,0.761299189,4.32,0.75437273,4.164110673
Steve Williams,2013,CB,California,181,5,9,69,4.42,0.761175856,40.5,0.871745233,12,0.426640464,128,0.776983997,6.89,0.669296621,4.1,0.65501205,4.160854221
Sam Barrington,2013,ILB,South Florida,246,6,1,73,4.91,0.985271869,32.5,1.005884742,22,1.12469245,117,1.021217546,,0,,0,4.137066606
Denard Robinson,2013,WR,Michigan,199,5,10,70,4.43,0.847085013,36.5,0.876296088,,0,123,0.832780729,7.09,0.768190791,4.22,0.75197142,4.076324041
Conner Vernon,2013,WR,Duke,196,6,1,73,4.68,0.823593075,32.5,0.801436623,,0,125,0.869287397,6.93,0.771229993,4.22,0.772376674,4.037923763
Robbie Rouse,2013,RB,Fresno State,190,5,6,66,4.8,0.703778357,34,0.734824023,15,0.535478363,114,0.694827225,6.97,0.679832714,4.25,0.681748567,4.030489249
Aaron Hester,2013,CB,UCLA,198,6,2,74,4.62,0.854347479,29,0.732321526,,0,112,0.797607762,7.26,0.82738049,4.33,0.811563625,4.023220882
Zach Line,2013,FB,SMU,232,6,1,73,4.77,0.956471588,30.5,0.890261467,26,1.253537483,111,0.913709757,,0,,0,4.013980296
Kenny Stills,2013,WR,Oklahoma,194,6,1,73,4.38,0.871023932,33.5,0.817666659,16,0.645056424,124,0.853533781,,0,4.35,0.788046082,3.975326877
Damontre Moore,2013,DE,Texas A&M,250,6,4,76,4.95,1.034017788,35.5,1.162488984,12,0.649064683,122,1.126647015,,0,,0,3.97221847
Sean Porter,2013,OLB,Texas A&M,229,6,1,73,4.75,0.948078593,35,1.008401026,22,1.046969801,119,0.966895954,,0,,0,3.970345374
Duke Williams,2013,S,Nevada,203,5,11,71,4.48,0.866674424,37.5,0.931520778,13,0.533397371,126,0.882672042,,0,4,0.737483223,3.951747838
Desmond Trufant,2013,CB,Washington,190,6,1,73,4.38,0.853064675,37.5,0.896426364,16,0.631756291,125,0.842676559,,0,3.85,0.683085329,3.907009218
Cobi Hamilton,2013,WR,Arkansas,212,6,2,74,4.56,0.926792149,29.5,0.797620833,11,0.491262255,107,0.815879079,,0,4.31,0.864933301,3.896487617
Tyrann Mathieu,2013,CB,LSU,186,5,9,69,4.5,0.768296985,34,0.752051954,4,0.146142038,117,0.729831049,6.87,0.685789003,4.14,0.679673196,3.761784226
Justin Hunter,2013,WR,Tennessee,196,6,4,76,4.44,0.90378744,39.5,1.014083348,,0,136,0.984652552,,0,4.33,0.825078608,3.727601948
Matthew Tucker,2013,RB,TCU,221,6,1,73,4.55,0.955175876,35.5,0.987075515,17,0.780759337,118,0.925276602,,0,,0,3.64828733
Earl Wolff,2013,S,North Carolina State,209,5,11,71,4.44,0.900329069,39,0.997415548,,0,134,0.966459973,,0,4.07,0.77256817,3.636772761
Nickell Robey,2013,CB,USC,169,5,7,67,4.53,0.673353177,37.5,0.731812237,10,0.322340325,127,0.698939632,6.74,0.593598984,4.09,0.592410275,3.612454629
George Winn,2013,RB,Cincinnati,218,5,10,70,4.75,0.86544711,34.5,0.907361861,22,0.955719278,119,0.882624409,,0,,0,3.611152658
John Jenkins,2013,DT,Georgia,346,6,4,76,5.21,1.359663928,,0,30,2.245763802,,0,,0,,0,3.60542773
Xavier Rhodes,2013,CB,Florida State,210,6,1,73,4.43,0.932219185,40.5,1.070049997,14,0.610974834,132,0.983536598,,0,,0,3.596780615
Alan Bonner,2013,WR,Jacksonville State,193,5,10,70,4.59,0.792907036,33,0.768380228,14,0.538439009,117,0.76827314,,0,4.15,0.717201539,3.585200952
Luke Marquardt,2013,OT,Azusa Pacific,315,6,8,80,5.34,1.2712732,,0,31,2.223900571,,0,,0,,0,3.495173771
Ace Sanders,2013,WR,South Carolina,173,5,7,67,4.58,0.681765524,32,0.639260362,7,0.230978777,117,0.659145371,6.81,0.613959555,4.37,0.647947935,3.473057524
Cierre Wood,2013,RB,Notre Dame,213,5,11,71,4.56,0.893413925,37.5,0.977408501,16,0.688828435,124,0.911452575,,0,,0,3.471103436
Zach Allen,2013,OG,North Carolina State,332,6,2,74,5.43,1.218848092,,0,32,2.238066123,,0,,0,,0,3.456914215
Luke Ingram,2013,LS,Hawaii,258,6,5,77,5.05,1.059738375,,0,24,1.357296735,106,1.023506807,,0,,0,3.440541917
Jesse Williams,2013,DT,Alabama,323,6,3,75,4.94,1.321041451,,0,30,2.068893676,,0,,0,,0,3.389935127
David Amerson,2013,CB,North Carolina State,205,6,1,73,4.44,0.907973888,35.5,0.915613034,15,0.639029801,127,0.923750914,,0,,0,3.386367637
Matt Elam,2013,S,Florida,208,5,10,70,4.43,0.885395391,35.5,0.890833664,17,0.704633729,118,0.835060269,,0,,0,3.315923053
Miguel Maysonet,2013,RB,Stony Brook,209,5,9,69,4.54,0.855695271,,0,20,0.821066824,,0,7.21,0.808727827,4.43,0.817216018,3.302705939
Phillip Thomas,2013,S,Fresno State,208,6,1,73,4.65,0.879655961,35,0.91592757,14,0.605156026,122,0.900368857,,0,,0,3.301108414
Etienne Sabino,2013,OLB,Ohio State,247,6,2,74,4.75,1.036608275,,0,24,1.24880045,114,1.012763319,,0,,0,3.298172043
Chris Faulk,2013,OT,LSU,331,6,5,77,5.08,1.351557773,,0,25,1.813893812,,0,,0,,0,3.165451586
Tavon Austin,2013,WR,West Virginia,174,5,8,68,4.34,0.734425994,32,0.652551859,14,0.471562573,120,0.69010289,,0,4.01,0.60693237,3.155575685
Kevin Reddick,2013,ILB,North Carolina,243,6,1,73,4.72,1.01243405,,0,23,1.161475629,113,0.974276026,,0,,0,3.148185705
Gerald Hodges,2013,OLB,Penn State,243,6,1,73,4.78,0.999725673,,0,22,1.110976688,119,1.026007497,,0,,0,3.136709858
Corey Fuller,2013,WR,Virginia Tech,204,6,2,74,4.43,0.917989617,31.5,0.819557319,12,0.515698971,120,0.880476101,,0,,0,3.133722007
A.J. Klein,2013,ILB,Iowa State,250,6,1,73,4.66,1.055009961,,0,20,1.039072847,113,1.002341591,,0,,0,3.096424399
Tharold Simon,2013,CB,LSU,202,6,2,74,4.51,0.892865732,34,0.875928986,9,0.382982324,128,0.929966914,,0,,0,3.081743957
Alvin Bailey,2013,OG,Arkansas,312,6,3,75,4.95,1.273474539,,0,27,1.798592397,,0,,0,,0,3.072066936
Terry Hawthorne,2013,CB,Illinois,195,6,1,73,4.44,0.863682479,35.5,0.870948984,13,0.526809934,116,0.802582895,,0,,0,3.064024291
Kayvon Webster,2013,CB,South Florida,195,5,10,70,4.41,0.833822615,35,0.823393791,14,0.544018688,125,0.829310384,,0,,0,3.030545478
Cordarrelle Patterson,2013,WR,Tennessee,216,6,2,74,4.42,0.974188076,37,1.019281372,,0,128,0.994420067,,0,,0,2.987889514
Darius Johnson,2013,WR,SMU,179,5,9,69,4.6,0.723309048,32,0.681175458,6,0.210963103,109,0.654339381,,0,4.53,0.715711657,2.985498646
Dylan Breeding,2013,P,Arkansas,213,6,1,73,4.74,0.883697711,29,0.777154478,11,0.486909536,110,0.831322601,,0,,0,2.979084325
Jawan Jamison,2013,RB,Rutgers,203,5,7,67,4.68,0.78289694,29,0.679791501,20,0.774379715,110,0.727173368,,0,,0,2.964241523
Rod Sweeting,2013,CB,Georgia Tech,189,5,11,71,4.42,0.817857219,37,0.85571426,11,0.4202096,124,0.808753693,,0,,0,2.902534772
D.J. Fluker,2013,OT,Alabama,339,6,5,77,5.31,1.324266858,,0,21,1.560496683,,0,,0,,0,2.884763541
Geno Smith,2013,QB,West Virginia,218,6,2,74,4.58,0.948860446,33.5,0.93140789,,0,124,0.972264295,,0,,0,2.852532632
Dax Swanson,2013,CB,SMU,186,5,10,70,4.56,0.769176044,33,0.740511515,15,0.555975143,122,0.772049692,,0,,0,2.837712393
Tank Carradine,2013,DE,Florida State,276,6,4,76,4.9,1.153204165,,0,28,1.671990623,,0,,0,,0,2.825194788
Nick Moody,2013,OLB,Florida State,236,6,1,73,4.71,0.985356904,,0,17,0.833752053,118,0.988078181,,0,,0,2.807187138
Robert Lester,2013,S,Alabama,220,6,1,73,4.66,0.928408766,33.5,0.92725085,,0,117,0.913283984,,0,,0,2.768943599
P.J. Lonergan,2013,C,LSU,304,6,3,75,5.38,1.141647893,,0,25,1.622661707,,0,,0,,0,2.764309599
Stansly Maponga,2013,DE,TCU,256,6,2,74,4.78,1.067636459,,0,30,1.617879125,,0,,0,,0,2.685515584
Joseph Randle,2013,RB,Oklahoma State,204,6,1,73,4.63,0.866466237,35,0.898313578,,0,123,0.890292219,,0,,0,2.655072034
Dustin Hopkins,2013,K,Florida State,193,6,2,74,4.74,0.811690186,33.5,0.824595058,,0,116,0.8052328,,0,,0,2.441518044
Michael Mauti,2013,OLB,Penn State,243,6,2,74,4.83,1.00292965,,0,28,1.433339787,,0,,0,,0,2.436269437
Andre Ellington,2013,RB,Clemson,199,5,9,69,4.61,0.802381394,34,0.804614725,,0,122,0.814210009,,0,,0,2.421206128
Chance Warmack,2013,OG,Alabama,317,6,2,74,5.49,1.151060751,,0,,0,110,1.254174903,,0,,0,2.405235654
Theo Riddick,2013,RB,Notre Dame,201,5,10,70,4.68,0.809893386,32,0.775980786,,0,118,0.806957279,,0,,0,2.392831451
Jelani Jenkins,2013,ILB,Florida,243,6,1,73,4.65,1.027674993,,0,27,1.36347139,,0,,0,,0,2.391146383
Alex Okafor,2013,DE,Texas,264,6,4,76,4.78,1.130756858,,0,21,1.199471534,,0,,0,,0,2.330228392
Braden Wilson,2013,FB,Kansas State,251,6,3,75,4.81,1.054312891,,0,22,1.178991835,,0,,0,,0,2.233304725
Joseph Fauria,2013,TE,UCLA,259,6,7,79,4.82,1.143561235,,0,17,0.990213649,,0,,0,,0,2.133774885
Onterio McCalebb,2013,RB,Auburn,168,5,10,70,4.34,0.72995687,34,0.689117265,,0,121,0.691619343,,0,,0,2.110693478
Marquise Goodwin,2013,WR,Texas,183,5,9,69,4.27,0.796621298,,0,13,0.467300951,132,0.810118501,,0,,0,2.07404075
Arthur Brown,2013,OLB,Kansas State,241,6,1,73,4.62,1.025835053,,0,,0,116,0.991910142,,0,,0,2.017745195
Khaled Holmes,2013,C,USC,302,6,3,75,5.29,1.153432389,,0,13,0.838232876,,0,,0,,0,1.991665265
Jonathan Cyprien,2013,S,Florida International,217,6,1,73,4.64,0.919695839,38.5,1.051114956,,0,,0,,0,,0,1.970810795
Brandon Jenkins,2013,DE,Florida State,251,6,2,74,5.07,0.986908955,,0,18,0.951767954,,0,,0,,0,1.938676909
John Boyett,2013,S,Oregon,204,5,10,70,4.64,0.829067393,,0,27,1.09760254,,0,,0,,0,1.926669933
Brian Winters,2013,OG,Kent State,320,6,4,76,5.22,1.25508366,,0,9,0.623102095,,0,,0,,0,1.878185756
Jordan Reed,2013,TE,Florida,236,6,2,74,4.72,0.996738726,,0,16,0.795457236,,0,,0,,0,1.792195962
Brandon Magee,2013,OLB,Arizona State,223,5,11,71,4.74,0.899838308,,0,,0,114,0.877288632,,0,,0,1.77712694
Bacarri Rambo,2013,S,Georgia,211,6,1,73,4.56,0.909955346,,0,17,0.745430861,,0,,0,,0,1.655386206
Josh Hubner,2013,P,Arizona State,232,6,4,76,5.06,0.938708323,,0,13,0.652526361,,0,,0,,0,1.591234684
Chris Thompson,2013,RB,Florida State,192,5,7,67,4.42,0.784031244,,0,21,0.769039165,,0,,0,,0,1.553070409
Tony Jefferson,2013,S,Oklahoma,213,5,11,71,4.75,0.857677368,,0,16,0.688828435,,0,,0,,0,1.546505803
Johnny Adams,2013,CB,Michigan State,185,5,10,70,4.48,0.77870213,,0,16,0.589851764,,0,,0,,0,1.368553894
Xavier Nixon,2013,OT,Florida,321,6,6,78,5.23,1.289666902,,0,,0,,0,,0,,0,1.289666902
Brennan Williams,2013,OT,North Carolina,318,6,6,78,5.27,1.267916681,,0,,0,,0,,0,,0,1.267916681
Stacy McGee,2013,DT,Oklahoma,308,6,3,75,4.98,1.249574762,,0,,0,,0,,0,,0,1.249574762
Dallas Thomas,2013,OT,Tennessee,306,6,5,77,5.08,1.24947637,,0,,0,,0,,0,,0,1.24947637
D.C. Jefferson,2013,TE,Rutgers,255,6,6,78,4.97,1.078097409,,0,3,0.16986706,,0,,0,,0,1.247964469
Quinton Dial,2013,DT,Alabama,318,6,5,77,5.29,1.24692916,,0,,0,,0,,0,,0,1.24692916
Kapron Lewis-Moore,2013,DT,Notre Dame,298,6,4,76,4.95,1.232549204,,0,,0,,0,,0,,0,1.232549204
Star Lotulelei,2013,DT,Utah,311,6,2,74,5.14,1.206170209,,0,,0,,0,,0,,0,1.206170209
Kawann Short,2013,DT,Purdue,299,6,3,75,5.08,1.189182056,,0,,0,,0,,0,,0,1.189182056
Barrett Jones,2013,C,Alabama,306,6,4,76,5.43,1.153758191,,0,,0,,0,,0,,0,1.153758191
Greg Reid,2013,CB,Florida State,190,5,8,68,4.46,0.780382035,,0,10,0.36780332,,0,,0,,0,1.148185355
Travis Kelce,2013,TE,Cincinnati,255,6,5,77,4.63,1.142429799,,0,,0,,0,,0,,0,1.142429799
Damion Square,2013,DE,Alabama,293,6,2,74,5.23,1.116804767,,0,,0,,0,,0,,0,1.116804767
Quanterus Smith,2013,DE,Western Kentucky,250,6,5,77,4.74,1.094036975,,0,,0,,0,,0,,0,1.094036975
John Simon,2013,OLB,Ohio State,257,6,1,73,4.62,1.093940285,,0,,0,,0,,0,,0,1.093940285
Walter Stewart,2013,DE,Cincinnati,246,6,4,76,4.69,1.073879284,,0,,0,,0,,0,,0,1.073879284
Lerentee McCray,2013,OLB,Florida,250,6,2,74,4.74,1.051412158,,0,,0,,0,,0,,0,1.051412158
Nico Johnson,2013,ILB,Alabama,248,6,2,74,4.73,1.045205937,,0,,0,,0,,0,,0,1.045205937
Jarvis Jones,2013,OLB,Georgia,245,6,2,74,4.74,1.030383915,,0,,0,,0,,0,,0,1.030383915
Ryan Otten,2013,TE,San Jose State,230,6,5,77,4.69,1.017244444,,0,,0,,0,,0,,0,1.017244444
Kiko Alonso,2013,ILB,Oregon,238,6,3,75,4.74,1.01447065,,0,,0,,0,,0,,0,1.01447065
Jake Knott,2013,OLB,Iowa State,243,6,2,74,4.84,1.000857481,,0,,0,,0,,0,,0,1.000857481
Eddie Lacy,2013,RB,Alabama,231,5,11,71,4.55,0.971043174,,0,,0,,0,,0,,0,0.971043174
Aaron Dobson,2013,WR,Marshall,210,6,3,75,4.37,0.970909452,,0,,0,,0,,0,,0,0.970909452
Zac Dysert,2013,QB,Miami (OH),231,6,3,75,4.81,0.970303895,,0,,0,,0,,0,,0,0.970303895
Mike Taylor,2013,OLB,Wisconsin,234,6,1,73,4.75,0.968778999,,0,,0,,0,,0,,0,0.968778999
Marlon Brown,2013,WR,Georgia,213,6,4,76,4.63,0.94187184,,0,,0,,0,,0,,0,0.94187184
Spencer Ware,2013,RB,LSU,228,5,10,70,4.62,0.930616009,,0,,0,,0,,0,,0,0.930616009
Sean Renfree,2013,QB,Duke,219,6,3,75,4.76,0.929561298,,0,,0,,0,,0,,0,0.929561298
Matt Barkley,2013,QB,USC,227,6,2,74,4.91,0.921628068,,0,,0,,0,,0,,0,0.921628068
Marcus Lattimore,2013,RB,South Carolina,221,5,11,71,4.65,0.909028035,,0,,0,,0,,0,,0,0.909028035
Ryan Allen,2013,P,Louisiana Tech,229,6,1,73,4.98,0.904291831,,0,,0,,0,,0,,0,0.904291831
Keenan Allen,2013,WR,California,206,6,2,74,4.58,0.896629596,,0,,0,,0,,0,,0,0.896629596
Alex Dunnachie,2013,P,Hawaii,217,6,3,75,4.97,0.882153612,,0,,0,,0,,0,,0,0.882153612
Bobby Cowan,2013,P,Idaho,219,6,4,76,5.13,0.874017141,,0,,0,,0,,0,,0,0.874017141
Jeff Locke,2013,P,UCLA,209,6,1,73,4.82,0.852710707,,0,,0,,0,,0,,0,0.852710707
Scott Kovanda,2013,P,Ball State,207,6,2,74,4.84,0.852582299,,0,,0,,0,,0,,0,0.852582299
Brad Wing,2013,P,LSU,205,6,2,74,4.86,0.840870119,,0,,0,,0,,0,,0,0.840870119
Jamoris Slaughter,2013,S,Notre Dame,195,6,1,73,4.57,0.839113831,,0,,0,,0,,0,,0,0.839113831
D.J. Hayden,2013,CB,Houston,191,5,11,71,4.4,0.830268665,,0,,0,,0,,0,,0,0.830268665
Quinn Sharp,2013,P,Oklahoma State,189,6,1,73,4.86,0.764764998,,0,,0,,0,,0,,0,0.764764998
Brett Maher,2013,K,Nebraska,186,6,1,73,4.89,0.748008535,,0,,0,,0,,0,,0,0.748008535
Caleb Sturgis,2013,K,Florida,188,5,10,70,4.77,0.743219538,,0,,0,,0,,0,,0,0.743219538
Anthony Cantele,2013,K,Kansas State,180,5,10,70,4.76,0.713088119,,0,,0,,0,,0,,0,0.713088119